mae_mean	mae_single
5.325967572297069	5.424103169391962
