mae_mean	mae_single
5.4101027641236845	6.13128591524594
