mae_mean	mae_single
5.5000431556893	5.492698842110087
