mae_mean	mae_single
5.392536065064095	5.1947390129664655
