mae_mean	mae_single
4.2065355501220525	4.171942260759671
