mae_mean	mae_single
5.509605106960923	5.527982102261126
