mae_mean	mae_single
4.684061962126627	4.660202937366022
