mae_mean	mae_single
5.182829117821745	5.093872326105121
