mae_mean	mae_single
4.880365515575624	4.880365515575624
