mae_mean	mae_single
5.595138002573012	5.791104034023942
