mae_mean	mae_single
5.570768549177539	5.6205523005192655
