mae_mean	mae_single
5.8468819711123645	5.8520727137768
