mae_mean	mae_single
5.685056789396851	5.688384775483402
