mae_mean	mae_single
5.748319659212512	5.754959530116488
