mae_mean	mae_single
5.261393753209402	5.277614623325372
