mae_mean	mae_single
5.110827942544513	5.140348961670474
