mae_mean	mae_single
5.93987218980174	5.928058219783842
