mae_mean	mae_single
5.05104034970148	5.222536226716724
