mae_mean	mae_single
5.586196132771065	5.554858540810196
