mae_mean	mae_single
4.550430892829411	4.61674001474598
