mae_mean	mae_single
4.176978190017031	4.1630375129413615
