mae_mean	mae_single
4.9797022692966415	5.165300183953951
