mae_mean	mae_single
5.949452086508945	5.954611363630622
