mae_mean	mae_single
5.471451444719426	5.4446455010796315
