mae_mean	mae_single
5.781259130193925	5.871380463519731
