mae_mean	mae_single
4.982628244587624	4.986697519797299
