mae_mean	mae_single
5.02670213528921	5.126939288555208
