mae_mean	mae_single
4.943809848660305	4.965633367519004
