mae_mean	mae_single
5.553489345790506	5.5524085209578065
