mae_mean	mae_single
5.534190662876805	5.579101297869364
