mae_mean	mae_single
4.616462878646606	4.769216560423215
