mae_mean	mae_single
4.204011750267348	4.267368684115039
