mae_mean	mae_single
4.740962986617157	4.910669054287974
