mae_mean	mae_single
5.461583458046831	5.4722991730277375
