mae_mean	mae_single
4.413573669580139	4.46601231467242
