mae_mean	mae_single
4.620852855394027	4.543885241392968
