mae_mean	mae_single
5.498766627812946	5.379827537983119
