mae_mean	mae_single
4.823339584825843	4.787637329988701
