mae_mean	mae_single
5.3287041757687605	5.3905721801260436
