mae_mean	mae_single
5.11921653184318	5.070923872807919
