mae_mean	mae_single
5.8295277572918085	5.789932497659906
