mae_mean	mae_single
5.951458983265893	5.958319626535231
