mae_mean	mae_single
5.225643731464122	5.089748393389309
