mae_mean	mae_single
4.982401895349366	4.938215636158816
