mae_mean	mae_single
4.195235652267549	4.292934951017533
