mae_mean	mae_single
4.992487714227884	4.976587208445406
