mae_mean	mae_single
6.0705535140466385	6.074835738455462
