mae_mean	mae_single
5.320800944040721	5.308506263715421
