mae_mean	mae_single
5.277254671078618	5.4402734099582934
