mae_mean	mae_single
5.629752617247603	5.619366967805772
