mae_mean	mae_single
4.776362187539377	4.775197752096419
