mae_mean	mae_single
5.848093483532639	6.383730834363131
