mae_mean	mae_single
5.65450028603123	5.656833251148298
