mae_mean	mae_single
6.2135386196859566	6.20826112766639
