mae_mean	mae_single
5.380012128058566	5.121691714369503
