mae_mean	mae_single
5.773397439618914	5.987513390319201
