mae_mean	mae_single
5.383092939495341	5.303524136108603
