mae_mean	mae_single
5.43890078815734	5.445754125222152
