mae_mean	mae_single
4.752873899558589	4.752873899558589
