mae_mean	mae_single
4.904100088721534	4.943367670075857
