mae_mean	mae_single
5.5560113970051255	5.523778488716695
