mae_mean	mae_single
4.850343146554872	4.915036479556372
