mae_mean	mae_single
5.347840697018855	5.3538273163612295
