mae_mean	mae_single
5.533145364012443	5.425152352467066
