mae_mean	mae_single
4.685189172030858	4.897473846997604
