{"alpha_mean": 0.016323000728189953, "alpha_single": 0.1, "mae_mean": 5.017346097173544, "mae_single": 3.515286895186413}