mae_mean	mae_single
5.04492114544415	4.897489507434508
