mae_mean	mae_single
5.805346624630338	5.5497934294588465
