mae_mean	mae_single
5.17963784343038	5.196793090973471
