mae_mean	mae_single
5.657867833203512	5.83060618427403
