mae_mean	mae_single
4.896897978918105	4.9886505014245275
