mae_mean	mae_single
5.146065133337932	5.062804772981698
