mae_mean	mae_single
5.945974866861412	5.9152049405760465
