mae_mean	mae_single
5.939522668215556	5.947608338656249
