mae_mean	mae_single
5.093465766776891	5.13703818960211
