mae_mean	mae_single
4.94547952377425	5.006684076381921
