mae_mean	mae_single
5.128240628303429	5.267791791584896
