mae_mean	mae_single
6.125991034899513	6.126033918495525
