mae_mean	mae_single
4.412457102312114	4.468697344460871
