mae_mean	mae_single
5.820119758015244	5.832746985705946
