mae_mean	mae_single
5.266962447081779	5.294892495820227
