mae_mean	mae_single
5.568601195934914	5.564373119680361
