mae_mean	mae_single
5.076049151328578	5.061058236147003
