mae_mean	mae_single
6.072003597854205	6.163083522333933
