mae_mean	mae_single
5.3733656694225935	5.298700829385612
