mae_mean	mae_single
4.931062234027812	4.914648148539822
