mae_mean	mae_single
5.887165876222759	5.82927000161969
