mae_mean	mae_single
5.292566870910061	5.3306567055819025
