mae_mean	mae_single
4.861642521499514	4.791020590580009
