mae_mean	mae_single
5.521660513812121	5.532267800242291
