mae_mean	mae_single
5.793348361806627	5.811736309822125
