mae_mean	mae_single
5.216911052306322	5.251765157506154
