mae_mean	mae_single
4.9747975348298	4.982588614776478
