mae_mean	mae_single
5.059796994573045	4.844770927826982
