mae_mean	mae_single
5.542478039666494	5.544666239369138
