mae_mean	mae_single
4.685830799599327	4.679049876216757
