mae_mean	mae_single
4.063082627847519	4.050653899318836
