mae_mean	mae_single
5.552795859610415	5.490579920335933
