mae_mean	mae_single
5.366716609378593	5.394674686224749
