mae_mean	mae_single
5.724531392175587	6.187135558483815
