mae_mean	mae_single
5.599640486488978	5.641434831710822
