mae_mean	mae_single
6.229601622282974	6.220944214594861
