mae_mean	mae_single
5.040840036771668	5.038764645211254
