mae_mean	mae_single
5.47632682598551	5.538219880926411
