mae_mean	mae_single
4.8884819011508975	5.0477902115315025
