mae_mean	mae_single
5.5071482256903135	5.508256128162082
