mae_mean	mae_single
4.480362958542181	4.478765686745794
