mae_mean	mae_single
5.269294196147861	5.18838246304658
