mae_mean	mae_single
5.153882492129289	5.171720497576305
