mae_mean	mae_single
5.947113731696192	5.91910658895146
