mae_mean	mae_single
4.88437749604962	4.9371398534132185
