mae_mean	mae_single
5.7188045224092665	5.695374558801494
