mae_mean	mae_single
4.933995564130424	4.935687537775409
