mae_mean	mae_single
5.4123775189214225	5.3138296924085076
