mae_mean	mae_single
5.27262268746947	5.27262268746947
