mae_mean	mae_single
4.373697251657461	4.83098548027323
