mae_mean	mae_single
5.0064131216576335	4.999913025986551
