mae_mean	mae_single
5.0838742283805	5.0838742283805
