mae_mean	mae_single
4.932008419586676	5.075443550246042
