mae_mean	mae_single
6.0901685495399285	6.032531119403451
