mae_mean	mae_single
4.915473960312025	4.927844186751511
