mae_mean	mae_single
4.558084257802783	4.573181979293608
