mae_mean	mae_single
5.142113571532005	5.142113571532005
