mae_mean	mae_single
4.4786059774377085	4.501833799786772
