mae_mean	mae_single
4.968159205165968	5.185436016071042
