mae_mean	mae_single
5.265834184698602	5.212415355803401
