mae_mean	mae_single
5.124152798073868	5.123309212668895
