mae_mean	mae_single
4.7782690999954625	4.624154930587557
