mae_mean	mae_single
5.278533729006076	5.2676542098034815
