mae_mean	mae_single
5.638821959528857	5.68459358949195
