mae_mean	mae_single
6.096623674415057	6.004207987942673
