mae_mean	mae_single
4.11458124285451	4.188269132110551
