mae_mean	mae_single
4.875667474912627	4.6549776999512265
