mae_mean	mae_single
5.053547419199291	5.381237843899467
