mae_mean	mae_single
4.88237137964362	4.839790378861772
