mae_mean	mae_single
4.905681748151936	4.993454290858859
