mae_mean	mae_single
5.015434769456828	4.991245889328546
