mae_mean	mae_single
4.994666310729871	4.818549004497903
