mae_mean	mae_single
4.509371925950537	4.748777833376012
