mae_mean	mae_single
5.544584199481588	5.989807356505506
