mae_mean	mae_single
5.7489450627772065	5.731132188199985
