mae_mean	mae_single
5.504915093331343	5.543409459634654
