mae_mean	mae_single
5.135081937066881	5.53137039385114
