mae_mean	mae_single
5.769631361098229	5.77082613361703
