mae_mean	mae_single
4.830574692561621	4.838049801067881
