mae_mean	mae_single
4.393520778154278	4.425629761037638
