mae_mean	mae_single
4.43798463279522	4.448932032466265
