mae_mean	mae_single
5.637892936210238	5.622111615493422
