mae_mean	mae_single
5.087177903950507	5.1021752874093265
