mae_mean	mae_single
4.987301953340684	5.025175450811278
