mae_mean	mae_single
5.786092039705109	5.668985521075656
