mae_mean	mae_single
5.7646489138969015	5.774706830841005
