mae_mean	mae_single
4.848759212063359	4.930576964772988
