mae_mean	mae_single
5.339520729692711	5.3376985614611865
