mae_mean	mae_single
4.804840495620756	4.677445608272666
