mae_mean	mae_single
5.42558236120042	5.403447333144455
