mae_mean	mae_single
5.4903146717305225	5.597286630456416
