mae_mean	mae_single
5.703603525708139	5.736310569335578
