mae_mean	mae_single
4.737765697696049	4.659020318143825
