mae_mean	mae_single
4.923997117474243	4.85544696383474
