mae_mean	mae_single
5.707010250918125	6.02826382963125
