mae_mean	mae_single
6.281384685550099	6.217239502459838
