mae_mean	mae_single
5.818486652990484	5.843196871661946
