mae_mean	mae_single
5.209613848942148	5.218211895659798
