mae_mean	mae_single
5.261522903556251	5.27336272226569
