mae_mean	mae_single
5.25318839156875	5.26737480661222
