mae_mean	mae_single
5.210091086568909	5.289867000665026
