mae_mean	mae_single
4.6893198868427355	4.761155735879395
