mae_mean	mae_single
4.780990447369655	4.779599220678005
