mae_mean	mae_single
4.979318705721554	4.979367564367987
