mae_mean	mae_single
5.043998691019684	5.0898672583169144
