mae_mean	mae_single
5.68161975570868	5.723086348555832
