mae_mean	mae_single
5.018312742706007	5.01721298249815
