mae_mean	mae_single
5.0752728375462866	5.123211778983994
