mae_mean	mae_single
5.0177171077750415	4.883525468792347
