mae_mean	mae_single
4.563157069040724	4.563157069040724
