mae_mean	mae_single
5.173361673983783	5.184005617327363
