mae_mean	mae_single
3.911238519045532	4.008787359325014
