mae_mean	mae_single
5.214801912806264	5.188974453846524
