mae_mean	mae_single
5.38117872746156	5.400785812392059
