mae_mean	mae_single
5.3463303472975365	5.347600237697369
