mae_mean	mae_single
4.486859493170473	4.635304480623702
