mae_mean	mae_single
4.162297401065353	4.0294807997676365
