mae_mean	mae_single
5.70601857393374	5.724304939169835
