mae_mean	mae_single
5.380349283709281	5.235081736695409
