mae_mean	mae_single
5.601611667426259	5.654216960937231
