mae_mean	mae_single
5.4558504298761115	5.543347973290294
