mae_mean	mae_single
5.208833040491893	5.212266047087503
