mae_mean	mae_single
4.636625859854468	4.627907282315099
