mae_mean	mae_single
5.391134485834572	5.471523086862265
