mae_mean	mae_single
5.404983986724098	5.393973018208461
