mae_mean	mae_single
4.82599126987199	4.845091005653473
