mae_mean	mae_single
5.4948106517843796	5.482052998312483
