mae_mean	mae_single
5.192754548447321	5.356420479704033
