mae_mean	mae_single
4.9601035831748685	5.222585945182582
