mae_mean	mae_single
4.851084407524783	4.765707794341248
