mae_mean	mae_single
5.333899249558042	5.3696476193639935
