mae_mean	mae_single
5.4393123863460335	5.456768608886309
