mae_mean	mae_single
5.12484140094282	5.232871496636491
