mae_mean	mae_single
5.229915658170067	5.333895176738643
