mae_mean	mae_single
4.52436883297293	4.55009417626419
