mae_mean	mae_single
4.834144663144503	4.831018718246214
