mae_mean	mae_single
5.4544718042107005	5.581888283061855
