mae_mean	mae_single
4.8842172036654725	5.131247855249836
