mae_mean	mae_single
5.481370710145731	5.492306630207334
