mae_mean	mae_single
5.3442116254516865	5.380804788850931
