mae_mean	mae_single
4.8276641374315385	4.8276641374315385
