mae_mean	mae_single
5.82783670089069	5.738851908901665
