mae_mean	mae_single
5.206543233273086	5.218862760384026
