mae_mean	mae_single
4.858478926438742	4.856217937788561
