mae_mean	mae_single
4.67738643363834	4.901449513377002
