mae_mean	mae_single
4.842224144070904	4.744372483747144
