mae_mean	mae_single
5.922864333871819	6.012554738286661
