mae_mean	mae_single
5.204251107728407	5.2752678665715935
