mae_mean	mae_single
4.998208947278923	5.002964948498534
