mae_mean	mae_single
5.425898176834807	5.470940221649925
