mae_mean	mae_single
4.593808949628739	4.7769790798026
