mae_mean	mae_single
5.317854449589049	5.317854449589049
