mae_mean	mae_single
5.57391263562747	5.57391263562747
