mae_mean	mae_single
5.319093962674509	5.444973096129783
