mae_mean	mae_single
5.139060180824773	4.9325641119668795
