mae_mean	mae_single
5.39051071931043	5.406599158487831
