mae_mean	mae_single
4.028798545288203	4.092487795446259
