mae_mean	mae_single
5.683765337705742	5.665379461519099
