mae_mean	mae_single
4.331492435089305	4.387613407296669
