mae_mean	mae_single
5.694781581825349	5.697444403082287
