mae_mean	mae_single
5.464799480775999	5.362243233494294
