mae_mean	mae_single
5.071033421242639	5.0117856148161355
