mae_mean	mae_single
5.322533952981915	5.313222157820121
