mae_mean	mae_single
5.635842687018103	5.636159502404698
