mae_mean	mae_single
5.477392260402075	5.469216250351081
