mae_mean	mae_single
5.546073956587128	5.568429417296228
