mae_mean	mae_single
5.178510796009752	5.1885043330936895
