mae_mean	mae_single
4.857725060023095	5.019210375404846
