mae_mean	mae_single
5.473846028708134	5.474048539794499
