mae_mean	mae_single
4.418705697547737	4.607908164963101
