mae_mean	mae_single
5.3052799029164674	5.320869993442205
