mae_mean	mae_single
4.096582550509103	4.123662830843311
