mae_mean	mae_single
4.337737340419986	4.470397595772764
