mae_mean	mae_single
5.562560889894368	5.027322804720035
