mae_mean	mae_single
5.115248732043594	5.001222910767307
