mae_mean	mae_single
5.474004936632345	5.477454054002935
