mae_mean	mae_single
5.493071014565795	5.440766118965448
