mae_mean	mae_single
5.354832999893534	5.630751982785897
