mae_mean	mae_single
5.098435188441872	5.0888225663573765
