mae_mean	mae_single
5.770539651334544	5.796184319402014
