mae_mean	mae_single
5.635972522698132	5.6334533490207965
