mae_mean	mae_single
5.948031168459524	5.9437677726575355
