mae_mean	mae_single
5.363154766922301	5.359793508185428
