mae_mean	mae_single
5.875364048094702	5.877361374683458
