mae_mean	mae_single
5.395123079728901	5.410278902704765
