mae_mean	mae_single
5.710972281336004	5.716776627436427
