mae_mean	mae_single
5.15118583438919	5.230682857289159
