mae_mean	mae_single
4.850533093876237	4.960304121625794
