mae_mean	mae_single
5.6846617665130275	5.688277068322729
