mae_mean	mae_single
4.744316521185312	4.753735521316048
