mae_mean	mae_single
5.044452073994781	5.205804599764736
