mae_mean	mae_single
5.239088660258195	5.274289944724485
