mae_mean	mae_single
4.929313173099527	4.963589482966544
