mae_mean	mae_single
5.538175644454502	5.512896313021303
