mae_mean	mae_single
5.6087777804692465	5.726379809101296
