mae_mean	mae_single
6.041216094109544	6.036643677033038
