mae_mean	mae_single
5.642553113984766	5.610614604148426
