mae_mean	mae_single
4.731149836065961	4.7200005272344026
