mae_mean	mae_single
4.598448739439599	4.854225116180921
