mae_mean	mae_single
5.804493789221171	5.855976505679789
