mae_mean	mae_single
5.203677110982557	5.260276194746798
