mae_mean	mae_single
5.0521840842319055	5.081169729978287
