mae_mean	mae_single
4.653344790128828	4.415678332285094
