mae_mean	mae_single
5.372360843046548	5.370355566978342
