mae_mean	mae_single
5.922313468703047	5.922131974071786
