mae_mean	mae_single
4.973589725969619	5.007169075722474
