mae_mean	mae_single
5.082338649012061	5.162351516765576
