mae_mean	mae_single
5.428525790472356	5.385917624978588
