mae_mean	mae_single
5.895806141789131	5.908152663432218
