mae_mean	mae_single
5.5867513570793665	5.72844130953167
