mae_mean	mae_single
5.529777965277227	5.477917166416652
