mae_mean	mae_single
5.514322704861101	5.643734128830201
