mae_mean	mae_single
5.446516096074064	5.419571287395238
