mae_mean	mae_single
5.342420107503129	5.308267406324876
