mae_mean	mae_single
5.212776776787753	5.21470772988865
