mae_mean	mae_single
5.886012869073781	5.891201506571429
