mae_mean	mae_single
4.802202813540142	4.81267324793474
