mae_mean	mae_single
5.419520408890138	5.419520408890138
