mae_mean	mae_single
5.173956164241151	5.134597656513497
