mae_mean	mae_single
4.608384004373464	4.608384004373464
