mae_mean	mae_single
5.250337945233611	5.2576384966225564
