mae_mean	mae_single
6.0505176986948985	6.050749591484346
