mae_mean	mae_single
6.379895565813152	6.450927674228608
