mae_mean	mae_single
5.500045021963966	5.449467679378403
