mae_mean	mae_single
5.269829772768674	5.238368172902959
