mae_mean	mae_single
4.935979282045756	4.935979282045756
