mae_mean	mae_single
5.184834911240736	4.9683652353056
