mae_mean	mae_single
5.322546772216659	5.331096214098449
