mae_mean	mae_single
5.300897616219103	5.334570896128784
