mae_mean	mae_single
5.550298832400716	5.473334100193759
