mae_mean	mae_single
6.025205017099623	6.005142571371806
