mae_mean	mae_single
4.638964645483742	4.638964645483742
