mae_mean	mae_single
6.0905001316886125	6.059492168790851
