mae_mean	mae_single
6.1084319179247775	6.084054705058108
