mae_mean	mae_single
5.289922551107886	5.296101311240457
