mae_mean	mae_single
5.129106844524642	5.12809148229403
