mae_mean	mae_single
4.7442852967030955	4.744732255909284
