mae_mean	mae_single
5.502244953413315	5.615040601056634
