mae_mean	mae_single
6.039305405641644	6.0403595932884535
