mae_mean	mae_single
5.152419786317022	5.203010351608003
