mae_mean	mae_single
5.830141383880088	5.8947529498101074
