mae_mean	mae_single
4.460381925922518	4.556626027868215
