mae_mean	mae_single
5.8809408764393645	5.866718530103375
