mae_mean	mae_single
4.922129258302484	4.924789377767815
