mae_mean	mae_single
5.433732368350179	5.3754776741869765
