mae_mean	mae_single
5.803780680106508	5.801726795374731
