mae_mean	mae_single
5.4380640304894445	5.524063956032975
