mae_mean	mae_single
5.673057421295499	5.662725205645237
