mae_mean	mae_single
5.467392507490277	5.577105771279393
