mae_mean	mae_single
4.830377198753573	4.7781896972990605
