mae_mean	mae_single
4.330475710565005	4.404612150470308
