mae_mean	mae_single
5.5666437012944145	5.644642213975704
