mae_mean	mae_single
5.376920142500865	5.367186902609661
