mae_mean	mae_single
4.828653098332532	4.83533744344674
