mae_mean	mae_single
5.5943952510055714	5.581035629691764
