mae_mean	mae_single
4.868471324919153	4.863630448235899
