mae_mean	mae_single
5.054021610909844	5.053016664098577
