mae_mean	mae_single
4.95353280929155	4.95353280929155
