mae_mean	mae_single
5.228052097354848	5.228052097354848
