mae_mean	mae_single
4.698275415620613	4.698275415620613
