mae_mean	mae_single
5.962553270818025	5.9635204855059865
