mae_mean	mae_single
5.268067463234834	5.311578938654714
