mae_mean	mae_single
4.819201271143415	4.861067002240398
