mae_mean	mae_single
4.562626277450176	4.583987645562282
