mae_mean	mae_single
5.376153046615154	5.3723902350699735
