mae_mean	mae_single
5.209215241783996	5.204442308343101
