mae_mean	mae_single
4.563039308330014	4.540123584407011
