mae_mean	mae_single
6.383362149312484	6.383362149312484
