mae_mean	mae_single
4.503176591664088	4.4236505857492325
