mae_mean	mae_single
5.521622345825952	5.556313090110969
