mae_mean	mae_single
5.0809499141141465	4.896227008902974
