mae_mean	mae_single
5.610707675739346	5.592961450343835
