mae_mean	mae_single
5.059076635641287	5.059076635641287
