mae_mean	mae_single
5.118301215818789	5.2186962270328054
