mae_mean	mae_single
4.5860536274844295	4.690252073076886
