mae_mean	mae_single
5.748831252942153	5.710243339800521
