mae_mean	mae_single
5.617669965887406	5.551665444364807
