mae_mean	mae_single
5.607138964467681	5.633887105549272
