mae_mean	mae_single
4.554775867002572	4.582188392299566
