mae_mean	mae_single
4.914159044632841	4.827855278982924
