mae_mean	mae_single
4.5433911852302575	4.563175403185508
