mae_mean	mae_single
4.308457501618412	4.314287052831384
