mae_mean	mae_single
6.242730367291665	6.243319762020238
