mae_mean	mae_single
5.343648046846601	5.515224205746811
