mae_mean	mae_single
5.40023311752593	5.37909660007198
