mae_mean	mae_single
4.092339356263406	4.484084551531427
