mae_mean	mae_single
4.632658207647096	4.641632799073241
