mae_mean	mae_single
4.952112966317577	4.959294089396855
