mae_mean	mae_single
4.920085977002526	4.882396993145562
