mae_mean	mae_single
4.405643134276759	4.524383139047639
