mae_mean	mae_single
5.291162105520137	5.2719304396037145
