mae_mean	mae_single
5.017267411255912	5.017267411255912
