mae_mean	mae_single
4.590810759403834	4.571699531264563
