mae_mean	mae_single
4.954689637100217	4.927024164323874
