mae_mean	mae_single
4.8549477830661525	4.8542960646059505
