mae_mean	mae_single
4.413976942116946	4.329998687927318
