mae_mean	mae_single
5.25109232041179	5.180462676065005
