mae_mean	mae_single
5.67912391391117	5.67912391391117
