mae_mean	mae_single
5.8657052486200705	5.795599725603332
