mae_mean	mae_single
5.299091859221538	5.288748321470425
