mae_mean	mae_single
5.427215433361513	5.5580925091804
