mae_mean	mae_single
4.655668354838011	4.634917069768843
