mae_mean	mae_single
5.551255886121914	5.627260758709551
