mae_mean	mae_single
6.023689822397283	6.033490833328676
