mae_mean	mae_single
4.848195247535932	5.002315755845486
