mae_mean	mae_single
5.361534020473591	5.422235633983636
