mae_mean	mae_single
5.035026057449224	5.494401387023181
