mae_mean	mae_single
4.215711210418485	4.1509951096073285
