mae_mean	mae_single
5.449496300288355	5.533813568225855
