mae_mean	mae_single
5.328217872413381	5.327448552957092
