mae_mean	mae_single
5.240704077517392	5.209279458010687
