mae_mean	mae_single
5.10953529053743	5.124967210102378
