mae_mean	mae_single
5.259533995519517	5.243732095973317
