mae_mean	mae_single
4.603778350547127	4.619341030613745
