mae_mean	mae_single
5.402735108645777	5.816199363779777
