mae_mean	mae_single
5.275949199116387	5.1203869964511215
