mae_mean	mae_single
5.058340422354035	5.094280084331882
