mae_mean	mae_single
5.281802252600545	5.414912303992884
