mae_mean	mae_single
4.366741137802879	4.3515382749464555
