mae_mean	mae_single
4.4479588539830806	4.48316897463073
