mae_mean	mae_single
5.779613912585185	5.7816816178471395
