mae_mean	mae_single
5.241743319866579	5.229212745076015
