mae_mean	mae_single
5.338359124110459	5.339911627942373
