mae_mean	mae_single
5.452744491866543	5.391029613907413
