mae_mean	mae_single
4.751358570901618	4.718110167558072
