mae_mean	mae_single
5.35242399730224	5.508046408697072
