mae_mean	mae_single
4.988812545155478	4.95971954074719
