mae_mean	mae_single
5.493617693548095	5.547722451506875
