mae_mean	mae_single
4.593306277648663	4.593306277648663
