mae_mean	mae_single
6.142904796264673	6.147294036976928
