mae_mean	mae_single
5.0230470563919605	5.021343290126685
