mae_mean	mae_single
5.329036934262026	5.325029125056184
