mae_mean	mae_single
5.758302157861426	5.762918550263189
