mae_mean	mae_single
4.912976354253194	4.972151057231426
