mae_mean	mae_single
5.2637763538291695	5.219190666962188
