mae_mean	mae_single
4.258379299879736	4.3041268753467214
