mae_mean	mae_single
5.742036728563855	5.725003783259241
