mae_mean	mae_single
5.412604094519612	5.458236563901226
