mae_mean	mae_single
4.766082858407631	4.861346770482256
