mae_mean	mae_single
4.529786220650229	4.529786220650229
