mae_mean	mae_single
4.291700254061856	4.265919787553426
