mae_mean	mae_single
5.530520155200007	5.639101641832437
