mae_mean	mae_single
5.696766239483983	5.660331362414584
