mae_mean	mae_single
5.534182484474081	5.598640879068314
