mae_mean	mae_single
5.398013551438893	5.398284639135866
