mae_mean	mae_single
5.161008597019384	5.182197670477499
