mae_mean	mae_single
4.5127761039560115	4.465571469706851
