mae_mean	mae_single
5.4184858786340095	5.4192995404261355
