mae_mean	mae_single
6.08828793449724	6.008314053777907
