mae_mean	mae_single
5.841412126382261	5.745008539706523
