mae_mean	mae_single
6.242717704118664	6.2429786823790945
