mae_mean	mae_single
5.617760606260767	5.620283513537303
