mae_mean	mae_single
5.946740144448748	6.151701412167314
