mae_mean	mae_single
6.700868872384831	6.8810879071497535
