mae_mean	mae_single
4.76426705253273	4.771667048133911
