mae_mean	mae_single
5.670445464067599	5.662031156379574
