mae_mean	mae_single
5.284170236769131	5.267985470872103
