mae_mean	mae_single
5.627677590912665	5.6287580984779995
