mae_mean	mae_single
5.63927912169265	5.751315604589304
