mae_mean	mae_single
5.448447112472952	5.51852268179367
