mae_mean	mae_single
5.21680217869836	5.21680217869836
