mae_mean	mae_single
4.806284427016334	4.807849952258039
