mae_mean	mae_single
4.94673538985201	4.960749079050976
