mae_mean	mae_single
4.853663073108121	4.9031990453976295
