mae_mean	mae_single
4.698550390285094	4.682882938856149
