mae_mean	mae_single
4.334116995379162	4.205268836463336
