mae_mean	mae_single
5.14050099058167	5.159931818052068
