mae_mean	mae_single
5.039372725796458	5.2184291633482935
