mae_mean	mae_single
5.670361923806062	5.6657023012339165
