mae_mean	mae_single
4.956267597391059	5.018283943789702
