mae_mean	mae_single
4.814252713792624	5.089328609422793
