mae_mean	mae_single
5.2791195358691345	5.327452847355812
