mae_mean	mae_single
5.5595486328733115	5.556219074294957
