mae_mean	mae_single
4.078607852911542	4.119722317214445
