mae_mean	mae_single
5.399790091698121	5.412135403162678
