mae_mean	mae_single
4.948094031521777	5.1102187358862325
