mae_mean	mae_single
5.395692432232968	5.39196426452376
