mae_mean	mae_single
5.6509644706862385	5.677246978343899
