mae_mean	mae_single
5.818128625264469	5.887258323305181
