mae_mean	mae_single
4.5164568053557135	4.591353359495978
