mae_mean	mae_single
4.935202651714513	4.974533637603584
