mae_mean	mae_single
5.238805214258664	5.204971839275492
