y	y_hat	y_index
75.8753424657534	73.57215047015566	708
71.0753424657534	73.56895340951833	709
