y	y_hat	y_index
84.3616438356164	73.54183274983282	168
85.5369863013699	73.54499553000046	169
75.0671232876712	73.54395463746093	170
