y	y_hat	y_index
76.1506849315069	73.55616613239584	540
64.5643835616438	73.55616744745636	541
87.1643835616438	73.5561662346393	542
