y	y_hat	y_index
67.3013698630137	73.6186575606979	186
73.9671232876712	73.61320257050103	187
69.6671232876712	73.61959285821554	188
