y	y_hat	y_index
63.4369863013699	73.61649618995786	480
68.7287671232877	73.61572632652546	481
81.4616438356164	73.61832125957973	482
