y	y_hat	y_index
69.4808219178082	73.55656444623352	609
83.6205479452055	73.56039403343622	610
75.1643835616438	73.55714581147336	611
