y	y_hat	y_index
75.5616438356164	73.54310606946055	387
79.1671232876712	73.5420918434581	388
79.2534246575342	73.542643822132	389
