y	y_hat	y_index
56.4835616438356	73.57178532685818	15
79.4849315068493	73.56891296767827	16
73.6328767123288	73.56893529698252	17
