y	y_hat	y_index
68.872602739726	73.61664187886387	270
78.2671232876712	73.61563161800977	271
71.158904109589	73.61661107089232	272
