y	y_hat	y_index
73.5479452054795	73.5680788956422	564
87.5506849315069	73.57445034488521	565
72.8506849315069	73.57065774064036	566
