y	y_hat	y_index
70.1027397260274	73.57092830636782	716
87.0808219178082	73.5750093253829	717
