y	y_hat	y_index
70.3369863013699	73.61512996567836	6
66.4616438356164	73.61642005488872	7
75.8643835616438	73.61568436498395	8
