y	y_hat	y_index
75.1452054794521	73.54345011566812	423
75.6369863013699	73.54378034546664	424
74.7534246575342	73.54220369254281	425
