y	y_hat	y_index
72.772602739726	73.6176345541145	285
77.4232876712329	73.61638917416124	286
54.9671232876712	73.61660596384826	287
