y	y_hat	y_index
68.3904109589041	73.6118182780862	633
63.8479452054794	73.6117416847382	634
76.186301369863	73.6117544952584	635
