y	y_hat	y_index
75.4452054794521	73.55695492096004	120
65.2424657534247	73.55642200201724	121
78.686301369863	73.5559470549812	122
