y	y_hat	y_index
80.8287671232877	73.54319819970708	102
75.1794520547945	73.54425707506856	103
80.1808219178082	73.54040339748758	104
