y	y_hat	y_index
82.3698630136986	73.54365096820709	294
84.4671232876712	73.54187805165958	295
75.7643835616438	73.5405156800565	296
