y	y_hat	y_index
71.8698630136986	73.61644587422059	204
62.7616438356164	73.61268233919772	205
85.8753424657534	73.61936651195586	206
