y	y_hat	y_index
72.1630136986301	73.61419242463198	615
83.8506849315069	73.61674540036407	616
72.4424657534247	73.61578738391633	617
