y	y_hat	y_index
86.3630136986301	73.55878421720143	51
82.672602739726	73.5575699604646	52
71.6808219178082	73.55760198015025	53
