y	y_hat	y_index
67.9041095890411	73.65223433592445	705
70.4397260273973	73.65396537059246	706
62.8479452054794	73.65487264231697	707
