y	y_hat	y_index
70.4616438356164	73.55616321337676	645
88.4753424657534	73.5557498437104	646
78.0616438356164	73.55625966679148	647
