y	y_hat	y_index
77.9424657534247	73.55788197911059	264
75.3808219178082	73.5583584693057	265
67.6109589041096	73.55544504056971	266
