y	y_hat	y_index
65.658904109589	73.6536498621235	504
65.0328767123288	73.65366181239817	505
67.5315068493151	73.65279853711728	506
