y	y_hat	y_index
76.3561643835616	73.55931960350013	537
69.1780821917808	73.5544758329648	538
82.6424657534247	73.55656520988951	539
