y	y_hat	y_index
68.2808219178082	73.55811302564936	627
80.5767123287671	73.55625316484894	628
74.2643835616438	73.55594781834881	629
