y	y_hat	y_index
71.5671232876712	73.61495218401232	123
70.7616438356164	73.6157960794614	124
81.4342465753425	73.61606922529884	125
