y	y_hat	y_index
67.0835616438356	73.61175747351461	114
80.8643835616438	73.61186370381643	115
56.9643835616438	73.6118425044955	116
