y	y_hat	y_index
66.4369863013699	73.64867195372027	712
65.5671232876712	73.65451797981933	713
