y	y_hat	y_index
75.758904109589	73.55846060213612	327
61.7671232876712	73.55505525405792	328
80.8534246575342	73.55619052443835	329
