y	y_hat	y_index
58.1808219178082	73.61164603984888	435
61.7849315068493	73.61164697825	436
76.0561643835616	73.6116493891975	437
