y	y_hat	y_index
72.8506849315069	73.65303452061168	660
57.1780821917808	73.6543954660355	661
63.4232876712329	73.65415422841923	662
