y	y_hat	y_index
83.2643835616438	73.5604941121416	519
84.6671232876712	73.55782644028024	520
70.8287671232877	73.55739297691555	521
