y	y_hat	y_index
65.286301369863	73.61165060370179	681
73.8438356164384	73.61164934006369	682
73.4260273972603	73.61164868871467	683
