y	y_hat	y_index
66.7328767123288	73.61712790099293	189
80.5041095890411	73.6143562763366	190
59.9506849315068	73.61278048011079	191
