y	y_hat	y_index
70.4219178082192	73.6524766528542	603
65.9424657534247	73.65305448504164	604
68.1698630136986	73.65279818577476	605
