y	y_hat	y_index
71.3835616438356	73.61539811561737	429
78.072602739726	73.61572436561029	430
70.8835616438356	73.61735118298574	431
