y	y_hat	y_index
84.2698630136986	73.55694085602462	129
71.172602739726	73.55565100278235	130
82.9561643835616	73.55622594516802	131
