y	y_hat	y_index
76.7041095890411	73.61239982318148	348
73.2479452054795	73.61870574961048	349
67.3205479452055	73.61346194111856	350
