y	y_hat	y_index
69.1876712328767	73.61500548637719	9
77.5616438356164	73.61683462075584	10
59.7616438356164	73.61502294737234	11
