y	y_hat	y_index
79.2232876712329	73.55446649618958	360
56.4287671232877	73.55531004132786	361
87.2835616438356	73.55646141404362	362
