y	y_hat	y_index
66.6753424657534	73.57097065409506	225
73.5808219178082	73.57250391383086	226
78.8835616438356	73.56780226638196	227
