y	y_hat	y_index
71.6835616438356	73.61408463937099	156
77.872602739726	73.61829342517925	157
70.7671232876712	73.61373475562702	158
