y	y_hat	y_index
70.3246575342466	73.55752576519711	342
79.1698630136986	73.55317093808948	343
78.8383561643836	73.55719425861076	344
