y	y_hat	y_index
89.5835616438356	73.61165446343864	63
67.7328767123288	73.61164685063603	64
61.5369863013699	73.61165125130685	65
