y	y_hat	y_index
66.6397260273973	73.61603716955231	432
76.1780821917808	73.61421953871988	433
68.9479452054795	73.61679780333476	434
