y	y_hat	y_index
72.7835616438356	73.55732357565952	198
82.1753424657534	73.55487480164551	199
74.2671232876712	73.55632087783943	200
