y	y_hat	y_index
89.2780821917808	73.54376760944521	438
77.0643835616438	73.54307026426325	439
77.1397260273973	73.54414618058182	440
