y	y_hat	y_index
83.1890410958904	73.61764276716778	495
59.6452054794521	73.61539208193385	496
70.7876712328767	73.61537038660907	497
