y	y_hat	y_index
65.8205479452055	73.61240177115747	498
80.8698630136986	73.61891874813216	499
70.5616438356164	73.61247605849151	500
