y	y_hat	y_index
75.2835616438356	73.543145339881	84
75.2424657534247	73.54100197487568	85
74.1780821917808	73.5440936881163	86
