y	y_hat	y_index
61.8616438356164	73.61651327176595	474
68.1561643835616	73.61500595401232	475
76.2698630136986	73.61716008607405	476
