y	y_hat	y_index
71.727397260274	73.65355957075127	72
71.8561643835616	73.65348107427526	73
66.3780821917808	73.65329125600846	74
