y	y_hat	y_index
70.4698630136986	73.55612336643324	516
86.6369863013699	73.55773111103045	517
77.8835616438356	73.55753523486888	518
