y	y_hat	y_index
75.8780821917808	73.61165259279909	3
71.2671232876712	73.61164923399966	4
61.0808219178082	73.6116497603663	5
