y	y_hat	y_index
65.2561643835616	73.55611034728155	456
75.6808219178082	73.55610452017629	457
74.9835616438356	73.55459720046673	458
