y	y_hat	y_index
74.0315068493151	73.5547973407972	408
76.5150684931507	73.55567471556573	409
65.0561643835616	73.55275335525516	410
