y	y_hat	y_index
63.6616438356164	73.65313907395273	462
73.0424657534247	73.65446860367956	463
63.5506849315069	73.65320527000006	464
