y	y_hat	y_index
75.8890410958904	73.54097113361323	33
85.7260273972603	73.54186701954909	34
75.7424657534247	73.54214647675639	35
