y	y_hat	y_index
73.7452054794521	73.55403809852717	450
69.6534246575342	73.55506535713008	451
77.1232876712329	73.55616537570401	452
