y	y_hat	y_index
77.658904109589	73.54077464902065	132
75.7808219178082	73.5450380319137	133
77.5698630136986	73.54359006722692	134
