y	y_hat	y_index
78.986301369863	73.55731667182422	105
72.2095890410959	73.5579158234858	106
78.9657534246575	73.55643496958315	107
