y	y_hat	y_index
84.5356164383562	73.61463980637139	18
69.3849315068493	73.61593184700182	19
71.1561643835616	73.6148521796194	20
