y	y_hat	y_index
79.6849315068493	73.61164846243527	651
68.8616438356164	73.61165266129247	652
64.9712328767123	73.61164814481263	653
