y	y_hat	y_index
64.9753424657534	73.61164639264601	12
74.3616438356164	73.61165112433362	13
64.4315068493151	73.61165102931717	14
