y	y_hat	y_index
69.4178082191781	73.61165053909536	618
65.9890410958904	73.6116482656205	619
83.1808219178082	73.61165084792576	620
