y	y_hat	y_index
88.7369863013699	73.54500325238622	384
75.8534246575342	73.5440436576451	385
87.758904109589	73.54453274956495	386
