y	y_hat	y_index
73.6616438356164	73.54178393506393	336
73.6465753424658	73.54178340860126	337
75.0671232876712	73.5417808653326	338
