y	y_hat	y_index
73.8917808219178	73.53972994545481	351
76.6506849315069	73.53972698790535	352
81.2698630136986	73.53973192464358	353
