y	y_hat	y_index
64.3424657534247	73.6548425610633	672
70.9534246575342	73.65602641047045	673
72.6397260273973	73.65595727583255	674
