y	y_hat	y_index
55.8479452054794	73.61554751424862	510
77.0383561643836	73.61599830087097	511
72.3232876712329	73.6151846120736	512
