y	y_hat	y_index
73.1616438356164	73.61613441867037	567
56.3643835616438	73.61596824712448	568
74.6534246575342	73.61360210520854	569
