y	y_hat	y_index
79.3561643835616	73.54292870831439	399
73.9616438356164	73.54222631635112	400
75.3972602739726	73.54594541765645	401
