y	y_hat	y_index
81.8835616438356	73.56986728239973	501
73.558904109589	73.56986879636665	502
63.3452054794521	73.56986440338363	503
