y	y_hat	y_index
85.5397260273973	73.55516948061123	249
74.372602739726	73.55791572701006	250
67.4616438356164	73.55820605157714	251
