y	y_hat	y_index
74.8452054794521	73.61646408080736	27
57.6315068493151	73.61380591734616	28
71.5794520547945	73.61637493505248	29
