y	y_hat	y_index
73.8643835616438	73.54298377460351	207
75.0397260273973	73.5444948173321	208
91.3068493150685	73.54387183703388	209
