y	y_hat	y_index
57.7369863013699	73.61181207448874	678
72.0013698630137	73.6118098082089	679
75.572602739726	73.61186186300836	680
