y	y_hat	y_index
76.0424657534247	73.55637032985388	630
61.5917808219178	73.55677449550747	631
75.7424657534247	73.5584081542264	632
