y	y_hat	y_index
69.9835616438356	73.65852790262792	0
72.5561643835616	73.65386180664213	1
71.3616438356164	73.65535913700975	2
