y	y_hat	y_index
79.2616438356164	73.55790794287603	171
79.386301369863	73.55817551765156	172
61.7808219178082	73.55477740023858	173
