y	y_hat	y_index
79.1424657534247	73.61165429629727	513
73.2616438356164	73.61164937577081	514
64.3027397260274	73.61164583462603	515
