y	y_hat	y_index
76.6808219178082	73.54078570725166	363
86.5808219178082	73.54322173008796	364
77.4479452054795	73.54194983340595	365
