y	y_hat	y_index
71.4671232876712	73.61671502789397	588
78.1986301369863	73.61648664517841	589
62.5698630136986	73.61511064957392	590
