y	y_hat	y_index
73.8342465753425	73.55616593857238	321
74.3890410958904	73.55616576437743	322
70.8041095890411	73.55616361538934	323
