y	y_hat	y_index
88.5698630136986	73.5434701192001	261
76.8657534246575	73.54097044148014	262
87.7698630136986	73.54482820280082	263
