y	y_hat	y_index
69.0561643835616	73.65777231326467	216
59.4041095890411	73.65493074500944	217
73.4232876712329	73.65644124905496	218
