y	y_hat	y_index
73.9424657534247	73.61554656215337	390
71.9041095890411	73.61513641241415	391
70.8260273972603	73.61530345138848	392
