y	y_hat	y_index
73.258904109589	73.55516682033408	339
84.1643835616438	73.55715727033468	340
84.4616438356164	73.55758886982503	341
