y	y_hat	y_index
84.2205479452055	73.55703238779168	210
72.3534246575342	73.55721952298279	211
79.672602739726	73.55794981809329	212
