y	y_hat	y_index
85.4698630136986	73.55191119063613	724
78.7397260273973	73.54930089764002	725
