y	y_hat	y_index
69.6178082191781	73.6118513767073	558
82.9027397260274	73.61182737181724	559
72.3260273972603	73.6120563929612	560
