y	y_hat	y_index
71.2808219178082	73.5712552563097	730
76.0232876712329	73.57086301731711	731
