y	y_hat	y_index
61.2780821917808	73.57223781705288	714
87.6616438356164	73.5745473041023	715
