y	y_hat	y_index
74.1342465753425	73.53972979442497	420
74.4698630136986	73.53972965548847	421
78.1808219178082	73.53972902884436	422
