y	y_hat	y_index
75.8260273972603	73.55617034665734	237
75.1342465753425	73.55616479935037	238
66.7178082191781	73.55616427277839	239
