y	y_hat	y_index
79.5232876712329	73.61766020603018	477
71.7657534246575	73.61416326659374	478
60.718372666497935	73.61666107352674	479
