y	y_hat	y_index
82.2808219178082	73.55565207492981	597
81.1958904109589	73.5553706202386	598
61.0643835616438	73.55502825228831	599
