y	y_hat	y_index
72.63989854950165	73.55508821938933	90
82.0780821917808	73.55515680984115	91
78.1698630136986	73.55748386053061	92
