y	y_hat	y_index
71.8452054794521	73.5567405290132	402
80.1986301369863	73.55699670839795	403
78.3561643835616	73.55613466364163	404
