y	y_hat	y_index
63.0808219178082	73.65651058283673	54
61.558904109589	73.65137828767888	55
61.9958904109589	73.65463714967366	56
