y	y_hat	y_index
76.3397260273973	73.55616431986074	543
83.2342465753425	73.55616654929663	544
64.7561643835616	73.55616672664505	545
