y	y_hat	y_index
71.258904109589	73.6567092605582	612
57.6616438356164	73.6521263505447	613
72.7671232876712	73.65553564736923	614
