y	y_hat	y_index
62.8698630136986	73.61622733444496	177
80.3534246575342	73.61606404514896	178
63.7506849315068	73.61479717543945	179
