y	y_hat	y_index
80.3013698630137	73.61614457902947	531
73.0534246575342	73.61839398021269	532
69.1986301369863	73.61389390465612	533
