y	y_hat	y_index
77.9479452054795	73.61669146106279	405
67.3671232876712	73.61328028482808	406
65.5315068493151	73.61617273976391	407
