y	y_hat	y_index
78.6	73.55384640041414	39
85.3780821917808	73.55464878038035	40
72.2452054794521	73.55334880750037	41
