y	y_hat	y_index
69.2013698630137	73.65577195931075	648
72.2397260273973	73.65314829048046	649
70.4753424657534	73.65570725571364	650
