y	y_hat	y_index
60.672602739726	73.61493314090482	576
75.5	73.61732973985143	577
57.6835616438356	73.61550315627848	578
