y	y_hat	y_index
69.5534246575342	73.65342620757811	30
71.3808219178082	73.65342894923424	31
60.6616438356164	73.6534268982567	32
