y	y_hat	y_index
75.8616438356164	73.61331522324824	165
70.7643835616438	73.61305418095414	166
73.372602739726	73.61542622084225	167
