y	y_hat	y_index
71.9671232876712	73.65360982150743	81
69.7095890410959	73.65349634606959	82
69.2260273972603	73.65340103936487	83
