y	y_hat	y_index
68.9616438356164	73.61164920602309	180
76.7671232876712	73.61165219799366	181
72.4479452054795	73.61164971233396	182
