y	y_hat	y_index
85.458904109589	73.55648865462386	579
65.3698630136986	73.55553220759984	580
78.5808219178082	73.56048831274396	581
