y	y_hat	y_index
65.2657534246575	73.61372738369711	36
77.6616438356164	73.6167157510967	37
67.958904109589	73.61668999092367	38
