y	y_hat	y_index
80.9534246575342	73.55612616582411	561
79.9452054794521	73.55832906570039	562
72.3808219178082	73.5563400813024	563
