y	y_hat	y_index
67.9479452054795	73.61164782498987	42
70.086301369863	73.61164970905229	43
82.17005428820563	73.611652745391	44
