y	y_hat	y_index
64.2	73.55707251064004	549
87.6397260273973	73.56091419826173	550
74.5684931506849	73.55660560507833	551
