y	y_hat	y_index
71.1260273972603	73.55681291245145	591
74.3780821917808	73.5557150860911	592
80.1958904109589	73.55609814249598	593
