y	y_hat	y_index
69.4753424657534	73.65346714858927	276
65.8753424657534	73.65494057619992	277
72.6452054794521	73.653937297094	278
