y	y_hat	y_index
73.5849315068493	73.65151018263217	297
63.0780821917808	73.64977326509342	298
61.8246575342466	73.65614685440696	299
