y	y_hat	y_index
71.2506849315069	73.65355715126312	219
62.9616438356164	73.65281470993779	220
70.8780821917808	73.65394598490712	221
