y	y_hat	y_index
70.1616438356164	73.61549792744485	669
81.0835616438356	73.61808528993306	670
59.1671232876712	73.61656349829238	671
