y	y_hat	y_index
74.6013698630137	73.54395781666945	333
76.2835616438356	73.54060452153199	334
73.958904109589	73.54365210650991	335
