y	y_hat	y_index
61.0178082191781	73.55447412827924	507
78.4780821917808	73.55810055380738	508
77.2479452054795	73.55756115039313	509
