y	y_hat	y_index
78.2671232876712	73.53973214045374	459
84.3452054794521	73.53973033668532	460
81.8397260273973	73.5397334899232	461
