y	y_hat	y_index
76.1780821917808	73.54232169616395	240
80.1794520547945	73.54317220350889	241
73.6506849315069	73.54285353229763	242
