y	y_hat	y_index
69.9506849315069	73.65445280497659	288
70.7260273972603	73.65560164485574	289
71.3424657534247	73.65285554364945	290
