y	y_hat	y_index
75.1452054794521	73.61639304144687	621
67.7561643835616	73.61624322612381	622
61.972602739726	73.61572260925277	623
