y	y_hat	y_index
81.0643835616438	73.55718772354922	21
79.0342465753425	73.55709057061627	22
71.7452054794521	73.5560391719839	23
