y	y_hat	y_index
63.9821917808219	73.61532081764429	87
78.2808219178082	73.61678853349478	88
65.772602739726	73.61823430248553	89
