y	y_hat	y_index
71.9643835616438	73.61526408105036	585
71.3479452054795	73.61422793473506	586
83.0616438356164	73.61801058279275	587
