y	y_hat	y_index
73.2808219178082	73.55837497754838	468
76.3424657534247	73.5567682480377	469
77.7643835616438	73.55461872441695	470
