y	y_hat	y_index
65.4931506849315	73.65602280287987	228
73.3301369863014	73.65322884066046	229
68.2506849315069	73.6546832673322	230
