y	y_hat	y_index
79.1986301369863	73.55584329290708	135
74.7835616438356	73.55974134085642	136
71.8890410958904	73.5558445399374	137
