y	y_hat	y_index
61.9780821917808	73.61773698211931	300
73.2616438356164	73.61480385972435	301
80.6506849315069	73.61900990267667	302
