y	y_hat	y_index
83.9095890410959	73.53973294967004	108
77.3616438356164	73.53972657188453	109
79.1082191780822	73.53972976270684	110
