y	y_hat	y_index
83.3780821917808	73.55521299486072	138
60.6835616438356	73.55537836018404	139
84.7506849315069	73.55820538193986	140
