y	y_hat	y_index
73.558904109589	73.65004130219972	369
65.086301369863	73.65201593953246	370
70.6671232876712	73.65315998611547	371
