y	y_hat	y_index
64.7698630136986	73.61351262909567	45
77.7643835616438	73.61687657014792	46
60.7616438356164	73.61333524395904	47
