y	y_hat	y_index
72.1260273972603	73.61539541761277	78
82.5109589041096	73.6189916134869	79
60.6205479452055	73.61345880772105	80
