y	y_hat	y_index
81.7643835616438	73.55702824325635	291
88.9342465753425	73.55914396399659	292
68.7479452054795	73.55483446978593	293
