y	y_hat	y_index
78.5369863013699	73.61679472630601	642
67.9986301369863	73.61366871954947	643
56.272602739726	73.61338954961538	644
