y	y_hat	y_index
71.4780821917808	73.65496332209051	525
65.6561643835616	73.65344794092594	526
71.9479452054795	73.6548403954742	527
