y	y_hat	y_index
67.7616438356164	73.6116485486074	492
79.2890410958904	73.61164799747948	493
69.8643835616438	73.61165133673757	494
