y	y_hat	y_index
73.6780821917808	73.64658347961075	255
72.5534246575342	73.6465802167081	256
72.3643835616438	73.64657960257259	257
