y	y_hat	y_index
55.1616438356164	73.55418417509452	354
83.2534246575342	73.5558567178054	355
78.4397260273973	73.55755527595791	356
