y	y_hat	y_index
71.0041095890411	73.61619251536735	528
76.4753424657534	73.61821886193357	529
68.4643835616438	73.61307009670365	530
