y	y_hat	y_index
62.7808219178082	73.55584087194158	234
81.3232876712329	73.55723909776444	235
76.0616438356164	73.55511307334729	236
