y	y_hat	y_index
74.7287671232877	73.61570409024743	594
55.8808219178082	73.61444800676097	595
68.1643835616438	73.61408130824145	596
