y	y_hat	y_index
74.4808219178082	73.53972832979233	144
82.1643835616438	73.53972920000116	145
82.6643835616438	73.53973266241302	146
