y	y_hat	y_index
71.4753424657534	73.5537031515857	600
74.6616438356164	73.55564967309037	601
76.0095890410959	73.55475449405837	602
