y	y_hat	y_index
69.4808219178082	73.61421998500498	453
80.072602739726	73.61547193750667	454
61.686301369863	73.6144513658133	455
