y	y_hat	y_index
86.4643835616438	73.5543863576103	201
69.7808219178082	73.55516590886279	202
75.7835616438356	73.55479223678971	203
