y	y_hat	y_index
76.7452054794521	73.5486274253622	734
79.7643835616438	73.54863508122554	735
