y	y_hat	y_index
80.3753424657534	73.54518753309998	258
74.3452054794521	73.54394515726752	259
75.058904109589	73.54207839435311	260
