y	y_hat	y_index
76.8506849315069	73.5601180353656	699
77.1630136986301	73.5554670971034	700
70.4534246575342	73.5576889884352	701
