y	y_hat	y_index
67.6643835616438	73.61538146779789	231
78.3698630136986	73.61419026865725	232
71.958904109589	73.61554832840389	233
