y	y_hat	y_index
73.9561643835616	73.54855743048287	728
79.9397260273973	73.54866719864035	729
