y	y_hat	y_index
79.8520547945206	73.55616973018813	66
90.2561643835616	73.55616563855074	67
71.058904109589	73.55616443922442	68
