y	y_hat	y_index
67.9671232876712	73.61544646294733	48
84.1506849315069	73.6148739774249	49
67.5671232876712	73.6151508898731	50
