y	y_hat	y_index
88.2561643835616	73.55817172210342	99
72.158904109589	73.55365365181025	100
75.7808219178082	73.55490076427955	101
