y	y_hat	y_index
62.1780821917808	73.65527863071759	318
58.9424657534247	73.65437355841814	319
65.5671232876712	73.65588402022635	320
