y	y_hat	y_index
73.9808219178082	73.54274248170724	96
84.0424657534247	73.54333303379074	97
75.572602739726	73.54351716713394	98
