y	y_hat	y_index
70.9232876712329	73.61164951248738	174
61.7808219178082	73.61164565009531	175
74.0095890410959	73.61164841845395	176
