y	y_hat	y_index
66.7369863013699	73.65414951362868	663
58.772602739726	73.6585563792346	664
63.0	73.65609730326312	665
