y	y_hat	y_index
77.758904109589	73.54384970643682	381
77.1369863013699	73.54155871293747	382
89.5616438356164	73.54273049512534	383
