y	y_hat	y_index
54.2739726027397	73.61572476788156	522
74.8164383561644	73.61525485307902	523
61.9561643835616	73.61664158881776	524
