y	y_hat	y_index
80.2794520547945	73.55562766270404	396
77.6616438356164	73.55447140575849	397
61.0	73.55495711129021	398
