y	y_hat	y_index
69.9479452054795	73.55664855672293	162
75.9671232876712	73.55742161500748	163
81.4821917808219	73.55606013971118	164
