y	y_hat	y_index
72.986301369863	73.65409024955984	309
72.7424657534247	73.6532584052276	310
61.9534246575342	73.65449229972728	311
