y	y_hat	y_index
62.1205479452055	73.61502342022844	411
68.9890410958904	73.61621543932624	412
77.9397260273973	73.61579966537933	413
