y	y_hat	y_index
72.2068493150685	73.6542233083531	718
72.7780821917808	73.65225611654793	719
