y	y_hat	y_index
59.4616438356164	73.65522570568761	624
70.8178082191781	73.65277024631104	625
67.7397260273973	73.65305461458226	626
