y	y_hat	y_index
55.8671232876712	73.6131879135643	657
84.5506849315069	73.6128356988768	658
62.3821917808219	73.61214556247577	659
