y	y_hat	y_index
66.4260273972603	73.65463251146882	60
63.7506849315068	73.6536112353509	61
62.258904109589	73.6528607611835	62
