y	y_hat	y_index
74.2698630136986	73.55635686324138	150
66.9780821917808	73.55578187526174	151
82.0616438356164	73.55580964084075	152
