y	y_hat	y_index
75.7315068493151	73.6142610052637	573
63.8178082191781	73.61550836644213	574
70.572602739726	73.61741405267456	575
