y	y_hat	y_index
76.4410958904109	73.55616565540903	282
66.9931506849315	73.55616305663908	283
79.5643835616438	73.55616420051564	284
