y	y_hat	y_index
78.4671232876712	73.5437885852975	222
74.5424657534247	73.53852420136663	223
76.0369863013699	73.54535676070903	224
