y	y_hat	y_index
56.3027397260274	73.61508677179062	483
64.5808219178082	73.61377074345644	484
79.1671232876712	73.61710099732889	485
