y	y_hat	y_index
83.058904109589	73.61407519791653	159
72.3657534246575	73.61735400951339	160
70.4698630136986	73.61432879005454	161
