y	y_hat	y_index
61.8561643835616	73.61164689343427	252
69.7780821917808	73.61165042205405	253
75.8479452054795	73.61164886195054	254
