y	y_hat	y_index
79.5698630136986	73.55496794955204	441
77.7753424657534	73.55638002587347	442
72.4849315068493	73.55857503982774	443
