y	y_hat	y_index
79.5808219178082	73.55925779285896	213
68.0506849315069	73.55916911152715	214
80.1835616438356	73.55605802021897	215
