y	y_hat	y_index
83.0164383561644	73.55634849445781	426
72.8671232876712	73.55484035691167	427
74.9616438356164	73.55789156363642	428
