y	y_hat	y_index
81.8821917808219	73.556579488852	636
63.9753424657534	73.55643868840544	637
76.5616438356164	73.55537718117529	638
