y	y_hat	y_index
70.472602739726	73.55685532461241	471
76.4232876712329	73.55564632036034	472
85.1547945205479	73.55669783792648	473
