y	y_hat	y_index
64.0794520547945	73.64679018470702	732
69.558904109589	73.64673253201184	733
