y	y_hat	y_index
66.8643835616438	73.55522567040495	126
75.458904109589	73.55629740931187	127
79.2753424657534	73.55695827726137	128
