y	y_hat	y_index
79.2452054794521	73.54889551313521	720
81.8671232876712	73.55253258018936	721
