y	y_hat	y_index
67.9342465753425	73.55636393008845	693
78.5287671232877	73.55632662340822	694
88.3315068493151	73.55628172429624	695
