y	y_hat	y_index
84.1397260273973	73.5397327270331	552
75.3260273972603	73.53973338506167	553
78.4013698630137	73.5397315545659	554
