y	y_hat	y_index
78.1698630136986	73.54621222843768	690
79.0479452054795	73.54283298247738	691
77.3452054794521	73.54446126270297	692
