y	y_hat	y_index
88.2643835616438	73.54277724207317	606
73.7821917808219	73.54151590642878	607
82.4534246575342	73.54109060152754	608
