y	y_hat	y_index
59.6616438356164	73.61340868374604	345
87.6534246575342	73.61704436711018	346
70.5123287671233	73.61467251046182	347
