y	y_hat	y_index
72.8643835616438	73.5716032407899	722
73.8041095890411	73.5748489474084	723
