y	y_hat	y_index
82.3958904109589	73.55722897937459	273
74.7342465753425	73.55843047164495	274
72.158904109589	73.55724119421993	275
