y	y_hat	y_index
79.5657534246575	73.54290934275852	372
75.2452054794521	73.54112448516516	373
80.9849315068493	73.54156767522288	374
