y	y_hat	y_index
68.2205479452055	73.6502440192925	726
70.8342465753425	73.6495504267669	727
