y	y_hat	y_index
69.3534246575342	73.61606215367696	315
81.0150684931507	73.61430220254853	316
60.6232876712329	73.61644347249707	317
