y	y_hat	y_index
68.0479452054795	73.61614710138984	75
81.6397260273973	73.6166247772539	76
68.2753424657534	73.61698020470114	77
