y	y_hat	y_index
64.0534246575342	73.65360988358407	357
73.0602739726027	73.6523342690186	358
65.3561643835616	73.65277298987226	359
