y	y_hat	y_index
84.2808219178082	73.55657886854723	465
60.0534246575343	73.55467068465703	466
78.058904109589	73.55476183444038	467
