y	y_hat	y_index
74.9643835616438	73.53973018514773	696
73.8616438356164	73.53973173954145	697
75.1808219178082	73.53973209696646	698
