y	y_hat	y_index
83.8205479452055	73.53973301144686	93
75.0342465753425	73.53973444826983	94
77.4808219178082	73.53973185194482	95
