y	y_hat	y_index
60.0232876712329	73.61182902891376	366
81.7013698630137	73.6164864038352	367
71.0506849315069	73.61590135180398	368
