y	y_hat	y_index
76.3123287671233	73.55616466462983	639
82.2054794520548	73.55616947085242	640
70.2630136986301	73.55616677730711	641
