y	y_hat	y_index
86.3917808219178	73.56058603764372	654
72.5780821917808	73.55242033507359	655
78.9753424657534	73.5575162656058	656
