y	y_hat	y_index
72.7013698630137	73.55571796343759	57
77.8342465753425	73.55728426935025	58
79.7643835616438	73.55835545365164	59
