y	y_hat	y_index
72.3616438356164	73.57032308244233	147
73.5780821917808	73.5708172870052	148
84.4452054794521	73.5717760609799	149
