y	y_hat	y_index
65.8616438356164	73.61785362733035	69
73.2753424657534	73.61717162154376	70
79.3780821917808	73.61372396733739	71
