y	y_hat	y_index
80.8671232876712	73.55442937405182	192
72.1698630136986	73.55870905884524	193
77.9698630136986	73.55555821078633	194
