y	y_hat	y_index
70.1808219178082	73.65427799944949	675
64.9561643835616	73.65264182023526	676
67.3671232876712	73.65337826732258	677
