y	y_hat	y_index
64.4452054794521	73.65336302378564	153
72.4493150684931	73.65383648540065	154
67.958904109589	73.65481786571345	155
