y	y_hat	y_index
78.3452054794521	73.55617100506718	303
63.5232876712329	73.55616492261834	304
79.3643835616438	73.55616171802596	305
