y	y_hat	y_index
73.958904109589	73.55585612391337	486
83.258904109589	73.55669690527817	487
68.2780821917808	73.55568220554999	488
