y	y_hat	y_index
78.0616438356164	73.55623399611305	417
69.9986301369863	73.55627020319805	418
80.2712328767123	73.55623610538323	419
