y	y_hat	y_index
61.0424657534247	73.61394546957197	444
68.058904109589	73.61397999512876	445
74.9260273972603	73.61615153585538	446
