y	y_hat	y_index
60.1671232876712	73.61164801478489	489
76.5342465753425	73.6116521347258	490
69.172602739726	73.61164710156832	491
