y	y_hat	y_index
76.1753424657534	73.55646393098917	117
68.3068493150685	73.55563604465885	118
75.3452054794521	73.55685228082596	119
