y	y_hat	y_index
70.1534246575342	73.57110267217956	710
78.7479452054795	73.57278950437849	711
