y	y_hat	y_index
65.6616438356164	73.6128193271913	447
54.9205479452055	73.61526088635294	448
81.3506849315069	73.61617288732303	449
