y	y_hat	y_index
66.3630136986301	73.65425899568774	267
68.9452054794521	73.6536649976903	268
58.2931506849315	73.65354206981218	269
