y	y_hat	y_index
73.4287671232877	73.61164759018949	243
67.4643835616438	73.6116551571874	244
75.3602739726027	73.61164692606518	245
