y	y_hat	y_index
64.5616438356164	73.61576255629399	279
71.158904109589	73.61665348036183	280
77.0643835616438	73.61499063765714	281
