y	y_hat	y_index
68.5342465753425	73.61775940141966	306
78.1452054794521	73.61592253010937	307
69.458904109589	73.61556571996014	308
