y	y_hat	y_index
90.272602739726	73.61507032750538	666
66.4561643835616	73.6118267825231	667
71.5643835616438	73.61532512122898	668
