y	y_hat	y_index
89.0698630136986	73.53973078686931	570
77.2260273972603	73.5397311470471	571
79.5616438356164	73.53973353248794	572
