y	y_hat	y_index
71.8424657534247	73.61547974238668	684
75.9369863013699	73.61378144195268	685
72.9849315068493	73.61213612115601	686
