y	y_hat	y_index
70.1068493150685	73.55586991988855	24
85.2808219178082	73.5596952499779	25
77.3808219178082	73.55718091063513	26
