y	y_hat	y_index
70.8616438356164	73.61592649484355	330
84.7424657534247	73.61561554799893	331
62.7643835616438	73.61252122489135	332
