y	y_hat	y_index
65.086301369863	73.65493428645112	183
69.1657534246575	73.65523296949081	184
71.6835616438356	73.65107344483313	185
