y	y_hat	y_index
71.2369863013699	73.61165077520924	324
63.8479452054794	73.61165198919832	325
79.6890410958904	73.61164755734116	326
