y	y_hat	y_index
82.3917808219178	73.55744763445347	246
74.1849315068493	73.5574099717036	247
55.4164383561644	73.55490396757793	248
