y	y_hat	y_index
72.1712328767123	73.61540425402514	393
73.1013698630137	73.61319373050713	394
75.7835616438356	73.61615958227695	395
