y	y_hat	y_index
71.972602739726	73.61493766276867	555
69.9260273972603	73.61611892931678	556
84.5342465753425	73.61695137582691	557
