y	y_hat	y_index
76.3424657534247	73.53973112860895	702
74.7041095890411	73.53973258096896	703
80.4616438356164	73.53973293447334	704
