y	y_hat	y_index
77.1260273972603	73.55718649773236	195
70.1260273972603	73.55603058581578	196
81.5424657534247	73.55889749661723	197
