y	y_hat	y_index
55.0041095890411	73.61417345626464	534
72.4780821917808	73.61348602426816	535
81.058904109589	73.6141714987606	536
