y	y_hat	y_index
57.0643835616438	73.55616458801049	582
87.2232876712329	73.5561632768559	583
82.7671232876712	73.55616930447538	584
