y	y_hat	y_index
61.2698630136986	73.61463780236598	141
74.2808219178082	73.61616569785566	142
62.8753424657534	73.61367663512654	143
