y	y_hat	y_index
77.8150684931507	73.54257958003141	378
75.5671232876712	73.54091687138002	379
82.0287671232877	73.5441297639187	380
