y	y_hat	y_index
62.2616438356164	73.55616292312794	375
82.627397260274	73.5561689729452	376
78.9479452054795	73.55617062421088	377
