y	y_hat	y_index
83.9643835616438	73.55700063041421	312
84.8671232876712	73.55622526268807	313
70.9643835616438	73.5555900855242	314
