mae_mean	mae_single
4.639742992348295	4.634971645867897
