mae_mean	mae_single
5.0541745084868985	5.394723961580505
