mae_mean	mae_single
5.217774229040001	5.309262785693944
