mae_mean	mae_single
5.72802095953486	5.711780036367524
