mae_mean	mae_single
6.026756952308696	6.028895133540491
