mae_mean	mae_single
5.361450290219808	5.437444743269045
