mae_mean	mae_single
4.998861430563952	4.9972633659485375
