mae_mean	mae_single
4.556468907265125	4.525533360511105
