mae_mean	mae_single
5.909662967438332	6.102877739201079
