mae_mean	mae_single
5.817054338609236	5.9695093328737165
