mae_mean	mae_single
5.533817298716024	5.529566559823048
