mae_mean	mae_single
6.771817209404875	6.860796032821136
