mae_mean	mae_single
4.92556735987998	4.970892477473215
