mae_mean	mae_single
4.978292151142061	4.986340996832443
