mae_mean	mae_single
5.852291361226711	5.8184335785504375
