mae_mean	mae_single
4.678798523017338	4.673351900150824
