mae_mean	mae_single
5.398263972121787	5.396214503434734
