mae_mean	mae_single
5.114833672766938	5.090734020862177
