mae_mean	mae_single
4.900115356489525	4.95184491620654
