mae_mean	mae_single
5.61902004424053	5.684980654804022
