mae_mean	mae_single
5.963670923268236	5.986515152470133
