mae_mean	mae_single
4.330245529095296	4.326412453450802
