mae_mean	mae_single
5.517987740882608	5.489098476776132
