mae_mean	mae_single
6.209132188873302	6.237317378449991
