mae_mean	mae_single
5.441552707566783	5.954542333821607
