mae_mean	mae_single
4.429754922460747	4.486850407142806
