mae_mean	mae_single
4.578964990936591	4.596906562999173
