mae_mean	mae_single
5.696636128307999	5.707588990884832
