mae_mean	mae_single
5.206371695979347	5.2052937320843435
