mae_mean	mae_single
4.320543644897995	4.400932605105234
