mae_mean	mae_single
5.017960627958739	5.037351311485
