mae_mean	mae_single
4.118448195783424	4.474324326036495
