mae_mean	mae_single
5.823688824052633	5.854198945113029
