mae_mean	mae_single
5.522645736399729	5.521504574714369
