mae_mean	mae_single
5.418293906289827	5.5375149626305715
