mae_mean	mae_single
5.38413155224556	5.3783497582812485
