mae_mean	mae_single
5.317204038571977	5.540787847859513
