mae_mean	mae_single
6.092271216232083	6.110690755741442
