mae_mean	mae_single
5.563999980365334	5.479438668248023
