mae_mean	mae_single
5.4831231227062025	5.587613533016083
