mae_mean	mae_single
5.860070217443569	5.743590967330453
