mae_mean	mae_single
5.9631475969658405	5.715248424027577
