mae_mean	mae_single
5.834922751798715	5.826101159390885
