mae_mean	mae_single
4.8659854091777	4.802930108644939
