mae_mean	mae_single
4.727023507080321	4.7568478483611
