mae_mean	mae_single
5.380902199927911	5.545136588302289
