mae_mean	mae_single
4.301685619182761	4.354155844284093
