mae_mean	mae_single
5.058891005289147	5.119612256347628
