mae_mean	mae_single
5.321198711043712	5.3148427281892845
