mae_mean	mae_single
5.097740274091703	5.18398368579561
