mae_mean	mae_single
6.144553235653579	6.0601559989311315
