mae_mean	mae_single
4.73320373188068	4.6874461078343375
