mae_mean	mae_single
6.050318011686868	6.052281671547291
