mae_mean	mae_single
5.672300634582515	5.690049457703359
