mae_mean	mae_single
5.887173159847416	5.864715129822584
