mae_mean	mae_single
4.428779520399294	4.503315689511003
