mae_mean	mae_single
5.418951801990998	5.408535575432379
