mae_mean	mae_single
5.05255715414099	5.052964146793872
