mae_mean	mae_single
5.367330493802388	5.3410246371269094
