mae_mean	mae_single
5.154007004877924	5.176675000927355
