mae_mean	mae_single
5.4116539708709	5.5151582075214485
