mae_mean	mae_single
5.729129295668155	5.757018912200443
