mae_mean	mae_single
5.073494955396023	5.1440448788985496
