mae_mean	mae_single
4.7658643072032865	4.839184417470668
