mae_mean	mae_single
5.8137781056228155	5.826525104266904
