mae_mean	mae_single
5.15256691639108	5.2396133228185064
