mae_mean	mae_single
4.595884594784526	4.8348053697940845
