mae_mean	mae_single
4.62010527530706	4.572730556395095
