mae_mean	mae_single
5.431365085366325	5.4577753917717535
