mae_mean	mae_single
6.121569498364991	6.10860825797123
