mae_mean	mae_single
4.595929843529138	4.888091493060324
