mae_mean	mae_single
5.038143489621861	5.053394312846977
