mae_mean	mae_single
5.76147552462142	5.861513237503227
