mae_mean	mae_single
4.176499454899593	4.782723528969453
