mae_mean	mae_single
5.500987199811172	5.531816027621146
