mae_mean	mae_single
5.928184616855512	5.934167869857737
