mae_mean	mae_single
5.285107108270248	5.286185958192865
