mae_mean	mae_single
4.955910316226393	4.993558591201412
