mae_mean	mae_single
5.810324218307718	5.814560227250385
