mae_mean	mae_single
6.034346963738029	6.055256144752276
