mae_mean	mae_single
5.213958197727706	5.181504925874448
