mae_mean	mae_single
5.2367537494610845	5.314943856802047
