mae_mean	mae_single
5.508260288408243	5.546923519937315
