mae_mean	mae_single
5.520672421306398	5.591455482087545
