mae_mean	mae_single
4.559576380443678	4.490133992785386
