mae_mean	mae_single
4.958729994062961	5.011101008206453
