mae_mean	mae_single
4.548104450292642	4.5650636713150625
