mae_mean	mae_single
5.337216958602038	5.362400503475774
