mae_mean	mae_single
4.350954999662213	4.387481029782927
