mae_mean	mae_single
5.5088152452557475	5.515068627988801
