mae_mean	mae_single
5.615629200412776	5.614613126072799
