mae_mean	mae_single
5.589853687015633	5.565622271348096
