mae_mean	mae_single
4.835954091129487	4.807441042158006
