mae_mean	mae_single
4.453022033050531	4.859998898301801
