mae_mean	mae_single
5.471475912436499	5.466005407758418
