mae_mean	mae_single
5.461482715289948	5.493911206123563
