mae_mean	mae_single
5.6498360679906465	5.746594681814305
