mae_mean	mae_single
4.805719891951515	4.7727927710114
