mae_mean	mae_single
5.140808911995014	5.220846954025776
