mae_mean	mae_single
4.940846198583346	4.931752923765057
