mae_mean	mae_single
5.465746063783259	5.481800974343679
