mae_mean	mae_single
4.799775107727984	4.7597183597787724
