mae_mean	mae_single
4.478172970482743	4.649241868031916
