mae_mean	mae_single
4.958414717397516	5.016237025337507
