mae_mean	mae_single
5.284695964110428	5.51219781063135
