mae_mean	mae_single
5.689642748048171	5.6942398116938175
