mae_mean	mae_single
5.6409900611167005	5.568746871721198
