mae_mean	mae_single
5.816635702152402	5.871023612845342
