mae_mean	mae_single
6.010115503119925	6.02568387701701
