mae_mean	mae_single
5.03019538972407	5.033043330666483
