mae_mean	mae_single
4.260350361871821	4.431281128396297
