mae_mean	mae_single
6.2765390466948086	6.276263865541772
