mae_mean	mae_single
6.36646560159325	6.366778490412762
