mae_mean	mae_single
5.191256393510159	5.271877460425849
