mae_mean	mae_single
4.922657278610475	5.163091102363963
