mae_mean	mae_single
5.6212424667111955	5.557468493401696
