mae_mean	mae_single
4.360675111808891	4.499553997785128
