mae_mean	mae_single
5.648647750120384	6.03257840671819
