mae_mean	mae_single
5.305341028305586	5.309870287960501
