mae_mean	mae_single
6.308732544790981	6.315683152402133
