mae_mean	mae_single
5.33553938003138	5.22881790752786
