mae_mean	mae_single
5.781342659697792	5.802814866625189
