mae_mean	mae_single
4.373135813659124	4.481541837024203
