mae_mean	mae_single
5.73015084657991	5.9954270753921595
