mae_mean	mae_single
5.562516982521797	5.856413369275504
