mae_mean	mae_single
5.389359052943356	5.4136396253611725
