mae_mean	mae_single
4.510137154531082	4.482131514640276
