mae_mean	mae_single
5.293363680863276	5.731858138878602
