mae_mean	mae_single
5.444621985544332	5.3555642889360655
