mae_mean	mae_single
4.488298269150357	4.53031681829067
