mae_mean	mae_single
4.7987865652941055	4.90573871037044
