mae_mean	mae_single
4.8239911121366434	4.833316744368758
