mae_mean	mae_single
4.790859688708697	4.6799714549403975
