mae_mean	mae_single
4.367378441414307	4.387223763161459
