mae_mean	mae_single
4.917914194607019	4.961474733982939
