mae_mean	mae_single
5.127141204893372	5.128667290803446
