mae_mean	mae_single
5.460803268832339	5.521324022487386
