mae_mean	mae_single
5.695796934680403	5.669719944507328
