mae_mean	mae_single
6.343624926037134	6.343881953605111
