mae_mean	mae_single
6.1173924276209535	6.13133491303087
