mae_mean	mae_single
4.780936164392228	4.871171747443483
