mae_mean	mae_single
6.0195953610709205	6.02418250161156
