mae_mean	mae_single
5.405982004121218	5.340655606724306
