mae_mean	mae_single
4.770365902127305	4.871918503603911
