mae_mean	mae_single
6.085937971517552	6.058829397414402
