mae_mean	mae_single
4.898756416148424	4.948072658771518
