mae_mean	mae_single
5.159358489436954	5.249415930651461
