mae_mean	mae_single
4.995981192423842	4.973658878077273
