mae_mean	mae_single
5.865122778860727	5.867722734612458
