mae_mean	mae_single
5.567853067217877	6.071218216205302
