mae_mean	mae_single
5.662492832407362	5.587221545353869
