mae_mean	mae_single
5.775366052983663	5.769039443052972
