mae_mean	mae_single
6.084203296512233	5.904122200080572
