mae_mean	mae_single
4.775546181906381	4.775546181906381
