mae_mean	mae_single
4.776583021364068	4.48067722852035
