mae_mean	mae_single
5.6713301209153455	5.712601260723934
