mae_mean	mae_single
4.40618304750046	4.611416312400201
