mae_mean	mae_single
4.709063420719523	4.827444079355273
