mae_mean	mae_single
5.358028999661257	5.342800646392533
