mae_mean	mae_single
5.94956045605561	5.947618819429674
