mae_mean	mae_single
5.448029647419947	5.496365980402181
