mae_mean	mae_single
4.673200636754044	4.729769912678622
