mae_mean	mae_single
6.089166350206031	6.083649863527508
