mae_mean	mae_single
5.701698258748771	5.694840515489009
