mae_mean	mae_single
4.848219433263333	4.672924401462923
