mae_mean	mae_single
5.406383134315675	5.4054626154296415
