mae_mean	mae_single
4.524854827527527	4.407937304090349
