mae_mean	mae_single
5.311914379447102	5.203185476670807
