mae_mean	mae_single
4.8579502420484095	4.837487039722819
