mae_mean	mae_single
5.666127593905659	5.6327608902567645
