mae_mean	mae_single
5.543929842076706	5.704141196221625
