mae_mean	mae_single
5.282077795746435	5.526540469410285
