mae_mean	mae_single
5.043163095762233	5.083332050396528
