mae_mean	mae_single
5.64974702054388	5.607838759741334
