mae_mean	mae_single
5.741873452737608	5.725720415021377
