mae_mean	mae_single
4.330621892288425	5.039735182708299
