mae_mean	mae_single
5.47926206569056	5.373241786087008
