mae_mean	mae_single
4.5185815407584995	4.904063454802621
