mae_mean	mae_single
4.838000986717619	4.83036163631004
