mae_mean	mae_single
6.081278828159356	6.061422085735751
