mae_mean	mae_single
4.608297464421927	4.786024934089945
