mae_mean	mae_single
4.46547908492258	4.497046591625852
