mae_mean	mae_single
5.639233681133897	5.635654878144957
