mae_mean	mae_single
5.860504701182765	5.824986259653302
