mae_mean	mae_single
5.412655858196845	5.3779358102702615
