mae_mean	mae_single
5.6948444537028795	5.615160849406825
