mae_mean	mae_single
4.423124572794157	4.465625245880906
