mae_mean	mae_single
4.636268617955844	4.557328584389925
