mae_mean	mae_single
5.556224847679109	5.482579771393318
