mae_mean	mae_single
5.473481111056608	5.396434699574741
