mae_mean	mae_single
5.328356298800663	5.51336555051669
