mae_mean	mae_single
4.537941629083311	4.4973117895255
