mae_mean	mae_single
5.038210559198098	5.003746420606161
