mae_mean	mae_single
5.833089632038038	5.84403381533135
