mae_mean	mae_single
4.477302637700599	4.483834895862134
