mae_mean	mae_single
6.255172045371349	6.289704636698828
