mae_mean	mae_single
4.584781307299562	4.599635351965534
