mae_mean	mae_single
4.7924251997708005	4.8764725518708385
