mae_mean	mae_single
4.126908864645667	4.194466588974506
