{"alpha_mean": 0.01458142606147466, "alpha_single": 0.01, "mae_mean": 4.420718039605142, "mae_single": 3.1719126640164705}