mae_mean	mae_single
5.7652077901161505	5.7668931471019835
