mae_mean	mae_single
5.694670573176936	5.578583061202654
