mae_mean	mae_single
4.186276811447226	4.208015919396195
