mae_mean	mae_single
5.645881261308498	5.645881261308498
