{"alpha_mean": 0.0037051005630192395, "alpha_single": 0.03162277660168379, "mae_mean": 5.266428710822371, "mae_single": 3.7740863694261524}