mae_mean	mae_single
5.718468487383048	5.666625792430875
