mae_mean	mae_single
5.275529148368904	5.6722876642026865
