mae_mean	mae_single
5.161097685186071	5.262319677062505
