mae_mean	mae_single
5.118366274252428	5.341436824183964
