mae_mean	mae_single
5.079411972196707	5.114283209883403
