mae_mean	mae_single
5.123615376649637	5.078980075316904
