mae_mean	mae_single
5.3527646177548425	5.375806448553937
