mae_mean	mae_single
5.773843149404732	5.756497241799603
