mae_mean	mae_single
5.5396568041041885	5.571765450100125
