mae_mean	mae_single
5.143835059610027	5.072615516164528
