mae_mean	mae_single
4.722556360392669	4.755581330506648
