mae_mean	mae_single
5.755564876176257	5.758309159293179
