mae_mean	mae_single
5.769726021224207	5.782559639787796
