mae_mean	mae_single
5.437358247655541	5.318490787972583
