mae_mean	mae_single
5.183064246988274	5.183064246988274
