mae_mean	mae_single
5.258988768552976	5.666645655285796
