mae_mean	mae_single
5.664477933431923	5.665082323266506
