mae_mean	mae_single
4.5733773120344825	4.618872216992529
