mae_mean	mae_single
5.875103624300837	6.073034093423414
