mae_mean	mae_single
5.2935551457797	5.30413537579558
