mae_mean	mae_single
4.492966581181336	4.4378757068868895
