mae_mean	mae_single
4.515084350678198	4.5394021175666825
