mae_mean	mae_single
4.882534921742901	5.354572081936994
