mae_mean	mae_single
4.226734837818255	4.264332245110708
