mae_mean	mae_single
4.578677912643823	4.472159361477635
