mae_mean	mae_single
5.305979072883435	5.290592570664527
