mae_mean	mae_single
5.501092244170611	5.352477461422526
