mae_mean	mae_single
4.9970756690234595	4.9970756690234595
