mae_mean	mae_single
5.7416748797921855	5.713183113855981
