mae_mean	mae_single
5.114287136778806	5.489687439255619
