mae_mean	mae_single
5.774398406350633	5.842505311714612
