mae_mean	mae_single
5.842918396517226	5.8820871384362645
