mae_mean	mae_single
5.752280402433893	5.7484067671964825
