mae_mean	mae_single
5.349637185740397	5.346394432957242
