mae_mean	mae_single
6.113982151470654	6.105669901416993
