mae_mean	mae_single
4.476875542432889	4.575946782200127
