mae_mean	mae_single
4.6682926853058255	4.746628606322466
