mae_mean	mae_single
5.1176772976567575	5.143493008626615
