mae_mean	mae_single
5.2368368244832135	5.251323914071254
