mae_mean	mae_single
4.907712535944897	4.850940484534798
