mae_mean	mae_single
5.1613160601057615	5.272131530473084
