mae_mean	mae_single
4.795701331297681	4.7435358876808404
