mae_mean	mae_single
4.939987155766994	4.972437081370138
