mae_mean	mae_single
5.356383739362732	5.338301961831307
