mae_mean	mae_single
5.497155470928417	5.5324146032054875
