mae_mean	mae_single
5.177710905142515	5.177710905142515
