mae_mean	mae_single
5.562447735494311	5.55102526885319
