mae_mean	mae_single
6.1425045838648344	6.1621452606806715
