mae_mean	mae_single
5.599743814314126	5.6085462763762415
