mae_mean	mae_single
5.815932362639223	5.83025733329101
