mae_mean	mae_single
5.169410715099531	5.186853291772645
