mae_mean	mae_single
5.885692260221951	5.841668735365429
