mae_mean	mae_single
5.909052100834357	5.874861679926939
