mae_mean	mae_single
4.99526891915994	5.6762195246055684
