mae_mean	mae_single
4.919449854091187	5.226251303483476
