mae_mean	mae_single
4.519691268970403	4.671601663082558
