mae_mean	mae_single
5.325609009111723	5.324119729466523
