mae_mean	mae_single
4.878497322409792	4.888464279246874
