mae_mean	mae_single
4.5899215020618875	4.588900459256702
