mae_mean	mae_single
4.8312992163386514	5.112077891421986
