mae_mean	mae_single
4.8977607661266145	4.850132271535904
