mae_mean	mae_single
5.261296515454445	5.10377790721482
