mae_mean	mae_single
5.86634193603946	5.874104403736086
