mae_mean	mae_single
5.823046070223206	5.8333910979902575
