mae_mean	mae_single
5.696075368427559	5.657024936520432
