mae_mean	mae_single
5.993836632719638	6.012632353452009
