mae_mean	mae_single
5.698211983855515	5.701350574231532
