mae_mean	mae_single
4.983106132670883	4.978194315420003
