mae_mean	mae_single
5.364573563733744	5.303589438877198
