mae_mean	mae_single
5.591302829269656	5.830607023729112
