mae_mean	mae_single
4.187238315152163	4.1256399770147665
