mae_mean	mae_single
5.5501623884706826	5.609567935682576
