mae_mean	mae_single
4.916121651337953	4.913832066603763
