mae_mean	mae_single
5.469712669749144	5.337168509390281
