mae_mean	mae_single
4.973691166164125	4.951225408965089
