mae_mean	mae_single
6.189216799333352	6.205084627132999
