mae_mean	mae_single
5.45374967692697	5.5671042021358295
