mae_mean	mae_single
4.796579889350866	4.852786696829787
