mae_mean	mae_single
5.973940379219865	6.003180476472861
