mae_mean	mae_single
4.55444373633917	4.605747290862277
