mae_mean	mae_single
4.519881022002439	4.499831717775989
