mae_mean	mae_single
5.778977998689931	5.827371079146191
