mae_mean	mae_single
5.408994719185418	5.250324373353804
