mae_mean	mae_single
4.481643630444258	4.496131062403331
