mae_mean	mae_single
4.8902908508502945	4.8902908508502945
