mae_mean	mae_single
4.602947867314451	4.6716684664094625
