mae_mean	mae_single
4.331348365382591	4.322118426095754
