mae_mean	mae_single
5.1189065459560945	5.101272311493245
