mae_mean	mae_single
4.796384979155662	4.889508436942132
