mae_mean	mae_single
5.056960858234782	5.059197416113709
