mae_mean	mae_single
6.206500151483177	6.210348307464086
