mae_mean	mae_single
5.796104827263415	5.7734488736163225
