mae_mean	mae_single
5.502669799677919	5.625815372187975
