mae_mean	mae_single
5.7769394058715	5.780264647202821
