mae_mean	mae_single
5.08258670659487	5.059363824732987
