mae_mean	mae_single
6.194072970870836	6.148207039421465
