mae_mean	mae_single
4.87311538536878	4.83201091456344
