mae_mean	mae_single
5.462307100665644	5.4783927387053195
