mae_mean	mae_single
5.45364619576003	5.430263290517302
