mae_mean	mae_single
5.9743104996122876	6.110034050829507
