mae_mean	mae_single
4.956795537678098	4.97030613451394
