mae_mean	mae_single
5.213994778009018	5.213994778009018
