mae_mean	mae_single
5.408639261667815	5.42456465301849
