mae_mean	mae_single
5.482718547421334	5.547211208515155
