mae_mean	mae_single
4.433370821336055	4.441085108220801
