mae_mean	mae_single
4.955079119838666	4.836285287285823
