mae_mean	mae_single
5.792242646039308	5.7633454940209665
