mae_mean	mae_single
5.39640673565798	5.3825735317165595
