mae_mean	mae_single
6.259862465486478	6.2594135329463505
