mae_mean	mae_single
5.092062748182488	5.321752617762879
