mae_mean	mae_single
5.146617076636849	5.148467478690513
