mae_mean	mae_single
5.370408021374096	5.449427159531838
