mae_mean	mae_single
5.408068977241332	5.585751036989737
