mae_mean	mae_single
6.3162549884681525	6.36070990694764
