mae_mean	mae_single
4.831233359964292	4.845649891598693
