mae_mean	mae_single
4.7427980388477105	4.7225413334001285
