mae_mean	mae_single
4.9214871109024605	5.287687545596
