mae_mean	mae_single
4.1573741186295115	4.15887161498598
