mae_mean	mae_single
5.246654013599434	5.233397485752132
