mae_mean	mae_single
5.442274784975316	5.469092676167599
