mae_mean	mae_single
5.351433440352083	5.496720581719991
