mae_mean	mae_single
5.202204761077033	5.2234551057434
