mae_mean	mae_single
5.175150653458009	5.190442006027215
