mae_mean	mae_single
4.283181753672873	4.345889326489699
