mae_mean	mae_single
5.599333769151195	5.694422612923092
