mae_mean	mae_single
5.307298919919172	5.329731177032298
