mae_mean	mae_single
5.7801354859374285	5.797581126410877
