mae_mean	mae_single
5.308535391168309	5.3832854315474465
