mae_mean	mae_single
5.427964369952136	5.449352795149431
