mae_mean	mae_single
5.641014647657342	5.687902486426654
