mae_mean	mae_single
6.034864908526728	6.047685926837295
