mae_mean	mae_single
5.176435078996533	5.135513305366878
