mae_mean	mae_single
5.316620569371265	5.316202561426572
