mae_mean	mae_single
5.07502208293865	5.203540173861202
