mae_mean	mae_single
5.159805219398812	5.1794740937422965
