mae_mean	mae_single
4.859197731014338	4.865032825867728
