mae_mean	mae_single
6.100531921335532	6.096710440218715
