mae_mean	mae_single
5.487355379305191	5.491556942148787
