mae_mean	mae_single
5.383000632847112	5.361307879209667
