mae_mean	mae_single
5.3317848816661435	5.336780629043286
