mae_mean	mae_single
5.889108681719417	5.881168773765718
