mae_mean	mae_single
5.088612363384719	5.095200452793148
