mae_mean	mae_single
4.885633570766546	4.994994309359001
