mae_mean	mae_single
6.123594852557938	6.131374859576085
