mae_mean	mae_single
5.256488424360686	5.529596646323822
