mae_mean	mae_single
4.320848071568086	4.568756926966367
