mae_mean	mae_single
5.468113241181581	5.499952983684647
