mae_mean	mae_single
5.505586416570353	5.499781048297663
