mae_mean	mae_single
5.200790448765497	5.26157769152871
