mae_mean	mae_single
4.973860081362026	5.018037691082071
