mae_mean	mae_single
4.202146736634242	4.278405592514915
