mae_mean	mae_single
5.486426587534649	5.370360363045422
