mae_mean	mae_single
5.2019897429634	5.207062048402302
