mae_mean	mae_single
5.217410666813004	5.230067633419043
