mae_mean	mae_single
4.78964561017994	4.773479133749336
