mae_mean	mae_single
5.243458440926992	5.237073400091136
