mae_mean	mae_single
5.151227860800953	5.019911322167862
