mae_mean	mae_single
5.296554620344059	5.309692711915023
