mae_mean	mae_single
5.714318199669279	5.707272997718139
