mae_mean	mae_single
5.906771758544483	6.0809036898682765
