mae_mean	mae_single
5.454079955937069	5.589243318747858
