mae_mean	mae_single
5.5214531191947485	5.8505467247219585
