mae_mean	mae_single
5.243796904143981	5.242341370799885
