mae_mean	mae_single
4.937441597517439	4.958489952960888
