mae_mean	mae_single
4.872375693058224	4.950724175860549
