mae_mean	mae_single
5.548764676301011	5.5434648384181555
