mae_mean	mae_single
4.995284706707807	5.130048133512191
