mae_mean	mae_single
5.131294427706019	5.105441934500035
