mae_mean	mae_single
4.26582433903396	4.26582433903396
