mae_mean	mae_single
5.048293806037011	5.187129552791466
