mae_mean	mae_single
5.6552239112070115	5.766827256313493
