mae_mean	mae_single
4.628675612163317	4.758004442599959
