mae_mean	mae_single
5.41722464473387	5.802571480008491
