mae_mean	mae_single
5.444415040136918	5.460333843051417
