mae_mean	mae_single
5.804921358523132	6.300526542242707
