mae_mean	mae_single
5.302963595496962	5.233030991609301
