mae_mean	mae_single
4.601435892887829	4.570550888232124
