mae_mean	mae_single
4.555605442306481	4.572246738591938
