mae_mean	mae_single
5.5251524014477535	5.489201509168607
