mae_mean	mae_single
4.151805643692522	4.151805643692522
