mae_mean	mae_single
5.4707590614787645	5.500890148108007
