mae_mean	mae_single
4.6917722034856295	4.517274120401634
