mae_mean	mae_single
4.205152505853743	4.19947413444174
