mae_mean	mae_single
4.656837788006727	4.656837788006727
