mae_mean	mae_single
5.641525850211648	5.654896128128912
