mae_mean	mae_single
5.103535204207727	5.478804355948782
