mae_mean	mae_single
5.790731138835687	5.778724454770541
