mae_mean	mae_single
5.739220845749904	5.609125783446403
