mae_mean	mae_single
5.142027511055967	5.143920878796379
