mae_mean	mae_single
4.271026377473357	4.358238027522716
