mae_mean	mae_single
6.1307987247713065	6.1307987247713065
