mae_mean	mae_single
5.418174250260597	5.344434933750575
