mae_mean	mae_single
4.853033376942446	4.936864486039883
