mae_mean	mae_single
5.0117740092706	4.928996960664266
