mae_mean	mae_single
4.934581073889045	5.075183784344631
