mae_mean	mae_single
5.248145476601567	5.27444705562859
