mae_mean	mae_single
5.1173117797224705	5.124350049388355
