mae_mean	mae_single
5.315343146837506	5.352973317856355
