mae_mean	mae_single
5.969375498517103	5.969122561273242
