mae_mean	mae_single
5.643051559613734	5.619496427845271
