mae_mean	mae_single
5.138489209205407	5.178344577697279
