mae_mean	mae_single
5.432493457105995	5.454437236298165
