mae_mean	mae_single
5.494162832382065	5.45015434391579
