mae_mean	mae_single
5.426995070345903	5.452518312756988
