mae_mean	mae_single
5.083579353760303	5.083579353760303
