mae_mean	mae_single
5.568249700507479	5.54049191438136
