mae_mean	mae_single
5.244380234341726	5.248982368216404
