mae_mean	mae_single
5.617848697068124	5.642812252978003
