mae_mean	mae_single
5.736076277971844	5.746845964082543
