mae_mean	mae_single
4.8422389431421005	4.883977003408627
