mae_mean	mae_single
5.650264694793081	5.583033178204109
