mae_mean	mae_single
4.616596281322624	4.616596281322624
