mae_mean	mae_single
5.712189775225839	5.719278406598275
