mae_mean	mae_single
4.076096369055409	4.036844949822703
