mae_mean	mae_single
5.119473737825513	5.131179590380108
