mae_mean	mae_single
6.048661803351315	6.038692995118795
