mae_mean	mae_single
5.501295286989678	5.456092447500064
