mae_mean	mae_single
5.961817507165253	5.961817589554168
