mae_mean	mae_single
5.492184802004357	5.753491870784756
