mae_mean	mae_single
5.345478589055018	5.403101612017837
