mae_mean	mae_single
5.492829337664161	5.429363414482184
