mae_mean	mae_single
4.340245853466743	4.445878456889867
