mae_mean	mae_single
5.616877185802809	5.614170548757011
