mae_mean	mae_single
4.710306374956377	4.645905533769171
