mae_mean	mae_single
5.300352763143755	5.373170536887377
