mae_mean	mae_single
4.239265115315982	4.293547495746267
