mae_mean	mae_single
4.8515296685063305	4.924980874360788
