mae_mean	mae_single
5.811917663693965	5.8514173499590525
