mae_mean	mae_single
4.383424623696541	4.6148160686556325
