mae_mean	mae_single
5.696881332191157	5.643280740101593
