mae_mean	mae_single
5.687750519280095	5.57739113307775
