mae_mean	mae_single
5.6094651636803325	5.618458488250892
