mae_mean	mae_single
5.181418353411592	5.347263689458387
