mae_mean	mae_single
5.804930831209819	5.804930831209819
