mae_mean	mae_single
5.966159168628215	5.944565015419007
