mae_mean	mae_single
5.62243513007177	5.6192463921452696
