mae_mean	mae_single
5.183226327291557	5.068438661525609
