mae_mean	mae_single
5.048601222177789	5.1065493669953295
