mae_mean	mae_single
5.46203833270508	5.664745913825003
