mae_mean	mae_single
5.716281040087873	5.539958540737884
