mae_mean	mae_single
5.274825443433816	5.581190597237011
