mae_mean	mae_single
5.257252366810026	5.265187111811749
