mae_mean	mae_single
6.25673202457281	6.255851608921424
