mae_mean	mae_single
5.781577632974233	5.774233557787765
