mae_mean	mae_single
5.31860164020616	5.383663998066405
