mae_mean	mae_single
4.559023192127877	4.565228388930412
