mae_mean	mae_single
5.918491443382613	5.928198051378261
