mae_mean	mae_single
4.911097537448725	4.748890441929222
