mae_mean	mae_single
6.015259336596271	6.015655539958297
