mae_mean	mae_single
4.878232487129752	4.982411419725836
