mae_mean	mae_single
6.131229219401392	6.16552420166816
