mae_mean	mae_single
4.825507296178178	4.83789884972438
