mae_mean	mae_single
5.565174935965273	5.520858083452081
