mae_mean	mae_single
5.881479694915308	5.837675099229763
