mae_mean	mae_single
5.106110122948043	5.176476153782303
