mae_mean	mae_single
4.138571894312653	4.1453629838235795
