mae_mean	mae_single
5.073149248425071	5.170169975201688
