mae_mean	mae_single
5.105725257689848	5.117589026682569
