mae_mean	mae_single
5.1162094627804695	5.1226939045906885
