mae_mean	mae_single
5.210878552156622	5.206803287748786
