mae_mean	mae_single
4.96246654650515	5.3835667103390685
