mae_mean	mae_single
5.507289351548929	5.260544051492914
