mae_mean	mae_single
5.255143537198674	4.915380830836674
