mae_mean	mae_single
5.332739344441241	5.4535621010576705
