mae_mean	mae_single
4.439067470188363	4.40014639593975
