mae_mean	mae_single
4.87744298537979	4.865431750207664
