mae_mean	mae_single
4.592888407874912	4.667226187858963
