mae_mean	mae_single
5.367903316685655	5.377714463880531
