mae_mean	mae_single
5.6702831909194895	5.654634934920708
