mae_mean	mae_single
5.344945610269263	5.8186624638267865
