mae_mean	mae_single
4.962492264444255	4.974897472009797
