mae_mean	mae_single
5.388479718414243	5.345600851255635
