mae_mean	mae_single
5.758540454030573	5.764778833393265
