mae_mean	mae_single
4.190467123337051	4.070829663974509
