mae_mean	mae_single
6.100422763281467	6.133579266937878
