mae_mean	mae_single
4.1442259367997885	4.316921244465629
