mae_mean	mae_single
4.491826046008723	4.643656841243389
