mae_mean	mae_single
4.584006809080964	4.571559293704809
