mae_mean	mae_single
5.442207520521895	5.444061608485865
