mae_mean	mae_single
5.365051936225924	5.393794525296565
