mae_mean	mae_single
5.255407965572829	5.257319836856436
