mae_mean	mae_single
5.9987821363584315	6.272538985919686
