mae_mean	mae_single
5.626875556467515	5.78869874085012
