mae_mean	mae_single
5.448267179965391	5.448567217073859
