mae_mean	mae_single
5.5746096177679085	5.578564013060193
