mae_mean	mae_single
4.790063648695913	4.790063648695913
