mae_mean	mae_single
5.8542368001876515	5.851937558618519
