mae_mean	mae_single
5.457682343784688	6.007800879520782
