mae_mean	mae_single
4.908209019648476	4.890824065199891
