mae_mean	mae_single
5.442724320680758	5.4420899441793065
