mae_mean	mae_single
5.042300952154081	5.0427762055011245
