mae_mean	mae_single
5.480884908471719	5.615029961498468
