mae_mean	mae_single
5.741042401339926	5.747442995865574
