mae_mean	mae_single
5.23131697683143	5.381431626733603
