mae_mean	mae_single
4.879351980574054	4.854823215844304
