mae_mean	mae_single
5.634472237266643	5.662353474002204
