mae_mean	mae_single
5.901180579091148	5.901180579091148
