mae_mean	mae_single
5.790693285434659	5.7968743422786595
