mae_mean	mae_single
5.397532249146142	5.5488840618116315
