mae_mean	mae_single
6.069786561729769	5.982684148764392
