mae_mean	mae_single
5.793417781050509	5.848797112009547
