mae_mean	mae_single
6.329765627222655	6.375155687511183
