mae_mean	mae_single
4.6915473520871425	4.820838709653564
