mae_mean	mae_single
6.262582043087541	6.132305239403766
