mae_mean	mae_single
4.411723830553288	4.473795970064136
