mae_mean	mae_single
5.782506495419431	5.804516718198284
