mae_mean	mae_single
4.971473405215951	4.982406383045516
