mae_mean	mae_single
5.4238410297071775	5.303304330166602
