mae_mean	mae_single
5.30066014562577	5.219453606996497
