mae_mean	mae_single
4.494740256914944	4.494740256914944
