mae_mean	mae_single
6.119877161272539	6.119877161272539
