mae_mean	mae_single
5.702948578848828	5.88480500158006
