mae_mean	mae_single
5.4049670978480355	5.400640495630879
