mae_mean	mae_single
5.619949725432824	5.629159959790883
