mae_mean	mae_single
4.664867231175902	4.664867231175902
