mae_mean	mae_single
4.2644774280202675	4.597425092915949
