mae_mean	mae_single
4.503208854672553	4.504943459486341
