mae_mean	mae_single
5.178650621851923	5.205488500439773
