mae_mean	mae_single
5.566272767433415	5.599306069942432
