mae_mean	mae_single
4.658372257274577	4.7221312578925545
