mae_mean	mae_single
4.810706330996228	4.9232927198473275
