mae_mean	mae_single
4.735093777445968	5.183143443078975
