mae_mean	mae_single
4.562870063274917	4.594816088882264
