mae_mean	mae_single
5.982505041328809	5.985705066020568
