mae_mean	mae_single
5.49259817115844	5.496201952786094
