mae_mean	mae_single
4.635707027884931	4.848188769939291
