mae_mean	mae_single
5.645610901637223	5.645610901637223
