mae_mean	mae_single
4.091922756807028	4.136404332744635
