mae_mean	mae_single
5.696102974965118	5.7206626440752215
