mae_mean	mae_single
5.15925208731846	5.872779013174671
