mae_mean	mae_single
5.068045006910684	5.049949132425698
