mae_mean	mae_single
5.769688390159858	5.772571527787178
