mae_mean	mae_single
4.592365557377221	4.606020766668786
