mae_mean	mae_single
5.315116179546104	5.315104201871415
