mae_mean	mae_single
5.292052966152558	5.289492210279642
