mae_mean	mae_single
5.676367882385094	5.470727986187311
