mae_mean	mae_single
5.44050074611924	5.441526874785192
