mae_mean	mae_single
5.510395884421733	5.4806344513319445
