mae_mean	mae_single
5.193346837249633	5.162482156508751
