mae_mean	mae_single
5.05561018235491	5.025213085083184
