mae_mean	mae_single
4.836538570930865	4.8093017451826805
