mae_mean	mae_single
5.272727993415709	5.129539480993104
