mae_mean	mae_single
5.21795460771225	5.155928284828883
