mae_mean	mae_single
5.471111199848681	5.471844929578808
