mae_mean	mae_single
5.609670867978071	5.6285028384027855
