mae_mean	mae_single
5.095794738663269	5.094871121828469
