mae_mean	mae_single
4.725680705827275	4.941293310529958
