mae_mean	mae_single
5.598476074157204	5.475963468471336
