mae_mean	mae_single
5.443718642216586	5.868975314371494
