mae_mean	mae_single
5.466543876251821	5.553017088251601
