mae_mean	mae_single
4.725459046623516	4.701324592110763
