mae_mean	mae_single
5.305008933121529	5.332155152101959
