mae_mean	mae_single
4.480376181209361	4.487597709765232
