mae_mean	mae_single
4.646409392293463	4.647841376422112
