mae_mean	mae_single
5.793529568655324	5.780270818931508
