mae_mean	mae_single
4.184476191019633	4.295536161439655
