mae_mean	mae_single
5.221521244546752	5.131430782346906
