mae_mean	mae_single
5.559966636595572	5.8141326151812205
