mae_mean	mae_single
5.7611257211132365	5.886182753173531
