mae_mean	mae_single
5.373093330107998	5.409547352175375
