mae_mean	mae_single
5.058742558767621	5.079971994545267
