mae_mean	mae_single
4.607979590385736	4.6913381655341455
