mae_mean	mae_single
5.644943082065359	5.640267970875252
