mae_mean	mae_single
5.0794082581712825	5.07347838670067
