mae_mean	mae_single
4.805533349856308	4.767250625570836
