mae_mean	mae_single
5.970202013948398	5.9901862237142245
