mae_mean	mae_single
4.508054831997975	4.770690655348098
