mae_mean	mae_single
5.30548738042371	5.604484211703687
