mae_mean	mae_single
4.797050118290439	4.797050118290439
