mae_mean	mae_single
5.2448172334930545	5.206648345809073
