mae_mean	mae_single
4.802394933587593	4.881719158860538
