mae_mean	mae_single
5.807913534429486	5.883783577286519
