mae_mean	mae_single
5.4564630877415325	5.461074988691259
