mae_mean	mae_single
5.053257301589629	5.115167670373984
