mae_mean	mae_single
5.406760943935765	5.396565436184524
