mae_mean	mae_single
5.325150339478929	5.134761163077436
