mae_mean	mae_single
5.058323659758849	5.053337661706237
