mae_mean	mae_single
5.584707531198548	5.511133339545834
