mae_mean	mae_single
5.041399540708956	5.113515488171769
