mae_mean	mae_single
5.1463771620957095	5.1390258692681865
