mae_mean	mae_single
5.075566379574488	5.494604701504668
