mae_mean	mae_single
4.354324737118264	4.424409000432684
