mae_mean	mae_single
5.148986005133475	5.148986005133475
