mae_mean	mae_single
6.119612892700935	6.197069072203006
