mae_mean	mae_single
5.768823245141357	5.769894107907234
