mae_mean	mae_single
5.7936108872709084	5.789098743449163
