mae_mean	mae_single
5.78246069344682	5.785433606932267
