mae_mean	mae_single
5.961252323387382	5.9518532702079945
