mae_mean	mae_single
5.406181254946432	5.34092386228082
