mae_mean	mae_single
5.03739418773678	5.07596170810829
