mae_mean	mae_single
5.7454142500747505	5.705910963967282
