mae_mean	mae_single
4.694571395976832	4.4438510331725745
