mae_mean	mae_single
4.217629950315449	4.283119019371417
