mae_mean	mae_single
4.448392531848303	4.448392531848303
