mae_mean	mae_single
4.3335790630381865	4.480613918403785
