mae_mean	mae_single
4.730293425149347	4.948664021818409
