mae_mean	mae_single
4.7615835723291715	4.790794952107325
