mae_mean	mae_single
4.716468636819738	4.721556446652997
