mae_mean	mae_single
5.674472192574227	5.678899785870912
