mae_mean	mae_single
4.715540313446962	4.6749354826971485
