mae_mean	mae_single
5.583062547085702	5.69333409770609
