mae_mean	mae_single
4.872160757279725	4.885463176140581
