mae_mean	mae_single
5.153181297700476	5.1519568546768895
