mae_mean	mae_single
5.047941134696375	5.039657993188447
