mae_mean	mae_single
5.5491266107938255	5.599226561226334
