mae_mean	mae_single
5.176288320172859	5.234935913987831
