mae_mean	mae_single
5.085730790384825	5.378931880924372
