mae_mean	mae_single
5.477005918576984	5.4994642169006775
