mae_mean	mae_single
5.034133132018587	4.811329441201177
