mae_mean	mae_single
5.178639762769588	5.143458360709977
