mae_mean	mae_single
5.68247248371454	5.6638585875760095
