mae_mean	mae_single
5.238997284631644	5.2605621191983145
