mae_mean	mae_single
5.967991077238133	5.965417067428558
