mae_mean	mae_single
5.4681985481804825	5.4688558218874626
