mae_mean	mae_single
5.580983857637929	5.583936120090967
