mae_mean	mae_single
5.135624887036118	5.0842591974992715
