mae_mean	mae_single
4.934987885497222	4.994760650688626
