mae_mean	mae_single
5.660444801519792	5.97861803095625
