mae_mean	mae_single
5.136719928423725	5.139022625792067
