mae_mean	mae_single
5.122278804559525	5.125590104854419
