mae_mean	mae_single
5.943324990124975	5.9638971363755795
