mae_mean	mae_single
5.55325244976678	5.6101313287623364
