mae_mean	mae_single
6.232201010772536	6.1491694560848975
