mae_mean	mae_single
5.386790828874579	5.254252718400728
