mae_mean	mae_single
6.113029510546441	6.063915214831838
