mae_mean	mae_single
5.489216160777847	5.936714763306357
