mae_mean	mae_single
5.508077886311235	5.493606905592355
