mae_mean	mae_single
4.648389439082167	4.648389439082167
