mae_mean	mae_single
5.256352925523134	5.259198028725779
