mae_mean	mae_single
5.259741239290314	5.233579648466922
