mae_mean	mae_single
5.376303737435758	5.430886437626208
