mae_mean	mae_single
5.621443430804513	5.98144747692839
