mae_mean	mae_single
4.775420214530266	4.749537892341157
