mae_mean	mae_single
4.989084385461413	4.969462019537696
