mae_mean	mae_single
4.866232416956306	4.836987849955196
