mae_mean	mae_single
5.154366576691294	5.2912551955567775
