mae_mean	mae_single
5.517273836983166	5.53536507198175
