mae_mean	mae_single
5.176805747583239	5.230813707632971
