mae_mean	mae_single
5.578166902781647	5.683028733429512
