mae_mean	mae_single
5.837889768347446	5.7806807966289915
