mae_mean	mae_single
4.769861094755792	4.770422051822882
