mae_mean	mae_single
4.496294013247901	4.4858630038053455
