mae_mean	mae_single
4.423541807262491	4.435341658137854
