mae_mean	mae_single
3.907538245476759	4.142215957953781
