mae_mean	mae_single
5.816810345647567	5.882870955022836
