mae_mean	mae_single
5.615170660924505	5.690108998721476
