mae_mean	mae_single
4.872860685362849	4.6540132803194565
