mae_mean	mae_single
6.19808266387192	6.273975480341859
