mae_mean	mae_single
5.530309842090524	5.4213032812615225
