mae_mean	mae_single
5.276860867138166	5.279069972376341
