mae_mean	mae_single
4.682358100055624	4.682358100055624
