mae_mean	mae_single
5.03581331821799	5.017775686222124
