mae_mean	mae_single
5.543344440545042	5.549152454678721
