mae_mean	mae_single
4.993614630291876	5.074602790082915
