mae_mean	mae_single
5.065413524448812	5.042753922309172
