mae_mean	mae_single
5.089641002081111	5.81187625293329
