mae_mean	mae_single
5.0108265960913085	5.004876864725034
