mae_mean	mae_single
5.331213217109983	5.45350877584216
