mae_mean	mae_single
4.567934572404724	4.5507075853831545
