mae_mean	mae_single
5.59405685843337	5.577732741240405
