mae_mean	mae_single
5.907346571372574	5.942757301915581
