mae_mean	mae_single
5.220419644803422	5.2666859014476355
