mae_mean	mae_single
5.333625027104549	5.3307240983415385
