mae_mean	mae_single
4.484336847811255	4.407505072635859
