mae_mean	mae_single
5.303269207664632	5.0983450394108205
