mae_mean	mae_single
5.609308799666537	5.658192099105872
