mae_mean	mae_single
5.538120544702687	5.537751510479398
