mae_mean	mae_single
6.0587571403485905	5.963753334507977
