mae_mean	mae_single
5.166240793288841	5.272788896612868
