mae_mean	mae_single
5.608896816821159	5.611412063104974
