mae_mean	mae_single
5.545401178443305	5.5503698800531165
