mae_mean	mae_single
5.636046036133436	5.623566427541342
