mae_mean	mae_single
5.116929582991062	5.144951342076382
