mae_mean	mae_single
5.707567590859014	5.692872409144985
