mae_mean	mae_single
5.060285779138393	5.002247267448048
