mae_mean	mae_single
5.980887453185622	5.9536156169797705
