mae_mean	mae_single
5.207858880813666	5.092754493758598
