mae_mean	mae_single
5.93092766326545	5.92039639062406
