mae_mean	mae_single
5.008411246596907	5.036649568547693
