mae_mean	mae_single
6.095875902245602	6.030400751868606
