mae_mean	mae_single
5.4603066525120125	5.459912240703996
