mae_mean	mae_single
5.622609008132332	6.172065770233458
