mae_mean	mae_single
5.22937456141486	5.365753805988405
