mae_mean	mae_single
5.549874844750417	5.601782457021984
