mae_mean	mae_single
4.027575777589755	4.037215492840495
