mae_mean	mae_single
4.371281239859981	4.59624769958376
