mae_mean	mae_single
4.785391472743024	4.801451761539741
