mae_mean	mae_single
4.514887517304197	4.9274037533647626
