mae_mean	mae_single
5.616742299540746	5.6165222333277205
