mae_mean	mae_single
5.669519146580445	5.65267778440643
