mae_mean	mae_single
5.5710130509193565	5.486926178102128
