mae_mean	mae_single
5.429383548491714	5.448281459715416
