mae_mean	mae_single
4.948448584437874	4.91269777511991
