mae_mean	mae_single
5.257834936211283	5.198223217775117
