mae_mean	mae_single
5.408206228209864	5.306599716533485
