mae_mean	mae_single
4.940484102191006	4.902744385227092
