mae_mean	mae_single
5.565998927042469	5.55308701881308
