mae_mean	mae_single
6.059318535938107	5.968033178023117
