mae_mean	mae_single
5.314358339845564	5.974764531804923
