mae_mean	mae_single
4.420405194215184	4.4107996621837415
