mae_mean	mae_single
5.3139151840084295	5.230004346057984
