mae_mean	mae_single
5.2071881120805275	5.206901737462061
