mae_mean	mae_single
5.831716700003487	5.943837350352581
