mae_mean	mae_single
4.809343800323828	4.87463917075719
