mae_mean	mae_single
4.413844048683612	4.657774787352626
