mae_mean	mae_single
5.021022027383834	5.021792219713847
