mae_mean	mae_single
5.667186146720029	5.742460952594728
