y	y_hat	y_index
61.2780821917808	73.56897507610621	714
87.6616438356164	73.5685217127124	715
