y	y_hat	y_index
73.5849315068493	73.6457205880552	297
63.0780821917808	73.6447727225198	298
61.8246575342466	73.64721560746868	299
