y	y_hat	y_index
71.2506849315069	73.65327745953216	219
62.9616438356164	73.65136345261973	220
70.8780821917808	73.65113832919405	221
