y	y_hat	y_index
66.6753424657534	73.56725482429377	225
73.5808219178082	73.56829350429082	226
78.8835616438356	73.56785992427984	227
