y	y_hat	y_index
68.9616438356164	73.61041796251834	180
76.7671232876712	73.60923790229405	181
72.4479452054795	73.61154634095885	182
