y	y_hat	y_index
76.3123287671233	73.55555247461496	639
82.2054794520548	73.55436397185042	640
70.2630136986301	73.55447782272651	641
