y	y_hat	y_index
71.8424657534247	73.61032534582644	684
75.9369863013699	73.60958474995303	685
72.9849315068493	73.60909516544858	686
