y	y_hat	y_index
67.9342465753425	73.55565188622646	693
78.5287671232877	73.55603805610117	694
88.3315068493151	73.55730897322225	695
