y	y_hat	y_index
61.0178082191781	73.5539051711837	507
78.4780821917808	73.55655404362561	508
77.2479452054795	73.55505108469194	509
