y	y_hat	y_index
70.8616438356164	73.61014313133818	330
84.7424657534247	73.60931231514792	331
62.7643835616438	73.60842501424503	332
