y	y_hat	y_index
65.086301369863	73.65184721962767	183
69.1657534246575	73.65479053909188	184
71.6835616438356	73.65121864660074	185
