y	y_hat	y_index
61.0424657534247	73.60916961307973	444
68.058904109589	73.60938101076836	445
74.9260273972603	73.6091430064297	446
