y	y_hat	y_index
75.8780821917808	73.61020176168559	3
71.2671232876712	73.60892584182237	4
61.0808219178082	73.60914858531119	5
