y	y_hat	y_index
67.7616438356164	73.6116399905879	492
79.2890410958904	73.61163916248918	493
69.8643835616438	73.61164095611268	494
