y	y_hat	y_index
72.7835616438356	73.55471054426053	198
82.1753424657534	73.5550197659426	199
74.2671232876712	73.5529802268843	200
