y	y_hat	y_index
69.1876712328767	73.61076758222518	9
77.5616438356164	73.61059859317831	10
59.7616438356164	73.610301676055	11
