y	y_hat	y_index
71.5671232876712	73.60928134194116	123
70.7616438356164	73.61065561962882	124
81.4342465753425	73.60891275854495	125
