y	y_hat	y_index
60.1671232876712	73.61009587308904	489
76.5342465753425	73.6133821744771	490
69.172602739726	73.60994554532381	491
