y	y_hat	y_index
75.7315068493151	73.61039692060137	573
63.8178082191781	73.61172412223675	574
70.572602739726	73.61077220078761	575
