y	y_hat	y_index
79.2616438356164	73.55616502064392	171
79.386301369863	73.55616514965332	172
61.7808219178082	73.55616125950415	173
