y	y_hat	y_index
71.2808219178082	73.56921896566773	730
76.0232876712329	73.56780915510888	731
