y	y_hat	y_index
61.8616438356164	73.61068751334028	474
68.1561643835616	73.60890330290584	475
76.2698630136986	73.6103115919681	476
