y	y_hat	y_index
66.7328767123288	73.61163998279929	189
80.5041095890411	73.6116437878531	190
59.9506849315068	73.61164037478653	191
