y	y_hat	y_index
73.2808219178082	73.55616071246212	468
76.3424657534247	73.5561612730094	469
77.7643835616438	73.55615961474771	470
