y	y_hat	y_index
66.3630136986301	73.65328689039019	267
68.9452054794521	73.65031032144857	268
58.2931506849315	73.65131049394307	269
