y	y_hat	y_index
84.2205479452055	73.55601719875798	210
72.3534246575342	73.55505997707077	211
79.672602739726	73.55439474668003	212
