y	y_hat	y_index
79.1424657534247	73.61100136797062	513
73.2616438356164	73.6100710894494	514
64.3027397260274	73.61226622754728	515
