y	y_hat	y_index
73.9424657534247	73.61015357889833	390
71.9041095890411	73.61064417806769	391
70.8260273972603	73.61251498449276	392
