y	y_hat	y_index
65.4931506849315	73.65322458958559	228
73.3301369863014	73.65137249592966	229
68.2506849315069	73.65372973962332	230
