y	y_hat	y_index
88.2643835616438	73.53704876017943	606
73.7821917808219	73.53890121006947	607
82.4534246575342	73.53840257675222	608
