y	y_hat	y_index
69.6178082191781	73.61114895399916	558
82.9027397260274	73.61116565263198	559
72.3260273972603	73.6094645919704	560
