y	y_hat	y_index
73.9561643835616	73.54862522996233	728
79.9397260273973	73.54862701779615	729
