y	y_hat	y_index
73.6780821917808	73.64657208600543	255
72.5534246575342	73.64657360609448	256
72.3643835616438	73.64657252862635	257
