y	y_hat	y_index
71.258904109589	73.65178414549973	612
57.6616438356164	73.65274161027895	613
72.7671232876712	73.65253971994974	614
