y	y_hat	y_index
73.9808219178082	73.53972245316112	96
84.0424657534247	73.53972531430944	97
75.572602739726	73.5397240892888	98
