y	y_hat	y_index
72.2068493150685	73.64495348034038	718
72.7780821917808	73.64508139890052	719
