y	y_hat	y_index
86.4643835616438	73.55446136718047	201
69.7808219178082	73.5556062847861	202
75.7835616438356	73.556583206125	203
