y	y_hat	y_index
75.8890410958904	73.53802070390947	33
85.7260273972603	73.53708482354612	34
75.7424657534247	73.5366369295273	35
