y	y_hat	y_index
76.1753424657534	73.55762055174233	117
68.3068493150685	73.55572768850661	118
75.3452054794521	73.55510834536325	119
