y	y_hat	y_index
58.1808219178082	73.60961095466658	435
61.7849315068493	73.6102255830584	436
76.0561643835616	73.61072487143079	437
