y	y_hat	y_index
69.3534246575342	73.60989134524323	315
81.0150684931507	73.61120048069333	316
60.6232876712329	73.61161168374167	317
