y	y_hat	y_index
74.8452054794521	73.61164418473255	27
57.6315068493151	73.6116408078863	28
71.5794520547945	73.6116424885369	29
