y	y_hat	y_index
70.1616438356164	73.6116414947914	669
81.0835616438356	73.61164238869176	670
59.1671232876712	73.61164124955003	671
