y	y_hat	y_index
71.6835616438356	73.60903868446734	156
77.872602739726	73.6119590848906	157
70.7671232876712	73.6118703062217	158
