y	y_hat	y_index
76.8506849315069	73.55827498589031	699
77.1630136986301	73.55778426418945	700
70.4534246575342	73.5561298310907	701
