y	y_hat	y_index
82.3917808219178	73.55627621285107	246
74.1849315068493	73.55590549726834	247
55.4164383561644	73.55419222402351	248
