y	y_hat	y_index
70.1534246575342	73.56849426909888	710
78.7479452054795	73.56999931735537	711
