y	y_hat	y_index
71.9643835616438	73.6116419228196	585
71.3479452054795	73.61164191549788	586
83.0616438356164	73.61164173034497	587
