y	y_hat	y_index
64.5616438356164	73.60958433679326	279
71.158904109589	73.609867672861	280
77.0643835616438	73.60888620321953	281
