y	y_hat	y_index
70.4219178082192	73.65177187405823	603
65.9424657534247	73.65228781371682	604
68.1698630136986	73.65163000997427	605
