y	y_hat	y_index
75.2835616438356	73.53746326248863	84
75.2424657534247	73.53707945279248	85
74.1780821917808	73.53786590635966	86
