y	y_hat	y_index
65.2561643835616	73.55315086585875	456
75.6808219178082	73.55260124392946	457
74.9835616438356	73.55340438738054	458
