y	y_hat	y_index
68.5342465753425	73.61065625645696	306
78.1452054794521	73.60949081843154	307
69.458904109589	73.61081289901541	308
