y	y_hat	y_index
88.5698630136986	73.53743747335209	261
76.8657534246575	73.53872457031346	262
87.7698630136986	73.53899225946725	263
