y	y_hat	y_index
80.3753424657534	73.53866237471252	258
74.3452054794521	73.53784124808378	259
75.058904109589	73.53895102175458	260
