y	y_hat	y_index
70.4698630136986	73.5565086936823	516
86.6369863013699	73.55655524971186	517
77.8835616438356	73.5565919708671	518
