y	y_hat	y_index
82.2808219178082	73.55347483817054	597
81.1958904109589	73.55474600499039	598
61.0643835616438	73.55454898699432	599
