y	y_hat	y_index
74.9643835616438	73.53937918953758	696
73.8616438356164	73.53795300223481	697
75.1808219178082	73.53975761321443	698
