y	y_hat	y_index
75.8616438356164	73.6096696530418	165
70.7643835616438	73.60883648648736	166
73.372602739726	73.61115175578063	167
