y	y_hat	y_index
73.4287671232877	73.61227432956191	243
67.4643835616438	73.60996009080543	244
75.3602739726027	73.6096770098847	245
