y	y_hat	y_index
81.8835616438356	73.56895624404851	501
73.558904109589	73.56909537942055	502
63.3452054794521	73.56741528091978	503
