y	y_hat	y_index
88.2561643835616	73.55535211878973	99
72.158904109589	73.55399604072724	100
75.7808219178082	73.55521064289205	101
