y	y_hat	y_index
79.1986301369863	73.55476451588848	135
74.7835616438356	73.55523353855777	136
71.8890410958904	73.55357092195554	137
