y	y_hat	y_index
67.6643835616438	73.61024265337663	231
78.3698630136986	73.60933304035586	232
71.958904109589	73.61021724727412	233
