y	y_hat	y_index
62.8698630136986	73.60986732073043	177
80.3534246575342	73.61108764864855	178
63.7506849315068	73.60908030347582	179
