y	y_hat	y_index
71.0041095890411	73.61071320557849	528
76.4753424657534	73.61060788823681	529
68.4643835616438	73.60872552574132	530
