y	y_hat	y_index
71.2369863013699	73.61175209635776	324
63.8479452054794	73.61017344776734	325
79.6890410958904	73.61038927586849	326
