y	y_hat	y_index
81.0643835616438	73.55465773748686	21
79.0342465753425	73.555161468848	22
71.7452054794521	73.554942536092	23
