y	y_hat	y_index
60.672602739726	73.6104202541245	576
75.5	73.6112035756945	577
57.6835616438356	73.61115375422206	578
