y	y_hat	y_index
71.972602739726	73.6110478059606	555
69.9260273972603	73.61056646582294	556
84.5342465753425	73.61077756210159	557
