y	y_hat	y_index
68.3904109589041	73.60979585672462	633
63.8479452054794	73.6093511928108	634
76.186301369863	73.6129859799131	635
