y	y_hat	y_index
90.272602739726	73.61069518496686	666
66.4561643835616	73.60846145992505	667
71.5643835616438	73.61236384847606	668
