y	y_hat	y_index
68.2808219178082	73.55577500852777	627
80.5767123287671	73.55535683508216	628
74.2643835616438	73.5537217749519	629
