y	y_hat	y_index
72.1712328767123	73.61052341474942	393
73.1013698630137	73.61083568389101	394
75.7835616438356	73.61237944562292	395
