y	y_hat	y_index
73.558904109589	73.6436014100464	369
65.086301369863	73.64595672826265	370
70.6671232876712	73.6447425527126	371
