y	y_hat	y_index
79.6849315068493	73.6112202345779	651
68.8616438356164	73.61191052647735	652
64.9712328767123	73.60894687014583	653
