y	y_hat	y_index
83.0164383561644	73.55609032159626	426
72.8671232876712	73.5542597444428	427
74.9616438356164	73.5545526899479	428
