y	y_hat	y_index
73.8643835616438	73.53877272589096	207
75.0397260273973	73.54000958562098	208
91.3068493150685	73.54016329747628	209
