y	y_hat	y_index
79.5657534246575	73.53699638214812	372
75.2452054794521	73.53706296086541	373
80.9849315068493	73.53800148378896	374
