y	y_hat	y_index
76.7041095890411	73.60873621015598	348
73.2479452054795	73.6103941532474	349
67.3205479452055	73.60916305565001	350
