y	y_hat	y_index
72.63989854950165	73.55696521171718	90
82.0780821917808	73.55321363702856	91
78.1698630136986	73.55476443619888	92
