y	y_hat	y_index
72.1630136986301	73.61031615437078	615
83.8506849315069	73.61281826144429	616
72.4424657534247	73.61038472428069	617
