y	y_hat	y_index
69.4808219178082	73.55618046774826	609
83.6205479452055	73.5571466832044	610
75.1643835616438	73.55467475303678	611
