y	y_hat	y_index
72.7013698630137	73.55374957190598	57
77.8342465753425	73.55469321529881	58
79.7643835616438	73.55568610038146	59
