y	y_hat	y_index
76.4410958904109	73.55531080956516	282
66.9931506849315	73.55682795961748	283
79.5643835616438	73.55514540555616	284
