y	y_hat	y_index
74.4808219178082	73.53720183283087	144
82.1643835616438	73.53869182402087	145
82.6643835616438	73.53972613377942	146
