y	y_hat	y_index
73.6616438356164	73.54235893982042	336
73.6465753424658	73.53989290997932	337
75.0671232876712	73.53921727081108	338
