y	y_hat	y_index
84.3616438356164	73.53877010278096	168
85.5369863013699	73.5390747051731	169
75.0671232876712	73.53828113587947	170
