y	y_hat	y_index
71.8452054794521	73.55546133868985	402
80.1986301369863	73.55756292107347	403
78.3561643835616	73.55524213243436	404
