y	y_hat	y_index
67.9041095890411	73.65052042247511	705
70.4397260273973	73.65261761968537	706
62.8479452054794	73.65220578898982	707
