y	y_hat	y_index
76.1506849315069	73.55616313430794	540
64.5643835616438	73.55616238604622	541
87.1643835616438	73.55616428660434	542
