y	y_hat	y_index
89.0698630136986	73.54012350658527	570
77.2260273972603	73.53942520102405	571
79.5616438356164	73.54184181895451	572
