y	y_hat	y_index
79.8520547945206	73.55691878239486	66
90.2561643835616	73.55585642611315	67
71.058904109589	73.55390404777009	68
