y	y_hat	y_index
73.958904109589	73.55363501797247	486
83.258904109589	73.55557692739474	487
68.2780821917808	73.55439297253652	488
