y	y_hat	y_index
74.2698630136986	73.55580043520261	150
66.9780821917808	73.55513034416522	151
82.0616438356164	73.55581421931383	152
