y	y_hat	y_index
83.2643835616438	73.55579568268028	519
84.6671232876712	73.55613397958687	520
70.8287671232877	73.55535484311928	521
