y	y_hat	y_index
77.1260273972603	73.55485058348094	195
70.1260273972603	73.55480455547443	196
81.5424657534247	73.5551342398037	197
