y	y_hat	y_index
79.2232876712329	73.5542774429268	360
56.4287671232877	73.55470190750066	361
87.2835616438356	73.55579870711944	362
