y	y_hat	y_index
73.1616438356164	73.6108272496102	567
56.3643835616438	73.61037117830452	568
74.6534246575342	73.61247110497638	569
