y	y_hat	y_index
75.5616438356164	73.53825859097141	387
79.1671232876712	73.53809878539289	388
79.2534246575342	73.53929246769833	389
