y	y_hat	y_index
78.1698630136986	73.54095579372574	690
79.0479452054795	73.53928503677187	691
77.3452054794521	73.5402097548366	692
