y	y_hat	y_index
79.2452054794521	73.54898822214672	720
81.8671232876712	73.54768526278498	721
