y	y_hat	y_index
55.0041095890411	73.61005049187865	534
72.4780821917808	73.61051788454164	535
81.058904109589	73.6129698650083	536
