y	y_hat	y_index
69.9835616438356	73.65300336746179	0
72.5561643835616	73.65254402061734	1
71.3616438356164	73.65085400247523	2
