y	y_hat	y_index
77.758904109589	73.53881722144719	381
77.1369863013699	73.53788300762145	382
89.5616438356164	73.53925056622603	383
