y	y_hat	y_index
75.1452054794521	73.53884549376822	423
75.6369863013699	73.53808733547977	424
74.7534246575342	73.53636949148496	425
