y	y_hat	y_index
62.1205479452055	73.61057714382927	411
68.9890410958904	73.61215209539395	412
77.9397260273973	73.60979828502535	413
