y	y_hat	y_index
78.986301369863	73.5561284416884	105
72.2095890410959	73.55569153572652	106
78.9657534246575	73.55388942744985	107
