y	y_hat	y_index
64.0794520547945	73.64657335304678	732
69.558904109589	73.6465741309044	733
