y	y_hat	y_index
70.3246575342466	73.55559856055707	342
79.1698630136986	73.55360816993804	343
78.8383561643836	73.55463125322481	344
