y	y_hat	y_index
78.4671232876712	73.53768418129658	222
74.5424657534247	73.53768219813549	223
76.0369863013699	73.54150887157861	224
