y	y_hat	y_index
77.8150684931507	73.53846867222936	378
75.5671232876712	73.5368534857463	379
82.0287671232877	73.53893174155895	380
