y	y_hat	y_index
84.1397260273973	73.53871537096151	552
75.3260273972603	73.53973351978681	553
78.4013698630137	73.53809232301035	554
