y	y_hat	y_index
61.8561643835616	73.61163910221468	252
69.7780821917808	73.61164151325892	253
75.8479452054795	73.61164464065507	254
