y	y_hat	y_index
63.9821917808219	73.60951835433772	87
78.2808219178082	73.61047838083758	88
65.772602739726	73.60932393669057	89
