y	y_hat	y_index
70.1068493150685	73.55402629237868	24
85.2808219178082	73.55744299737927	25
77.3808219178082	73.55375589332355	26
