y	y_hat	y_index
81.7643835616438	73.55677093510313	291
88.9342465753425	73.55382010387716	292
68.7479452054795	73.55329690636188	293
