y	y_hat	y_index
61.2698630136986	73.61058912611242	141
74.2808219178082	73.61120421141985	142
62.8753424657534	73.607882458873	143
