y	y_hat	y_index
84.2698630136986	73.55615051447144	129
71.172602739726	73.55383664685922	130
82.9561643835616	73.55349557783472	131
