y	y_hat	y_index
71.4753424657534	73.55368379453716	600
74.6616438356164	73.55733850159226	601
76.0095890410959	73.55703013261598	602
