y	y_hat	y_index
77.9424657534247	73.55650331509115	264
75.3808219178082	73.55595103250013	265
67.6109589041096	73.55429466324229	266
