y	y_hat	y_index
70.1808219178082	73.65226255533761	675
64.9561643835616	73.65144413416027	676
67.3671232876712	73.65045255661497	677
