y	y_hat	y_index
84.2808219178082	73.55501472919364	465
60.0534246575343	73.55439765574731	466
78.058904109589	73.55427402096143	467
