y	y_hat	y_index
74.6013698630137	73.53777515114227	333
76.2835616438356	73.5378758825683	334
73.958904109589	73.53919220137969	335
