y	y_hat	y_index
71.1260273972603	73.55626888172444	591
74.3780821917808	73.55368932378659	592
80.1958904109589	73.55484138909455	593
