y	y_hat	y_index
89.2780821917808	73.53919715552574	438
77.0643835616438	73.54003444560982	439
77.1397260273973	73.53948812031952	440
