y	y_hat	y_index
79.5808219178082	73.55443949184367	213
68.0506849315069	73.55358492170689	214
80.1835616438356	73.554963520931	215
