y	y_hat	y_index
70.3369863013699	73.6095463474287	6
66.4616438356164	73.61010719307491	7
75.8643835616438	73.60984750236761	8
