y	y_hat	y_index
77.658904109589	73.53972384569626	132
75.7808219178082	73.5397232395454	133
77.5698630136986	73.53972648763938	134
