y	y_hat	y_index
59.6616438356164	73.6087916633731	345
87.6534246575342	73.61174368220192	346
70.5123287671233	73.61115681165322	347
