y	y_hat	y_index
75.758904109589	73.55665055641275	327
61.7671232876712	73.55412178384003	328
80.8534246575342	73.5545579702254	329
