y	y_hat	y_index
74.0315068493151	73.55616446470142	408
76.5150684931507	73.5561650362437	409
65.0561643835616	73.55616253758218	410
