y	y_hat	y_index
77.9342465753425	73.55587947312837	687
66.4232876712329	73.5550983218915	688
80.6397260273973	73.55551402572324	689
