y	y_hat	y_index
72.8643835616438	73.56986338010941	722
73.8041095890411	73.56986196461972	723
