y	y_hat	y_index
80.3013698630137	73.61365456445009	531
73.0534246575342	73.61170148971688	532
69.1986301369863	73.61028069887459	533
