y	y_hat	y_index
88.7369863013699	73.53934182619211	384
75.8534246575342	73.5403387696487	385
87.758904109589	73.54064921119715	386
