y	y_hat	y_index
64.0534246575342	73.65179002799277	357
73.0602739726027	73.65055171368968	358
65.3561643835616	73.65132195887213	359
