y	y_hat	y_index
85.4698630136986	73.54913795979438	724
78.7397260273973	73.54622490319248	725
