y	y_hat	y_index
73.5479452054795	73.56823096473279	564
87.5506849315069	73.56866704138996	565
72.8506849315069	73.56754348338366	566
