y	y_hat	y_index
63.6616438356164	73.65089232720763	462
73.0424657534247	73.65197341769166	463
63.5506849315069	73.65102038430163	464
