y	y_hat	y_index
71.3835616438356	73.60931219252666	429
78.072602739726	73.61102972415433	430
70.8835616438356	73.61038836554395	431
