y	y_hat	y_index
82.3698630136986	73.53775011137385	294
84.4671232876712	73.53707312714666	295
75.7643835616438	73.53805632376488	296
