y	y_hat	y_index
77.9849315068493	73.60900260610971	414
70.7671232876712	73.60880016488328	415
71.4780821917808	73.61089347212078	416
