y	y_hat	y_index
72.772602739726	73.61164408879159	285
77.4232876712329	73.61164176362321	286
54.9671232876712	73.61164165535695	287
