y	y_hat	y_index
63.4369863013699	73.61163980835035	480
68.7287671232877	73.61164172406089	481
81.4616438356164	73.61164277064186	482
