y	y_hat	y_index
74.1342465753425	73.53880293166009	420
74.4698630136986	73.53789968018512	421
78.1808219178082	73.5372453816651	422
