y	y_hat	y_index
54.2739726027397	73.61032464226449	522
74.8164383561644	73.6101448423194	523
61.9561643835616	73.61118986205078	524
