y	y_hat	y_index
67.9671232876712	73.60994499100252	48
84.1506849315069	73.61122049748697	49
67.5671232876712	73.61035538727116	50
