y	y_hat	y_index
62.2616438356164	73.55465467305271	375
82.627397260274	73.55541969730983	376
78.9479452054795	73.55647645504877	377
