y	y_hat	y_index
68.872602739726	73.6116410288422	270
78.2671232876712	73.61164007140759	271
71.158904109589	73.61164162421748	272
