y	y_hat	y_index
59.4616438356164	73.65186568842356	624
70.8178082191781	73.65348314381639	625
67.7397260273973	73.65192492039658	626
