y	y_hat	y_index
76.0424657534247	73.55399631896285	630
61.5917808219178	73.55573885086342	631
75.7424657534247	73.55502337701252	632
