y	y_hat	y_index
89.5835616438356	73.6116437849053	63
67.7328767123288	73.61164256383141	64
61.5369863013699	73.61164278480815	65
