y	y_hat	y_index
76.6808219178082	73.53908005693322	363
86.5808219178082	73.53783482993165	364
77.4479452054795	73.53978921399377	365
