y	y_hat	y_index
66.4260273972603	73.65342584247236	60
63.7506849315068	73.65342266221015	61
62.258904109589	73.65342081514754	62
