y	y_hat	y_index
83.1506849315069	73.61305081842374	546
71.7506849315069	73.61286734286573	547
71.5260273972603	73.61078838475049	548
