y	y_hat	y_index
77.9479452054795	73.60999529147688	405
67.3671232876712	73.60938788501652	406
65.5315068493151	73.61060064766961	407
