y	y_hat	y_index
65.8205479452055	73.61163970840126	498
80.8698630136986	73.61164450098326	499
70.5616438356164	73.61164119481145	500
