y	y_hat	y_index
68.0479452054795	73.61007054273892	75
81.6397260273973	73.60971987265985	76
68.2753424657534	73.60960691433272	77
