y	y_hat	y_index
67.9479452054795	73.6092450550923	42
70.086301369863	73.60887719214212	43
82.17005428820563	73.60989522616904	44
