y	y_hat	y_index
69.4753424657534	73.65187850925311	276
65.8753424657534	73.65277544973857	277
72.6452054794521	73.6523067215144	278
