y	y_hat	y_index
79.5698630136986	73.55359903614647	441
77.7753424657534	73.55452270715419	442
72.4849315068493	73.55480963235689	443
