y	y_hat	y_index
72.8506849315069	73.65257737395551	660
57.1780821917808	73.65153588382357	661
63.4232876712329	73.6528949011471	662
