y	y_hat	y_index
72.1260273972603	73.61016273561644	78
82.5109589041096	73.6108787339224	79
60.6205479452055	73.60938962721906	80
