y	y_hat	y_index
76.1780821917808	73.5393120110119	240
80.1794520547945	73.53740814490963	241
73.6506849315069	73.53722563883511	242
