y	y_hat	y_index
69.9506849315069	73.65342671445015	288
70.7260273972603	73.65342199903446	289
71.3424657534247	73.65342092202967	290
