y	y_hat	y_index
63.0808219178082	73.65243743161511	54
61.558904109589	73.65073582148486	55
61.9958904109589	73.65173225074322	56
