y	y_hat	y_index
76.3561643835616	73.55543067613331	537
69.1780821917808	73.55553848054862	538
82.6424657534247	73.55693373435786	539
