y	y_hat	y_index
70.472602739726	73.55526778763166	471
76.4232876712329	73.55442963177869	472
85.1547945205479	73.55591032735306	473
