y	y_hat	y_index
68.2205479452055	73.64552060901075	726
70.8342465753425	73.64497279079534	727
