y	y_hat	y_index
67.3013698630137	73.61164392559874	186
73.9671232876712	73.61164242654107	187
69.6671232876712	73.61164328015859	188
