y	y_hat	y_index
56.3027397260274	73.61312367134015	483
64.5808219178082	73.60977041129931	484
79.1671232876712	73.61214979126827	485
