y	y_hat	y_index
70.4616438356164	73.5553904636452	645
88.4753424657534	73.55479377634052	646
78.0616438356164	73.55491237748922	647
