y	y_hat	y_index
57.7369863013699	73.61004998773332	678
72.0013698630137	73.61138416899345	679
75.572602739726	73.61027855899945	680
