y	y_hat	y_index
72.3616438356164	73.56744601584194	147
73.5780821917808	73.56791336222992	148
84.4452054794521	73.56833515352952	149
