y	y_hat	y_index
62.7808219178082	73.55352191508103	234
81.3232876712329	73.55788396535253	235
76.0616438356164	73.55333504436193	236
