y	y_hat	y_index
86.3917808219178	73.55633325316151	654
72.5780821917808	73.5530161992902	655
78.9753424657534	73.55587788850727	656
