y	y_hat	y_index
78.3452054794521	73.55616398299422	303
63.5232876712329	73.55616120051049	304
79.3643835616438	73.55616075866796	305
