y	y_hat	y_index
73.7452054794521	73.55394345365254	450
69.6534246575342	73.55324698783329	451
77.1232876712329	73.5534050534553	452
