y	y_hat	y_index
79.3561643835616	73.53931853483974	399
73.9616438356164	73.53737327457759	400
75.3972602739726	73.53889863743028	401
