y	y_hat	y_index
64.4452054794521	73.65403016874632	153
72.4493150684931	73.65464578790734	154
67.958904109589	73.6516224404157	155
