y	y_hat	y_index
57.0643835616438	73.55778893708013	582
87.2232876712329	73.55406331149878	583
82.7671232876712	73.55499874597913	584
