y	y_hat	y_index
65.2657534246575	73.60957685024765	36
77.6616438356164	73.61022065292327	37
67.958904109589	73.61039473876251	38
