y	y_hat	y_index
67.0835616438356	73.60949843151916	114
80.8643835616438	73.61221803684576	115
56.9643835616438	73.60949404181744	116
