y	y_hat	y_index
83.3780821917808	73.55387407345081	138
60.6835616438356	73.55361738149051	139
84.7506849315069	73.55532330426567	140
