y	y_hat	y_index
79.5232876712329	73.6116422050466	477
71.7657534246575	73.61164025179076	478
60.718372666497935	73.61164147236323	479
