y	y_hat	y_index
66.8643835616438	73.55556316924839	126
75.458904109589	73.55517455056753	127
79.2753424657534	73.55445919832854	128
