y	y_hat	y_index
66.6397260273973	73.61139739118046	432
76.1780821917808	73.60947292035813	433
68.9479452054795	73.61040622127841	434
