y	y_hat	y_index
82.3958904109589	73.55580961454987	273
74.7342465753425	73.5549344448069	274
72.158904109589	73.5557770504436	275
