y	y_hat	y_index
69.4178082191781	73.61335151862507	618
65.9890410958904	73.61030094371884	619
83.1808219178082	73.61100071197677	620
