y	y_hat	y_index
71.8698630136986	73.61164555800322	204
62.7616438356164	73.61164128693386	205
85.8753424657534	73.61164460279636	206
