y	y_hat	y_index
69.0561643835616	73.653424125107	216
59.4041095890411	73.65342162441652	217
73.4232876712329	73.65342221292894	218
