y	y_hat	y_index
71.727397260274	73.65188819053459	72
71.8561643835616	73.65289628581769	73
66.3780821917808	73.65048031867939	74
