y	y_hat	y_index
55.8479452054794	73.61146954721198	510
77.0383561643836	73.61056232949147	511
72.3232876712329	73.61090499555984	512
