y	y_hat	y_index
73.258904109589	73.55486674963055	339
84.1643835616438	73.55707354713763	340
84.4616438356164	73.55516714354941	341
