y	y_hat	y_index
81.8821917808219	73.55462209473656	636
63.9753424657534	73.55480567833958	637
76.5616438356164	73.55467804981748	638
