y	y_hat	y_index
69.5534246575342	73.65255414636195	30
71.3808219178082	73.65394626876119	31
60.6616438356164	73.6534780353139	32
