y	y_hat	y_index
64.9753424657534	73.61150562697068	12
74.3616438356164	73.61234083659735	13
64.4315068493151	73.61060876240899	14
