y	y_hat	y_index
65.8616438356164	73.61045028563579	69
73.2753424657534	73.60818564676393	70
79.3780821917808	73.61094544486481	71
