y	y_hat	y_index
65.286301369863	73.61039815796063	681
73.8438356164384	73.61020475979059	682
73.4260273972603	73.61001462896289	683
