y	y_hat	y_index
85.458904109589	73.55616152398095	579
65.3698630136986	73.55616151888002	580
78.5808219178082	73.55616535032458	581
