y	y_hat	y_index
78.0616438356164	73.55651271900888	417
69.9986301369863	73.55494530756121	418
80.2712328767123	73.55525549913588	419
