y	y_hat	y_index
64.3424657534247	73.65427689929423	672
70.9534246575342	73.6533084350331	673
72.6397260273973	73.65272316699098	674
