y	y_hat	y_index
83.058904109589	73.61019600619213	159
72.3657534246575	73.6086118173087	160
70.4698630136986	73.60967000304223	161
