y	y_hat	y_index
85.5397260273973	73.55743944253166	249
74.372602739726	73.55433579870078	250
67.4616438356164	73.55485094205764	251
