y	y_hat	y_index
74.7287671232877	73.61053983257351	594
55.8808219178082	73.61007036159981	595
68.1643835616438	73.61003635094444	596
