y	y_hat	y_index
61.9780821917808	73.61022731267725	300
73.2616438356164	73.60985299697863	301
80.6506849315069	73.61088554960503	302
