y	y_hat	y_index
73.8917808219178	73.5396811506424	351
76.6506849315069	73.53665663014272	352
81.2698630136986	73.54015981766372	353
