y	y_hat	y_index
86.3630136986301	73.5561632599934	51
82.672602739726	73.55616434543357	52
71.6808219178082	73.55616065641927	53
