y	y_hat	y_index
55.1616438356164	73.55480580649464	354
83.2534246575342	73.55489013394944	355
78.4397260273973	73.55826072837742	356
