y	y_hat	y_index
62.1780821917808	73.65165888271785	318
58.9424657534247	73.652946545329	319
65.5671232876712	73.65303365132658	320
