y	y_hat	y_index
83.1890410958904	73.61164389536188	495
59.6452054794521	73.6116405111357	496
70.7876712328767	73.61164150328854	497
