y	y_hat	y_index
70.1027397260274	73.5677151045645	716
87.0808219178082	73.5714379184997	717
