y	y_hat	y_index
80.8287671232877	73.539726944678	102
75.1794520547945	73.53972839968763	103
80.1808219178082	73.53972250797798	104
