y	y_hat	y_index
76.3424657534247	73.53818348862744	702
74.7041095890411	73.5411670064337	703
80.4616438356164	73.5384912114288	704
