y	y_hat	y_index
83.9643835616438	73.55395149700826	312
84.8671232876712	73.55467381437664	313
70.9643835616438	73.55494456220124	314
