y	y_hat	y_index
69.9479452054795	73.55505263854816	162
75.9671232876712	73.55488450198023	163
81.4821917808219	73.55440505537935	164
