y	y_hat	y_index
74.4616438356164	73.55569775496299	111
69.0452054794521	73.55382674957045	112
77.5369863013699	73.55612852090427	113
