y	y_hat	y_index
60.0232876712329	73.60917487766586	366
81.7013698630137	73.61018407681665	367
71.0506849315069	73.6110355508957	368
