y	y_hat	y_index
56.4835616438356	73.56986136299172	15
79.4849315068493	73.56985940808319	16
73.6328767123288	73.56986132328943	17
