y	y_hat	y_index
76.3397260273973	73.55477594714846	543
83.2342465753425	73.55626897801358	544
64.7561643835616	73.55612427400486	545
