y	y_hat	y_index
78.5369863013699	73.61087305527664	642
67.9986301369863	73.6101991418159	643
56.272602739726	73.60919473970313	644
