y	y_hat	y_index
78.6	73.55352323254306	39
85.3780821917808	73.5538302728261	40
72.2452054794521	73.55412244994778	41
