y	y_hat	y_index
64.7698630136986	73.6097634036453	45
77.7643835616438	73.6107093883067	46
60.7616438356164	73.60925602596818	47
