y	y_hat	y_index
80.9534246575342	73.55558760861138	561
79.9452054794521	73.55547385129773	562
72.3808219178082	73.55370033384982	563
