y	y_hat	y_index
64.2	73.5561617616173	549
87.6397260273973	73.5561688099207	550
74.5684931506849	73.55616450014581	551
