y	y_hat	y_index
66.7369863013699	73.65203046917883	663
58.772602739726	73.65324396566706	664
63.0	73.65059686968033	665
