y	y_hat	y_index
73.8342465753425	73.55437019357309	321
74.3890410958904	73.55522542790926	322
70.8041095890411	73.55435597074704	323
