y	y_hat	y_index
72.986301369863	73.65131316914044	309
72.7424657534247	73.65130221422913	310
61.9534246575342	73.65364918110153	311
