y	y_hat	y_index
75.8260273972603	73.55640417373074	237
75.1342465753425	73.55457901705685	238
66.7178082191781	73.55358394733638	239
