y	y_hat	y_index
84.5356164383562	73.60956719776838	18
69.3849315068493	73.61119181204775	19
71.1561643835616	73.60922966133955	20
