y	y_hat	y_index
78.2671232876712	73.53786218346177	459
84.3452054794521	73.53816115713268	460
81.8397260273973	73.53891316097165	461
