y	y_hat	y_index
76.7452054794521	73.54642954992418	734
79.7643835616438	73.54819171487873	735
