y	y_hat	y_index
65.658904109589	73.65202991288011	504
65.0328767123288	73.65143311657691	505
67.5315068493151	73.6514332414672	506
