y	y_hat	y_index
75.1452054794521	73.61076922843127	621
67.7561643835616	73.61064175573352	622
61.972602739726	73.61022073603327	623
