y	y_hat	y_index
80.2794520547945	73.55370779722722	396
77.6616438356164	73.55680101055972	397
61.0	73.55491476891316	398
