y	y_hat	y_index
83.9095890410959	73.53878902540195	108
77.3616438356164	73.53744014176625	109
79.1082191780822	73.53706232181027	110
