y	y_hat	y_index
69.4808219178082	73.61103152933582	453
80.072602739726	73.60845716368104	454
61.686301369863	73.61015550880322	455
