y	y_hat	y_index
65.6616438356164	73.60944201559995	447
54.9205479452055	73.60904874196208	448
81.3506849315069	73.61131418088178	449
