y	y_hat	y_index
70.9232876712329	73.61164110497617	174
61.7808219178082	73.6116397726748	175
74.0095890410959	73.61164125962779	176
