y	y_hat	y_index
75.8753424657534	73.56923532974064	708
71.0753424657534	73.56785085180714	709
