y	y_hat	y_index
66.4369863013699	73.64500400132292	712
65.5671232876712	73.6470332825524	713
