y	y_hat	y_index
69.2013698630137	73.65157322602386	648
72.2397260273973	73.65136878067989	649
70.4753424657534	73.65046467503208	650
