y	y_hat	y_index
71.4780821917808	73.65313354096928	525
65.6561643835616	73.65231828880016	526
71.9479452054795	73.65279599486612	527
