mae_mean	mae_single
4.862790734500867	4.875000961159573
