mae_mean	mae_single
5.720812341112249	5.727285079341134
