mae_mean	mae_single
5.854285753598089	6.17491979589292
