mae_mean	mae_single
6.011493204208309	5.997976330367028
