mae_mean	mae_single
4.419821269277737	4.422397108492076
