mae_mean	mae_single
5.671448880317429	5.648919040634149
