mae_mean	mae_single
5.502169876966558	5.661956215820306
