mae_mean	mae_single
5.125418400456385	5.335436544828011
