mae_mean	mae_single
5.004685296015196	5.024568339743791
