mae_mean	mae_single
4.924810758571353	5.3007633491852815
