mae_mean	mae_single
5.022395459229098	5.257576732679537
