mae_mean	mae_single
5.627844509606155	5.536366538973297
