mae_mean	mae_single
5.255105750967473	5.420590739433278
