mae_mean	mae_single
5.044106274166172	5.068611654691094
