mae_mean	mae_single
3.937760501417337	4.024565921639405
