mae_mean	mae_single
4.539889938406742	4.656556354087749
