mae_mean	mae_single
4.259242042836825	4.2883261709495635
