mae_mean	mae_single
4.642375365022543	5.064399064924399
