mae_mean	mae_single
5.4876181298964095	5.490752215505452
