mae_mean	mae_single
4.611859246165933	4.665324379654931
