mae_mean	mae_single
4.827184341778111	4.848822689690653
