mae_mean	mae_single
4.334570692298197	4.614483296617979
