mae_mean	mae_single
5.677473507196602	5.5913170287907015
