mae_mean	mae_single
5.61463364558272	5.70277698765608
