mae_mean	mae_single
5.782858002134347	5.5159166981400745
