mae_mean	mae_single
5.022526831151029	5.344760333061648
