mae_mean	mae_single
5.5673271384103025	5.554082636403981
