mae_mean	mae_single
5.45452531226684	5.403166085854209
