mae_mean	mae_single
4.60235739533401	4.480906964042641
