mae_mean	mae_single
5.770263713717423	6.069551411015991
