mae_mean	mae_single
4.4896329198511316	4.43397836701246
