mae_mean	mae_single
5.135715805933848	5.335043971961417
