mae_mean	mae_single
5.728736208118351	5.75637249220531
