mae_mean	mae_single
4.534392415384272	4.499338775564415
