mae_mean	mae_single
4.976552452493708	5.228578598124294
