mae_mean	mae_single
5.637776344764238	5.6574028043952005
