mae_mean	mae_single
5.919235362531392	5.930283726759274
