mae_mean	mae_single
4.9747289962086905	5.26623609526225
