mae_mean	mae_single
4.340050190115478	4.400910273245845
