mae_mean	mae_single
5.934031788701662	5.945314484117653
