mae_mean	mae_single
4.5615224123853855	4.511610966750348
