mae_mean	mae_single
5.197804842399754	5.210324392928715
