mae_mean	mae_single
5.016230765428756	5.31719518575147
