mae_mean	mae_single
5.603764014263812	5.718115202267373
