mae_mean	mae_single
5.098746229271149	5.098746229271149
