mae_mean	mae_single
6.185149589822532	6.274512391915962
