mae_mean	mae_single
5.960313559619795	6.1729197034513
