mae_mean	mae_single
5.091757892587767	5.096436160341112
