mae_mean	mae_single
4.78780856328121	5.443801129736281
