mae_mean	mae_single
6.120998505368432	6.1026738899479245
