mae_mean	mae_single
4.290740176141288	4.322432719526742
