mae_mean	mae_single
5.630913992954761	5.602845864685834
