mae_mean	mae_single
4.308305328013134	4.2703567495728505
