mae_mean	mae_single
4.6638700008483776	4.959969971786269
