mae_mean	mae_single
5.954204504415102	5.902957794018849
