mae_mean	mae_single
5.629462563445471	5.609543754567988
