mae_mean	mae_single
5.675556441040724	5.632966505380384
