mae_mean	mae_single
5.230140848791782	5.740563568993452
