mae_mean	mae_single
4.986376846090655	4.929297545174444
