mae_mean	mae_single
5.541174199383082	5.546127523091194
