mae_mean	mae_single
5.012004103381864	5.186559217956532
