mae_mean	mae_single
4.460845289126368	4.4926407476398165
