mae_mean	mae_single
5.57861454143418	5.5872339900636305
