mae_mean	mae_single
6.081098554374936	6.079243969752993
