mae_mean	mae_single
4.671916647640349	4.56768669166339
