mae_mean	mae_single
5.596114298594975	5.614077913419369
