mae_mean	mae_single
5.099520102454053	4.8655351719503415
