mae_mean	mae_single
5.0606939517001885	5.120523391331361
