mae_mean	mae_single
5.775787349659831	5.800958813732019
