mae_mean	mae_single
5.3798059509852605	5.417880334548482
