mae_mean	mae_single
5.704817534464937	5.70270159419151
