mae_mean	mae_single
5.643336840936734	5.65971209772873
