mae_mean	mae_single
4.636854781236948	4.683679006237336
