mae_mean	mae_single
4.354207249082998	4.3771405742336205
