mae_mean	mae_single
5.673436827564332	5.822693862416615
