mae_mean	mae_single
4.78163765035992	4.799198426947399
