mae_mean	mae_single
4.748623534009141	4.715896825311771
