mae_mean	mae_single
5.151220365904024	5.1738333508987235
