mae_mean	mae_single
5.2835915658412755	5.286280065456875
