mae_mean	mae_single
5.562883477229317	5.9030097907056005
