mae_mean	mae_single
5.6679331546592655	5.817422507294404
