mae_mean	mae_single
5.165564201955616	5.251347959973666
