mae_mean	mae_single
6.22887370275213	6.244640819384272
