mae_mean	mae_single
6.103380412505418	6.403637617986358
