mae_mean	mae_single
4.370480689186267	4.7234491723912715
