mae_mean	mae_single
5.3991683064919505	5.517179206276807
