mae_mean	mae_single
4.928453868289004	4.93986376035335
