mae_mean	mae_single
6.298066060056196	6.292062084915381
