mae_mean	mae_single
5.824174933931842	5.796776180237404
