mae_mean	mae_single
5.216485297551938	5.216378965908112
