mae_mean	mae_single
5.125051954521465	5.098038649664534
