mae_mean	mae_single
5.21917321702268	5.379623634366723
