mae_mean	mae_single
4.847890533257627	4.8405429958769535
