mae_mean	mae_single
4.4954004832304335	4.515798123407275
