mae_mean	mae_single
5.467666113921132	5.457520949328074
