mae_mean	mae_single
5.683165772759587	5.5902541968239134
