mae_mean	mae_single
4.777515468423787	4.683096188499582
