mae_mean	mae_single
5.368875758416564	5.358280195617854
