mae_mean	mae_single
5.830551067033837	5.801133879497132
