mae_mean	mae_single
5.015813831790929	4.999121904592566
