mae_mean	mae_single
5.483532690180775	5.614460120544525
