mae_mean	mae_single
4.966026227493134	4.95810937953029
