mae_mean	mae_single
5.855328048233081	5.764509974155794
