mae_mean	mae_single
4.610882409071952	4.629988999330143
