mae_mean	mae_single
4.523655875198457	4.515202991124618
