mae_mean	mae_single
5.692940520951969	5.737012312343352
