mae_mean	mae_single
5.487127279810418	5.6124209912473315
