mae_mean	mae_single
5.767008691534635	5.681303278112419
