mae_mean	mae_single
5.086680362088282	5.134511966875962
