mae_mean	mae_single
4.811804899987654	4.789682352868335
