mae_mean	mae_single
5.604134443565106	5.618192344101569
