mae_mean	mae_single
5.456116950641111	5.400355105060427
