mae_mean	mae_single
5.536253766674674	5.532133119924538
