mae_mean	mae_single
5.402688559299907	5.403314737333845
