mae_mean	mae_single
5.6906492976603555	5.64088459288278
