mae_mean	mae_single
5.71500135730667	5.810268527949435
