mae_mean	mae_single
5.2804204642816375	5.2804204642816375
