mae_mean	mae_single
4.5590883505118915	4.4628566078268515
