mae_mean	mae_single
5.9600374621873	5.989320878014851
