mae_mean	mae_single
5.373824271063643	5.433434750197038
