mae_mean	mae_single
6.445156475662056	6.5510916689989065
