y	y_hat	y_index
76.4410958904109	73.55906368670293	282
66.9931506849315	73.5430664914407	283
79.5643835616438	73.55424300439915	284
