y	y_hat	y_index
55.1616438356164	73.55640373007192	354
83.2534246575342	73.56262287446474	355
78.4397260273973	73.58922308731952	356
