y	y_hat	y_index
75.5616438356164	73.5240884387735	387
79.1671232876712	73.5184241314885	388
79.2534246575342	73.53485507751364	389
