y	y_hat	y_index
79.5698630136986	73.52963707327717	441
77.7753424657534	73.56519300064141	442
72.4849315068493	73.58111893667035	443
