y	y_hat	y_index
58.1808219178082	73.58829148041596	435
61.7849315068493	73.58602832149498	436
76.0561643835616	73.61951586290925	437
