y	y_hat	y_index
76.0424657534247	73.56418686590776	630
61.5917808219178	73.55569067282202	631
75.7424657534247	73.55904480847012	632
