y	y_hat	y_index
85.4698630136986	73.54518581051249	724
78.7397260273973	73.5592207687918	725
