y	y_hat	y_index
76.1780821917808	73.56237411732351	240
80.1794520547945	73.55820199073956	241
73.6506849315069	73.54187091799197	242
