y	y_hat	y_index
73.1616438356164	73.59447996393905	567
56.3643835616438	73.60450593956023	568
74.6534246575342	73.62433665808598	569
