y	y_hat	y_index
69.9479452054795	73.5335940852142	162
75.9671232876712	73.5840494676444	163
81.4821917808219	73.55836267501635	164
