y	y_hat	y_index
83.3780821917808	73.53743029944026	138
60.6835616438356	73.53242252315547	139
84.7506849315069	73.5710975798855	140
