y	y_hat	y_index
86.4643835616438	73.54043320871625	201
69.7808219178082	73.5781308635184	202
75.7835616438356	73.56995369551507	203
