y	y_hat	y_index
79.8520547945206	73.59605797173121	66
90.2561643835616	73.5805257439053	67
71.058904109589	73.57285054177099	68
