y	y_hat	y_index
70.4219178082192	73.66147791835066	603
65.9424657534247	73.6622754041959	604
68.1698630136986	73.64317886773689	605
