y	y_hat	y_index
65.6616438356164	73.5747027704652	447
54.9205479452055	73.58487019735132	448
81.3506849315069	73.58610407563911	449
