y	y_hat	y_index
74.7287671232877	73.60163887798684	594
55.8808219178082	73.56933230726925	595
68.1643835616438	73.5831774590911	596
