y	y_hat	y_index
65.086301369863	73.6458979541044	183
69.1657534246575	73.69995189530331	184
71.6835616438356	73.62505209641864	185
