y	y_hat	y_index
68.5342465753425	73.62151860369325	306
78.1452054794521	73.6122256581746	307
69.458904109589	73.60721594650016	308
