y	y_hat	y_index
76.3561643835616	73.56310025926786	537
69.1780821917808	73.56176441679	538
82.6424657534247	73.57080931148417	539
