y	y_hat	y_index
71.8452054794521	73.5561501947837	402
80.1986301369863	73.55623781049938	403
78.3561643835616	73.55618847850104	404
