y	y_hat	y_index
71.0041095890411	73.61761131581282	528
76.4753424657534	73.62609834008228	529
68.4643835616438	73.5665049801329	530
