y	y_hat	y_index
69.4808219178082	73.58459684476429	453
80.072602739726	73.60091425522532	454
61.686301369863	73.62182674590767	455
