y	y_hat	y_index
81.0643835616438	73.58250558313028	21
79.0342465753425	73.57942519675981	22
71.7452054794521	73.5400716334703	23
