y	y_hat	y_index
75.8753424657534	73.60777547865919	708
71.0753424657534	73.53664461884435	709
