y	y_hat	y_index
75.2835616438356	73.53498730953379	84
75.2424657534247	73.50866289040545	85
74.1780821917808	73.54099612704464	86
