y	y_hat	y_index
83.1890410958904	73.63180922669953	495
59.6452054794521	73.62044936642208	496
70.7876712328767	73.61686571948874	497
