y	y_hat	y_index
81.8835616438356	73.63680695389138	501
73.558904109589	73.61021634815046	502
63.3452054794521	73.55588313240924	503
