y	y_hat	y_index
69.9506849315069	73.70845040256381	288
70.7260273972603	73.65269070791167	289
71.3424657534247	73.64333004264145	290
