y	y_hat	y_index
74.2698630136986	73.61210298981543	150
66.9780821917808	73.53905062109115	151
82.0616438356164	73.58676090691102	152
