y	y_hat	y_index
84.1397260273973	73.54696305650808	552
75.3260273972603	73.53753292166752	553
78.4013698630137	73.54115369168221	554
