y	y_hat	y_index
75.8780821917808	73.6113196234874	3
71.2671232876712	73.60638211634986	4
61.0808219178082	73.58164615434752	5
