y	y_hat	y_index
85.5397260273973	73.55198658590574	249
74.372602739726	73.56158956809662	250
67.4616438356164	73.55244246909739	251
