y	y_hat	y_index
60.0232876712329	73.57296654532652	366
81.7013698630137	73.61032226180993	367
71.0506849315069	73.604405799341	368
