y	y_hat	y_index
89.0698630136986	73.5327036689338	570
77.2260273972603	73.53986134487434	571
79.5616438356164	73.59497072798008	572
