y	y_hat	y_index
78.3452054794521	73.58791963212416	303
63.5232876712329	73.53338771308421	304
79.3643835616438	73.53904326419162	305
