y	y_hat	y_index
78.1698630136986	73.56317191324115	690
79.0479452054795	73.51586030851416	691
77.3452054794521	73.53696575315797	692
