y	y_hat	y_index
64.0534246575342	73.64777069810476	357
73.0602739726027	73.62609967589256	358
65.3561643835616	73.64458513447136	359
