y	y_hat	y_index
61.2698630136986	73.60945863072605	141
74.2808219178082	73.62201631095594	142
62.8753424657534	73.56239942963816	143
