y	y_hat	y_index
70.1808219178082	73.66325520007778	675
64.9561643835616	73.67389630866796	676
67.3671232876712	73.64005115997082	677
