y	y_hat	y_index
56.3027397260274	73.63624173064484	483
64.5808219178082	73.61351556408157	484
79.1671232876712	73.62501960443467	485
