y	y_hat	y_index
67.7616438356164	73.59469521581653	492
79.2890410958904	73.60673845354582	493
69.8643835616438	73.62511315113625	494
