y	y_hat	y_index
62.2616438356164	73.52212138727748	375
82.627397260274	73.57738893575572	376
78.9479452054795	73.60418543584794	377
