y	y_hat	y_index
88.2643835616438	73.54267649529696	606
73.7821917808219	73.52204701522881	607
82.4534246575342	73.51340013112167	608
