y	y_hat	y_index
68.9616438356164	73.61358718425548	180
76.7671232876712	73.60221908410676	181
72.4479452054795	73.59757877014337	182
