y	y_hat	y_index
69.1876712328767	73.59846592326122	9
77.5616438356164	73.63216588801887	10
59.7616438356164	73.61502088144437	11
