y	y_hat	y_index
56.4835616438356	73.56792176814882	15
79.4849315068493	73.55269735905947	16
73.6328767123288	73.57284438046335	17
