y	y_hat	y_index
72.1630136986301	73.57545416527327	615
83.8506849315069	73.62056206561252	616
72.4424657534247	73.60941862522826	617
