y	y_hat	y_index
73.8643835616438	73.5598535984527	207
75.0397260273973	73.56752477145778	208
91.3068493150685	73.57110309710242	209
