y	y_hat	y_index
75.8890410958904	73.53604221561415	33
85.7260273972603	73.50072889251757	34
75.7424657534247	73.52612582460497	35
