y	y_hat	y_index
84.2205479452055	73.56549505589425	210
72.3534246575342	73.56379046983162	211
79.672602739726	73.58876047259722	212
