y	y_hat	y_index
78.2671232876712	73.52647998671101	459
84.3452054794521	73.53514376481547	460
81.8397260273973	73.57780588086158	461
