y	y_hat	y_index
64.2	73.54627382159227	549
87.6397260273973	73.60847617590889	550
74.5684931506849	73.56162350357177	551
