y	y_hat	y_index
80.8287671232877	73.56507140754417	102
75.1794520547945	73.57496537955035	103
80.1808219178082	73.50968539734012	104
