y	y_hat	y_index
76.3424657534247	73.53973542229775	702
74.7041095890411	73.53971475153507	703
80.4616438356164	73.53968137622913	704
