y	y_hat	y_index
77.1260273972603	73.57594036296015	195
70.1260273972603	73.57352293135155	196
81.5424657534247	73.58784932793341	197
