y	y_hat	y_index
77.9849315068493	73.59749059360934	414
70.7671232876712	73.56804990258549	415
71.4780821917808	73.58268967365655	416
