y	y_hat	y_index
70.3246575342466	73.57758164164615	342
79.1698630136986	73.51481850323732	343
78.8383561643836	73.5657070926899	344
