y	y_hat	y_index
60.672602739726	73.60040217964361	576
75.5	73.65842082358972	577
57.6835616438356	73.59455255899002	578
