y	y_hat	y_index
73.8342465753425	73.58776594116307	321
74.3890410958904	73.56867307682857	322
70.8041095890411	73.56177125721202	323
