y	y_hat	y_index
73.258904109589	73.53160232527144	339
84.1643835616438	73.56143461537346	340
84.4616438356164	73.59057925270218	341
