y	y_hat	y_index
77.9479452054795	73.60670873850988	405
67.3671232876712	73.57780661024405	406
65.5315068493151	73.61935373637952	407
