y	y_hat	y_index
73.8917808219178	73.51795422281576	351
76.6506849315069	73.50558626532711	352
81.2698630136986	73.58027061993424	353
