y	y_hat	y_index
84.2698630136986	73.56536202678426	129
71.172602739726	73.5551021320423	130
82.9561643835616	73.56340532399969	131
