y	y_hat	y_index
68.0479452054795	73.64529257293312	75
81.6397260273973	73.62138241493415	76
68.2753424657534	73.63455355874669	77
