y	y_hat	y_index
76.7041095890411	73.57402908507287	348
73.2479452054795	73.63289576961101	349
67.3205479452055	73.58350634895396	350
