y	y_hat	y_index
74.4616438356164	73.5633710426493	111
69.0452054794521	73.55677398128002	112
77.5369863013699	73.55002125931117	113
