y	y_hat	y_index
75.8616438356164	73.56479099990044	165
70.7643835616438	73.57459286982164	166
73.372602739726	73.63564041659095	167
