y	y_hat	y_index
86.3630136986301	73.56182536842881	51
82.672602739726	73.59020247058476	52
71.6808219178082	73.56562179556646	53
