y	y_hat	y_index
79.3561643835616	73.53319690124178	399
73.9616438356164	73.51655094384131	400
75.3972602739726	73.58971689976224	401
