y	y_hat	y_index
71.972602739726	73.58297240248169	555
69.9260273972603	73.60457287266375	556
84.5342465753425	73.61552620246083	557
