y	y_hat	y_index
79.6849315068493	73.64382157680492	651
68.8616438356164	73.63194554347045	652
64.9712328767123	73.5734222499221	653
