y	y_hat	y_index
79.5657534246575	73.51497726196817	372
75.2452054794521	73.49463948844225	373
80.9849315068493	73.52386818187757	374
