y	y_hat	y_index
78.4671232876712	73.56761893559609	222
74.5424657534247	73.4959602826657	223
76.0369863013699	73.58118633009413	224
