y	y_hat	y_index
73.2808219178082	73.55665015568663	468
76.3424657534247	73.57409635477957	469
77.7643835616438	73.53562264781867	470
