y	y_hat	y_index
79.1424657534247	73.64893318607135	513
73.2616438356164	73.6058172357889	514
64.3027397260274	73.62679450146686	515
