y	y_hat	y_index
83.8205479452055	73.53973032637383	93
75.0342465753425	73.53971789363563	94
77.4808219178082	73.53980125468154	95
