y	y_hat	y_index
78.6	73.53957995636134	39
85.3780821917808	73.55560915127936	40
72.2452054794521	73.54165114845084	41
