y	y_hat	y_index
71.5671232876712	73.5780027017629	123
70.7616438356164	73.61034417312686	124
81.4342465753425	73.60673907996812	125
