y	y_hat	y_index
81.7643835616438	73.5630340876136	291
88.9342465753425	73.57446231855842	292
68.7479452054795	73.55087048436361	293
