y	y_hat	y_index
83.9643835616438	73.5806490044324	312
84.8671232876712	73.53702280344856	313
70.9643835616438	73.55294512847179	314
