y	y_hat	y_index
70.1027397260274	73.56083019259161	716
87.0808219178082	73.60000849115207	717
