y	y_hat	y_index
63.6616438356164	73.64695966528404	462
73.0424657534247	73.66798454170308	463
63.5506849315069	73.65198368485504	464
