y	y_hat	y_index
63.4369863013699	73.59834294453039	480
68.7287671232877	73.61740358473014	481
81.4616438356164	73.64674787706653	482
