y	y_hat	y_index
65.286301369863	73.62024859550306	681
73.8438356164384	73.63256448267396	682
73.4260273972603	73.59008699343218	683
