y	y_hat	y_index
84.5356164383562	73.59685513874429	18
69.3849315068493	73.5944150086319	19
71.1561643835616	73.59361731541168	20
