y	y_hat	y_index
79.5808219178082	73.56798140433708	213
68.0506849315069	73.59102843438941	214
80.1835616438356	73.54894813583364	215
