y	y_hat	y_index
68.2808219178082	73.59012132562489	627
80.5767123287671	73.55888648199137	628
74.2643835616438	73.57030258723402	629
