y	y_hat	y_index
64.9753424657534	73.59943226108287	12
74.3616438356164	73.64950495385878	13
64.4315068493151	73.616576418786	14
