y	y_hat	y_index
66.4369863013699	73.64338538014765	712
65.5671232876712	73.66152042653052	713
