y	y_hat	y_index
77.758904109589	73.54492237385733	381
77.1369863013699	73.53688976681192	382
89.5616438356164	73.54386198844203	383
