y	y_hat	y_index
66.6753424657534	73.56395268502602	225
73.5808219178082	73.55050914186079	226
78.8835616438356	73.5462209314652	227
