y	y_hat	y_index
57.0643835616438	73.58516396157422	582
87.2232876712329	73.55369144507777	583
82.7671232876712	73.56519301660427	584
