y	y_hat	y_index
75.1452054794521	73.52482895779629	423
75.6369863013699	73.52367389152684	424
74.7534246575342	73.51541656126436	425
