y	y_hat	y_index
71.727397260274	73.68250203715417	72
71.8561643835616	73.66471001643208	73
66.3780821917808	73.63652868712839	74
