y	y_hat	y_index
65.4931506849315	73.71269675184863	228
73.3301369863014	73.66587581780831	229
68.2506849315069	73.69023433878024	230
