y	y_hat	y_index
80.9534246575342	73.57047845469901	561
79.9452054794521	73.57754675247052	562
72.3808219178082	73.52741164740137	563
