y	y_hat	y_index
72.2068493150685	73.67149090265998	718
72.7780821917808	73.63010770509003	719
