y	y_hat	y_index
66.4260273972603	73.71666988651255	60
63.7506849315068	73.65681556245015	61
62.258904109589	73.6502440459189	62
