y	y_hat	y_index
73.5479452054795	73.54866314737053	564
87.5506849315069	73.59974467013113	565
72.8506849315069	73.56685111638745	566
