y	y_hat	y_index
72.8643835616438	73.56740583294979	722
73.8041095890411	73.59753341769841	723
