y	y_hat	y_index
70.4698630136986	73.59031210184932	516
86.6369863013699	73.60683652046794	517
77.8835616438356	73.5945905676219	518
