y	y_hat	y_index
64.0794520547945	73.64067938400873	732
69.558904109589	73.65255844259656	733
