y	y_hat	y_index
65.658904109589	73.65788776337153	504
65.0328767123288	73.67358353837835	505
67.5315068493151	73.66795716142047	506
