y	y_hat	y_index
88.5698630136986	73.5576174018985	261
76.8657534246575	73.54791567523178	262
87.7698630136986	73.54579991873099	263
