y	y_hat	y_index
80.3013698630137	73.65572972752672	531
73.0534246575342	73.63701465914295	532
69.1986301369863	73.59146598776714	533
