y	y_hat	y_index
67.3013698630137	73.64752417675957	186
73.9671232876712	73.57809824561917	187
69.6671232876712	73.64119335811316	188
