y	y_hat	y_index
68.872602739726	73.5935890333559	270
78.2671232876712	73.5764518405954	271
71.158904109589	73.59835263975711	272
