y	y_hat	y_index
60.1671232876712	73.59959966227879	489
76.5342465753425	73.63409128248809	490
69.172602739726	73.60001014370032	491
