y	y_hat	y_index
88.2561643835616	73.57084695013343	99
72.158904109589	73.52191728043127	100
75.7808219178082	73.57106258643948	101
