y	y_hat	y_index
63.0808219178082	73.65640454670677	54
61.558904109589	73.63383446139225	55
61.9958904109589	73.67207871965581	56
