y	y_hat	y_index
66.7369863013699	73.65341760776461	663
58.772602739726	73.6534461739898	664
63.0	73.6534166165781	665
