y	y_hat	y_index
73.6616438356164	73.52877738352134	336
73.6465753424658	73.54682425417755	337
75.0671232876712	73.50790124844136	338
