y	y_hat	y_index
76.3397260273973	73.56413515766837	543
83.2342465753425	73.55759389327598	544
64.7561643835616	73.56749774108808	545
