y	y_hat	y_index
82.3698630136986	73.54763322660253	294
84.4671232876712	73.52724142005705	295
75.7643835616438	73.52438246330405	296
