y	y_hat	y_index
72.63989854950165	73.5552726009379	90
82.0780821917808	73.55378551302582	91
78.1698630136986	73.57344620129656	92
