y	y_hat	y_index
66.3630136986301	73.6791476934843	267
68.9452054794521	73.6398805515748	268
58.2931506849315	73.65155843409467	269
