y	y_hat	y_index
65.8205479452055	73.55408622909354	498
80.8698630136986	73.63406808322455	499
70.5616438356164	73.58980735372145	500
