y	y_hat	y_index
79.2616438356164	73.56137860244358	171
79.386301369863	73.57278705653925	172
61.7808219178082	73.51937114950591	173
