y	y_hat	y_index
77.8150684931507	73.52260135507126	378
75.5671232876712	73.51689192341436	379
82.0287671232877	73.55522587249223	380
