y	y_hat	y_index
71.8424657534247	73.60280068461616	684
75.9369863013699	73.56411268174887	685
72.9849315068493	73.56818027177876	686
