y	y_hat	y_index
73.558904109589	73.61656253219873	369
65.086301369863	73.69904216941406	370
70.6671232876712	73.64104567890722	371
