y	y_hat	y_index
71.2506849315069	73.66973154528583	219
62.9616438356164	73.67560347023017	220
70.8780821917808	73.64588257901153	221
