y	y_hat	y_index
83.2643835616438	73.61794748951812	519
84.6671232876712	73.57912591805895	520
70.8287671232877	73.56163467035901	521
