y	y_hat	y_index
83.058904109589	73.59744911328951	159
72.3657534246575	73.59265141618629	160
70.4698630136986	73.57364624534769	161
