y	y_hat	y_index
70.472602739726	73.55802337666314	471
76.4232876712329	73.59211302325028	472
85.1547945205479	73.60084696518638	473
