y	y_hat	y_index
75.7315068493151	73.58734688153963	573
63.8178082191781	73.60594037026534	574
70.572602739726	73.62935108863479	575
