y	y_hat	y_index
73.4287671232877	73.61304209064268	243
67.4643835616438	73.60221447410215	244
75.3602739726027	73.56431162191076	245
