y	y_hat	y_index
71.4780821917808	73.66742434908289	525
65.6561643835616	73.66274285852313	526
71.9479452054795	73.67842893629417	527
