y	y_hat	y_index
73.958904109589	73.52829566820704	486
83.258904109589	73.59807266151991	487
68.2780821917808	73.51473148580234	488
