y	y_hat	y_index
78.986301369863	73.55658724636065	105
72.2095890410959	73.61254620595611	106
78.9657534246575	73.54065668943963	107
