y	y_hat	y_index
79.5232876712329	73.63196464549938	477
71.7657534246575	73.58433188367414	478
60.718372666497935	73.61467084837554	479
