y	y_hat	y_index
71.2369863013699	73.62958098404138	324
63.8479452054794	73.60461010717817	325
79.6890410958904	73.5781168166055	326
