y	y_hat	y_index
72.772602739726	73.64059385793121	285
77.4232876712329	73.62475454485559	286
54.9671232876712	73.59543879938184	287
