y	y_hat	y_index
80.3753424657534	73.55249564569372	258
74.3452054794521	73.54586026131003	259
75.058904109589	73.548674808619	260
