y	y_hat	y_index
71.9671232876712	73.68038151614498	81
69.7095890410959	73.66289704173346	82
69.2260273972603	73.65593569863658	83
