y	y_hat	y_index
68.3904109589041	73.60567654503217	633
63.8479452054794	73.56762287219638	634
76.186301369863	73.60392558003372	635
