y	y_hat	y_index
76.6808219178082	73.5442266470591	363
86.5808219178082	73.52236547280741	364
77.4479452054795	73.50828135788001	365
