y	y_hat	y_index
64.4452054794521	73.69865459163391	153
72.4493150684931	73.65463392729512	154
67.958904109589	73.65497469770119	155
