y	y_hat	y_index
75.758904109589	73.62262148219543	327
61.7671232876712	73.54008794398653	328
80.8534246575342	73.56835025549215	329
