y	y_hat	y_index
62.1205479452055	73.6071044739583	411
68.9890410958904	73.63353641267844	412
77.9397260273973	73.58377993189873	413
