y	y_hat	y_index
90.272602739726	73.61580751104225	666
66.4561643835616	73.54688337674774	667
71.5643835616438	73.63575749257505	668
