y	y_hat	y_index
75.8260273972603	73.60031301085675	237
75.1342465753425	73.54206623106634	238
66.7178082191781	73.57306375506515	239
