y	y_hat	y_index
73.5849315068493	73.63047538014466	297
63.0780821917808	73.59962861507798	298
61.8246575342466	73.69291806227729	299
