y	y_hat	y_index
69.4808219178082	73.58174138305807	609
83.6205479452055	73.62061599025195	610
75.1643835616438	73.5442007659103	611
