y	y_hat	y_index
72.1712328767123	73.61718873243973	393
73.1013698630137	73.57480995492284	394
75.7835616438356	73.63977386778797	395
