y	y_hat	y_index
66.8643835616438	73.5456235893943	126
75.458904109589	73.57698612616356	127
79.2753424657534	73.55505627200797	128
