y	y_hat	y_index
76.7452054794521	73.52893034187574	734
79.7643835616438	73.58868069590767	735
