y	y_hat	y_index
62.1780821917808	73.67636047280045	318
58.9424657534247	73.6577565750624	319
65.5671232876712	73.68803949614671	320
