y	y_hat	y_index
72.986301369863	73.68826122372583	309
72.7424657534247	73.67710496691936	310
61.9534246575342	73.6586309348357	311
