y	y_hat	y_index
69.0561643835616	73.66906586096343	216
59.4041095890411	73.65358669237244	217
73.4232876712329	73.65506604119251	218
