y	y_hat	y_index
67.6643835616438	73.60370055975253	231
78.3698630136986	73.57371825384067	232
71.958904109589	73.6062298804799	233
