y	y_hat	y_index
70.3369863013699	73.62747956480057	6
66.4616438356164	73.65214634452013	7
75.8643835616438	73.61524440199403	8
