y	y_hat	y_index
73.7452054794521	73.53927792674328	450
69.6534246575342	73.52796430894622	451
77.1232876712329	73.52715871874113	452
