y	y_hat	y_index
71.2808219178082	73.56984134070473	730
76.0232876712329	73.5698636092806	731
