y	y_hat	y_index
61.0178082191781	73.53928178109037	507
78.4780821917808	73.55555851300987	508
77.2479452054795	73.58720603951296	509
