y	y_hat	y_index
79.2452054794521	73.54865624739114	720
81.8671232876712	73.54864296813189	721
