y	y_hat	y_index
80.2794520547945	73.54836777613897	396
77.6616438356164	73.55322028644673	397
61.0	73.5409353044171	398
