y	y_hat	y_index
70.1068493150685	73.5951291752734	24
85.2808219178082	73.60603991848386	25
77.3808219178082	73.58843531013108	26
