y	y_hat	y_index
57.7369863013699	73.56094094108124	678
72.0013698630137	73.58883179773807	679
75.572602739726	73.59018998885468	680
