y	y_hat	y_index
84.3616438356164	73.58286018601262	168
85.5369863013699	73.59012153285404	169
75.0671232876712	73.57390743459705	170
