y	y_hat	y_index
64.5616438356164	73.58270632784425	279
71.158904109589	73.58906266623555	280
77.0643835616438	73.58570567567344	281
