y	y_hat	y_index
82.2808219178082	73.54943780998688	597
81.1958904109589	73.54659672292864	598
61.0643835616438	73.56347585920214	599
