y	y_hat	y_index
55.0041095890411	73.59375164440672	534
72.4780821917808	73.5823807250281	535
81.058904109589	73.622412769198	536
