y	y_hat	y_index
66.7328767123288	73.5967238814387	189
80.5041095890411	73.59549940630079	190
59.9506849315068	73.57129396533144	191
