y	y_hat	y_index
85.458904109589	73.53079564380015	579
65.3698630136986	73.55466490155737	580
78.5808219178082	73.62793442330947	581
