y	y_hat	y_index
69.4753424657534	73.66013635530501	276
65.8753424657534	73.6634682468099	277
72.6452054794521	73.67705970780744	278
