y	y_hat	y_index
79.1986301369863	73.56946997239393	135
74.7835616438356	73.6174902234168	136
71.8890410958904	73.56192209262639	137
