y	y_hat	y_index
78.5369863013699	73.61283999714827	642
67.9986301369863	73.57291560170238	643
56.272602739726	73.58058948456113	644
