y	y_hat	y_index
55.8671232876712	73.59588962870507	657
84.5506849315069	73.6135897665007	658
62.3821917808219	73.57438983467482	659
