y	y_hat	y_index
80.8671232876712	73.51884297241008	192
72.1698630136986	73.59489899863608	193
77.9698630136986	73.558185923239	194
