y	y_hat	y_index
67.9671232876712	73.61164059842837	48
84.1506849315069	73.61171051566018	49
67.5671232876712	73.6116436398548	50
