y	y_hat	y_index
77.9342465753425	73.57014615885012	687
66.4232876712329	73.52460550811783	688
80.6397260273973	73.54509363398407	689
