y	y_hat	y_index
59.6616438356164	73.55797487189413	345
87.6534246575342	73.60193175956691	346
70.5123287671233	73.60272684414858	347
