y	y_hat	y_index
71.4671232876712	73.62671369010882	588
78.1986301369863	73.63421691135188	589
62.5698630136986	73.57511608366796	590
