y	y_hat	y_index
73.9561643835616	73.48384235986808	728
79.9397260273973	73.53919119570779	729
