y	y_hat	y_index
65.2657534246575	73.58643616627367	36
77.6616438356164	73.62448890947232	37
67.958904109589	73.60262379744859	38
