y	y_hat	y_index
55.8479452054794	73.61844330412885	510
77.0383561643836	73.6209560328074	511
72.3232876712329	73.59377625466554	512
