y	y_hat	y_index
72.7835616438356	73.55853103507539	198
82.1753424657534	73.54686736539071	199
74.2671232876712	73.54566487505957	200
