y	y_hat	y_index
70.9232876712329	73.59164226643672	174
61.7808219178082	73.58730647719904	175
74.0095890410959	73.62686943850147	176
