y	y_hat	y_index
61.8616438356164	73.63414469979503	474
68.1561643835616	73.58837338971148	475
76.2698630136986	73.63389230577799	476
