y	y_hat	y_index
69.2013698630137	73.68071314907685	648
72.2397260273973	73.67690437441674	649
70.4753424657534	73.66714480098858	650
