y	y_hat	y_index
72.8506849315069	73.647096903445	660
57.1780821917808	73.65517656170879	661
63.4232876712329	73.68766368390685	662
