y	y_hat	y_index
65.8616438356164	73.61559043033357	69
73.2753424657534	73.6091192855459	70
79.3780821917808	73.62411584893216	71
