y	y_hat	y_index
81.8821917808219	73.56523696916219	636
63.9753424657534	73.5560237854467	637
76.5616438356164	73.52812433834252	638
