y	y_hat	y_index
73.6780821917808	73.64393213016582	255
72.5534246575342	73.63704602008089	256
72.3643835616438	73.59119390272456	257
