y	y_hat	y_index
74.1342465753425	73.54288450835692	420
74.4698630136986	73.56771680954101	421
78.1808219178082	73.52947806716269	422
