y	y_hat	y_index
61.9780821917808	73.58673577229938	300
73.2616438356164	73.56525591409576	301
80.6506849315069	73.64701506531677	302
