y	y_hat	y_index
76.1506849315069	73.55580088802209	540
64.5643835616438	73.57472186903533	541
87.1643835616438	73.60108679580237	542
