y	y_hat	y_index
69.4178082191781	73.63118701130554	618
65.9890410958904	73.60715152484171	619
83.1808219178082	73.59679033027236	620
