y	y_hat	y_index
76.1753424657534	73.60307221413431	117
68.3068493150685	73.55419649965914	118
75.3452054794521	73.57655049139859	119
