y	y_hat	y_index
71.9643835616438	73.61720839310782	585
71.3479452054795	73.58924422192452	586
83.0616438356164	73.61384220592956	587
