y	y_hat	y_index
89.2780821917808	73.57147109980633	438
77.0643835616438	73.53759468030572	439
77.1397260273973	73.54123121228024	440
