y	y_hat	y_index
71.4753424657534	73.51071518908756	600
74.6616438356164	73.60908118919056	601
76.0095890410959	73.54900626744598	602
