y	y_hat	y_index
74.8452054794521	73.62118597442787	27
57.6315068493151	73.57858474842305	28
71.5794520547945	73.63713159003973	29
