y	y_hat	y_index
64.3424657534247	73.69069696483795	672
70.9534246575342	73.66969863312694	673
72.6397260273973	73.66779396894567	674
