y	y_hat	y_index
74.9643835616438	73.52984004473912	696
73.8616438356164	73.54306539461561	697
75.1808219178082	73.53171205771824	698
