y	y_hat	y_index
62.8698630136986	73.60480005646295	177
80.3534246575342	73.59790244911387	178
63.7506849315068	73.61762715975095	179
