y	y_hat	y_index
72.3616438356164	73.56202106505626	147
73.5780821917808	73.56828074907719	148
84.4452054794521	73.57600129626015	149
