y	y_hat	y_index
71.258904109589	73.71360648484232	612
57.6616438356164	73.65443150378312	613
72.7671232876712	73.69987337376149	614
