y	y_hat	y_index
62.7808219178082	73.52301351048928	234
81.3232876712329	73.57301552759176	235
76.0616438356164	73.59146458447421	236
