y	y_hat	y_index
83.9095890410959	73.54588660168724	108
77.3616438356164	73.53117985042132	109
79.1082191780822	73.51396779098945	110
