y	y_hat	y_index
89.5835616438356	73.66153691421873	63
67.7328767123288	73.62843503871717	64
61.5369863013699	73.62581728901034	65
