y	y_hat	y_index
69.9835616438356	73.72360854225974	0
72.5561643835616	73.66572142642217	1
71.3616438356164	73.65691256324385	2
