y	y_hat	y_index
67.9342465753425	73.54431968951833	693
78.5287671232877	73.55886004231677	694
88.3315068493151	73.5763168068567	695
