y	y_hat	y_index
61.0424657534247	73.61160669886202	444
68.058904109589	73.61163269430209	445
74.9260273972603	73.61166138090556	446
