y	y_hat	y_index
70.1534246575342	73.56532702504508	710
78.7479452054795	73.61436796713008	711
