y	y_hat	y_index
71.8698630136986	73.61165224201423	204
62.7616438356164	73.61161979813664	205
85.8753424657534	73.6116907104044	206
