y	y_hat	y_index
69.5534246575342	73.69140842453422	30
71.3808219178082	73.67958389640707	31
60.6616438356164	73.70163403456235	32
