y	y_hat	y_index
63.9821917808219	73.6250998497482	87
78.2808219178082	73.61279282782425	88
65.772602739726	73.59375015355285	89
