y	y_hat	y_index
71.1260273972603	73.59275726185791	591
74.3780821917808	73.52610023931337	592
80.1958904109589	73.5543982945234	593
