y	y_hat	y_index
76.8506849315069	73.59584560054661	699
77.1630136986301	73.54626168093621	700
70.4534246575342	73.5555761542276	701
