y	y_hat	y_index
64.7698630136986	73.57979995106656	45
77.7643835616438	73.62093953449224	46
60.7616438356164	73.59605212548074	47
