y	y_hat	y_index
74.6013698630137	73.56589918720893	333
76.2835616438356	73.51140973176042	334
73.958904109589	73.55112914311019	335
