y	y_hat	y_index
69.6178082191781	73.59447254311821	558
82.9027397260274	73.59368054111621	559
72.3260273972603	73.6026701784378	560
