y	y_hat	y_index
82.3958904109589	73.58427300674946	273
74.7342465753425	73.5641008183405	274
72.158904109589	73.59663300454633	275
