y	y_hat	y_index
86.3917808219178	73.61822778833344	654
72.5780821917808	73.51621175567965	655
78.9753424657534	73.55382192076968	656
