y	y_hat	y_index
73.9424657534247	73.59221351437282	390
71.9041095890411	73.5880714143147	391
70.8260273972603	73.60041895752254	392
