y	y_hat	y_index
72.1260273972603	73.61812723413843	78
82.5109589041096	73.62218346250572	79
60.6205479452055	73.55674343100524	80
