y	y_hat	y_index
75.1452054794521	73.60002192212758	621
67.7561643835616	73.61335598422107	622
61.972602739726	73.60376768317171	623
