y	y_hat	y_index
74.4808219178082	73.54016485454342	144
82.1643835616438	73.53891250873464	145
82.6643835616438	73.56636899494592	146
