y	y_hat	y_index
61.2780821917808	73.57709426362793	714
87.6616438356164	73.61593639485545	715
