y	y_hat	y_index
83.1506849315069	73.60745745922071	546
71.7506849315069	73.63722596177438	547
71.5260273972603	73.58936111185078	548
