y	y_hat	y_index
65.2561643835616	73.53812750979485	456
75.6808219178082	73.51618977845155	457
74.9835616438356	73.53482243485709	458
