y	y_hat	y_index
67.9041095890411	73.63374701346518	705
70.4397260273973	73.67609611336364	706
62.8479452054794	73.6825305324275	707
