y	y_hat	y_index
66.6397260273973	73.59085973636448	432
76.1780821917808	73.57657106220701	433
68.9479452054795	73.60476639208814	434
