y	y_hat	y_index
76.3123287671233	73.58713204588568	639
82.2054794520548	73.5655848765624	640
70.2630136986301	73.57119241108289	641
