y	y_hat	y_index
67.9479452054795	73.61164804708544	42
70.086301369863	73.61163991451843	43
82.17005428820563	73.61169277283562	44
