y	y_hat	y_index
72.7013698630137	73.57477974604316	57
77.8342465753425	73.56442946835381	58
79.7643835616438	73.57565777493438	59
