y	y_hat	y_index
78.0616438356164	73.58679196221509	417
69.9986301369863	73.58038967958879	418
80.2712328767123	73.54307131032824	419
