y	y_hat	y_index
71.3835616438356	73.58394989212296	429
78.072602739726	73.63884555852631	430
70.8835616438356	73.62030924604373	431
