y	y_hat	y_index
54.2739726027397	73.61587097032529	522
74.8164383561644	73.5832648781217	523
61.9561643835616	73.63721302100645	524
