y	y_hat	y_index
77.658904109589	73.51643722361555	132
75.7808219178082	73.55345832777567	133
77.5698630136986	73.57680427588411	134
