y	y_hat	y_index
79.2232876712329	73.5453262326872	360
56.4287671232877	73.53561762771562	361
87.2835616438356	73.53829973830514	362
