y	y_hat	y_index
75.4452054794521	73.5633515514043	120
65.2424657534247	73.54520817366372	121
78.686301369863	73.55908603808818	122
