y	y_hat	y_index
70.1616438356164	73.59429240281061	669
81.0835616438356	73.61429296950382	670
59.1671232876712	73.58953487250297	671
