y	y_hat	y_index
82.3917808219178	73.5758720034082	246
74.1849315068493	73.57032571178567	247
55.4164383561644	73.56653954460039	248
