y	y_hat	y_index
68.2205479452055	73.65262831328383	726
70.8342465753425	73.63851729739541	727
