y	y_hat	y_index
73.9808219178082	73.53074348212485	96
84.0424657534247	73.55947192816615	97
75.572602739726	73.58542291271227	98
