y	y_hat	y_index
59.4616438356164	73.669418367294	624
70.8178082191781	73.66551783531384	625
67.7397260273973	73.66277439772628	626
