y	y_hat	y_index
77.9424657534247	73.56506346739397	264
75.3808219178082	73.56778161796254	265
67.6109589041096	73.56505328986823	266
