y	y_hat	y_index
83.0164383561644	73.5816320557534	426
72.8671232876712	73.55138696440453	427
74.9616438356164	73.5870499792283	428
