y	y_hat	y_index
70.8616438356164	73.63390974231294	330
84.7424657534247	73.60400370677992	331
62.7643835616438	73.56461021344077	332
