y	y_hat	y_index
69.3534246575342	73.6160253893342	315
81.0150684931507	73.62508493272465	316
60.6232876712329	73.6126702328778	317
