y	y_hat	y_index
70.4616438356164	73.55233046374607	645
88.4753424657534	73.53493126162792	646
78.0616438356164	73.55425491965984	647
