y	y_hat	y_index
67.0835616438356	73.60167691859999	114
80.8643835616438	73.59441739907207	115
56.9643835616438	73.57504671772011	116
