y	y_hat	y_index
88.7369863013699	73.5656850009973	384
75.8534246575342	73.5859946385134	385
87.758904109589	73.57520656223916	386
