y	y_hat	y_index
74.0315068493151	73.55618467627667	408
76.5150684931507	73.55616217105965	409
65.0561643835616	73.55612171513424	410
