y	y_hat	y_index
71.6835616438356	73.60918219289962	156
77.872602739726	73.62207883400018	157
70.7671232876712	73.61255508567038	158
