mae_mean	mae_single
6.668747341134385	6.633772013623449
