mae_mean	mae_single
4.4557758610155265	4.5524586400166
