mae_mean	mae_single
4.690927967419481	4.76169912587128
