mae_mean	mae_single
4.760276833159307	4.733240948452945
