mae_mean	mae_single
4.113818857835772	4.285895112673248
