mae_mean	mae_single
5.321814864695293	5.322560962958019
