mae_mean	mae_single
5.588507545111119	5.630373412108007
