mae_mean	mae_single
5.080346344724343	5.0055139185130395
