mae_mean	mae_single
5.622139502424856	5.833750664735611
