mae_mean	mae_single
5.282525743214661	5.300911434094686
