mae_mean	mae_single
4.515547003762505	4.377251407430637
