mae_mean	mae_single
5.803172601553037	5.780795994359727
