mae_mean	mae_single
5.36042406754282	5.337611884679768
