mae_mean	mae_single
5.229699986957887	5.22134867737201
