mae_mean	mae_single
5.17628907195023	5.047999822490811
