mae_mean	mae_single
4.8749226805890915	4.967927677027153
