mae_mean	mae_single
5.46069173648206	5.735019444361282
