mae_mean	mae_single
5.595639688702295	6.001490184724739
