mae_mean	mae_single
5.478506190362174	5.206965563000961
