mae_mean	mae_single
5.567889206966272	5.6181476563673245
