mae_mean	mae_single
4.675770465877152	4.973368411698034
