mae_mean	mae_single
5.131723570159006	5.165962496529127
