mae_mean	mae_single
5.3607398691140675	5.3749656826998695
