mae_mean	mae_single
4.62694572105419	4.377252301769787
