mae_mean	mae_single
5.252511804709615	5.314631656776947
