mae_mean	mae_single
4.9041320540935045	4.9686150688851205
