mae_mean	mae_single
5.312351989440172	5.421420026957851
