mae_mean	mae_single
5.357631738977451	5.357881062621501
