mae_mean	mae_single
4.976601658624066	5.426618216078551
