mae_mean	mae_single
4.706124691318374	4.824458710654139
