mae_mean	mae_single
5.795679508300632	5.805515857452086
