mae_mean	mae_single
5.4180122932048125	5.405495417910999
