mae_mean	mae_single
5.74422669248801	5.709591841021749
