mae_mean	mae_single
4.233751892837122	4.215455754677938
