mae_mean	mae_single
4.700207384147335	4.769152059081793
