mae_mean	mae_single
5.178381220512679	5.225436353017092
