mae_mean	mae_single
4.5977648043834085	4.697633310263008
