{"gamma_mean": 1.0547439897779383e-07, "c_mean": 5131.4072723857535, "mae_mean": 4.841117573890477, "gamma_single": 1e-08, "c_single": 5131.4072723857535, "mae_single": 4.185132960437034}