mae_mean	mae_single
4.3349150877144185	4.279324400799304
