mae_mean	mae_single
5.121848995024647	5.382341989079077
