mae_mean	mae_single
5.609191111025183	5.6198979580485435
