mae_mean	mae_single
4.947270044034226	5.0412939615875585
