mae_mean	mae_single
5.575037298690768	5.635581740360638
