mae_mean	mae_single
4.596986878327106	4.620111961084424
