mae_mean	mae_single
5.92749328335142	5.915255951250787
