mae_mean	mae_single
4.506075139800763	4.514647319032768
