mae_mean	mae_single
4.8852909949926815	4.835227526982445
