mae_mean	mae_single
5.7807612846026295	5.829796727229492
