mae_mean	mae_single
5.278889115112308	5.278889115112308
