mae_mean	mae_single
4.1651697890604975	4.174014121983461
