mae_mean	mae_single
5.715157628134532	5.693852732331297
