mae_mean	mae_single
5.547642611324282	5.532210929294243
