mae_mean	mae_single
5.121999029687134	5.0973066853035975
