mae_mean	mae_single
5.681621628616704	5.615859086595284
