mae_mean	mae_single
5.117575548154079	5.089772557802239
