mae_mean	mae_single
6.137753033872187	6.127617002257268
