mae_mean	mae_single
4.831446525534518	4.802736348682945
