mae_mean	mae_single
5.470153362692244	5.473284856780015
