mae_mean	mae_single
5.105525512543667	5.028741172686502
