mae_mean	mae_single
4.278446365022096	4.297986505539502
