mae_mean	mae_single
5.643160037846613	5.597187540432482
