mae_mean	mae_single
6.049500193060043	6.030144046486023
