mae_mean	mae_single
3.9950682246060167	4.108624519493659
