mae_mean	mae_single
5.569052706564424	6.11232433721725
