mae_mean	mae_single
5.408216523454803	5.438023163694243
