mae_mean	mae_single
5.367176042432692	5.304003099105979
