mae_mean	mae_single
4.464471528924591	4.482225383308843
