mae_mean	mae_single
4.77419226038954	4.817477605290639
