mae_mean	mae_single
4.950734301821516	4.954676236026425
