mae_mean	mae_single
5.466278104102972	5.108792456093607
