mae_mean	mae_single
5.623988048978489	5.633320518275314
