mae_mean	mae_single
5.667548768165975	5.667548768165975
