mae_mean	mae_single
5.669192660569822	5.677099082580707
