mae_mean	mae_single
5.547071539100475	5.581218097876303
