mae_mean	mae_single
4.836693411924803	4.7957694767373225
