mae_mean	mae_single
4.8187138025841465	4.8187138025841465
