mae_mean	mae_single
4.696518068106385	4.714480541447961
