mae_mean	mae_single
6.064077996895113	6.059926708134446
