{"c_mean": 1.5790649727284278, "c_single": 10.0, "mae_mean": 5.761602909665462, "mae_single": 4.128437194368566}