mae_mean	mae_single
4.988154822298927	5.049210964668271
