mae_mean	mae_single
4.9765217886609685	5.084637386505978
