mae_mean	mae_single
5.60925364383745	5.611243888621244
