mae_mean	mae_single
4.367624336174391	4.468348935464244
