mae_mean	mae_single
5.988766483008803	5.87306162882945
