mae_mean	mae_single
5.578274140952925	5.598063356296153
