mae_mean	mae_single
4.939584485187776	4.935131063733148
