mae_mean	mae_single
5.609555391925506	5.564623274740324
