mae_mean	mae_single
5.228830975051273	5.217846835490675
