mae_mean	mae_single
5.117414965462293	5.124712917489433
