mae_mean	mae_single
5.614523250546296	5.953202868350675
