mae_mean	mae_single
4.775280756498559	4.775280756498559
