mae_mean	mae_single
5.187226734606345	5.181690025047449
