mae_mean	mae_single
5.67545909066379	5.6789285469701145
