mae_mean	mae_single
5.1977515819397	5.2026743444552395
