mae_mean	mae_single
5.25603127865695	5.233703392921785
