mae_mean	mae_single
5.790461864877317	5.830603012063449
