mae_mean	mae_single
4.103999960522473	4.103640057860406
