mae_mean	mae_single
4.45115103074608	4.468733953747957
