mae_mean	mae_single
5.136832257853044	5.2990250854049785
