mae_mean	mae_single
6.090283275024923	6.032201001500454
