mae_mean	mae_single
4.308200671354575	4.357249019691803
