mae_mean	mae_single
5.137215029860541	5.167448409283733
