mae_mean	mae_single
5.370995400791978	5.3604931685602955
