{"c_mean": 3.903013019642092, "c_single": 0.31622776601683794, "mae_mean": 5.549902707831649, "mae_single": 4.094884463999334}