mae_mean	mae_single
4.939762650679406	4.925146204795512
