mae_mean	mae_single
5.7875762389041485	5.786804741481198
