mae_mean	mae_single
4.718790063728872	4.890943152550845
