mae_mean	mae_single
5.902389117035419	5.733594471757173
