mae_mean	mae_single
4.698430380800263	4.755130144492602
