mae_mean	mae_single
5.65179574520217	5.493501335603859
