mae_mean	mae_single
5.604315634575372	5.56162559714112
