mae_mean	mae_single
5.9673852435461825	5.959042264715732
