mae_mean	mae_single
4.21501297679554	4.27358788536802
