mae_mean	mae_single
4.408469095870529	4.37583335931283
