mae_mean	mae_single
5.646062423512262	5.993804742920948
