mae_mean	mae_single
4.928316931453773	4.893587145993738
