mae_mean	mae_single
5.18137645736982	5.105193144252202
