mae_mean	mae_single
5.575687546519469	5.3263911171421645
