mae_mean	mae_single
5.316409242776099	5.331556506741471
