mae_mean	mae_single
5.667008590094095	5.644720585247744
