mae_mean	mae_single
5.21792280684197	5.221756095817381
