mae_mean	mae_single
5.426398121285135	5.45700735104562
