mae_mean	mae_single
5.4831974273725805	5.581903249529053
