mae_mean	mae_single
5.3048760300963895	5.156105735621782
