mae_mean	mae_single
4.511768409508865	4.735077786592026
