mae_mean	mae_single
5.725239103700036	5.694519881872615
