mae_mean	mae_single
5.423712304088921	5.431906530465845
