mae_mean	mae_single
5.438379575295761	5.473364418149633
