mae_mean	mae_single
5.241596124492197	5.439882301703127
