mae_mean	mae_single
5.378826749307072	5.449085273440712
