mae_mean	mae_single
5.753103179513877	5.765755203605395
