mae_mean	mae_single
5.125245101887873	5.200464456639512
