mae_mean	mae_single
5.604516568630945	5.596565563344396
