mae_mean	mae_single
6.163414855935784	6.159874007835791
