mae_mean	mae_single
4.68965392907131	4.68965392907131
