mae_mean	mae_single
4.539980018418494	4.660035567917814
