mae_mean	mae_single
5.782880287564852	5.679585987370078
