mae_mean	mae_single
4.955183304186233	4.937160398864317
