mae_mean	mae_single
6.0516506734394655	6.110597506144421
