mae_mean	mae_single
5.185379805902985	5.185379805902985
