mae_mean	mae_single
4.554553430776402	4.523228016535469
