mae_mean	mae_single
5.617401395745124	5.603768697877666
