mae_mean	mae_single
5.144605250523776	5.107008198220594
