mae_mean	mae_single
4.486802529999364	4.5191880443333075
