mae_mean	mae_single
5.23779459418445	5.217093346232698
