mae_mean	mae_single
5.026436174813545	5.044535841903269
