mae_mean	mae_single
5.66476272109419	5.89201083365216
