mae_mean	mae_single
3.9902199395726443	4.239649528674919
