mae_mean	mae_single
5.181753164226717	4.989251904644008
