mae_mean	mae_single
5.0852074447404165	5.097124322206301
