mae_mean	mae_single
5.325718431672265	5.311947145984592
