mae_mean	mae_single
5.4372581924649435	5.442888248498806
