mae_mean	mae_single
5.121743350271563	5.153402196652718
