mae_mean	mae_single
4.635081223390737	4.615407655834944
