mae_mean	mae_single
5.803643225205427	5.808784040885357
