mae_mean	mae_single
5.548625555989161	5.567509224629897
