mae_mean	mae_single
4.687951816591526	4.997772092033942
