mae_mean	mae_single
5.728540617658898	5.727620337560679
