mae_mean	mae_single
5.655176567173949	5.6380096047124715
