mae_mean	mae_single
5.33501069762859	5.45135263816175
