mae_mean	mae_single
5.652849634838802	6.032741307454509
