mae_mean	mae_single
4.5906166966330115	4.573548342808761
