mae_mean	mae_single
4.850937788738422	4.839603011956913
