mae_mean	mae_single
5.674298030795672	5.639304322942005
