mae_mean	mae_single
5.424644787317979	5.425963569517103
