mae_mean	mae_single
4.723560363178766	4.937137608128735
