mae_mean	mae_single
5.396718969538616	5.1728527585463695
