mae_mean	mae_single
4.949584447930914	4.860204365400564
