mae_mean	mae_single
5.831344427874391	5.807908453864505
