mae_mean	mae_single
5.851716962718062	5.851716962718062
