mae_mean	mae_single
5.969698857306228	6.088120051943337
