mae_mean	mae_single
5.954181450418343	5.961644823892767
