mae_mean	mae_single
6.073564637661848	6.0602368444053525
