mae_mean	mae_single
5.522950722783612	5.515603713717354
