mae_mean	mae_single
5.537327328788291	5.517650278710451
