mae_mean	mae_single
5.321439999067342	5.308917898073885
