mae_mean	mae_single
4.297365927132319	4.37539088201133
