mae_mean	mae_single
5.836497888463847	5.849940878573284
