mae_mean	mae_single
5.027037516437344	5.024674476785748
