mae_mean	mae_single
4.644241053497448	4.644241053497448
