mae_mean	mae_single
4.557917157541605	4.502025658727772
