mae_mean	mae_single
6.3457859220259145	6.343090622590904
