mae_mean	mae_single
3.9343982897691867	4.787899861824205
