mae_mean	mae_single
4.40043920017321	4.152590857165734
