mae_mean	mae_single
3.8772426705400513	3.7861748558432566
