mae_mean	mae_single
2.2324196558282665	3.5525726014605965
