mae_mean	mae_single
1.9759572727144434	1.9606287188361147
