mae_mean	mae_single
6.169257182363474	5.744940641172872
