mae_mean	mae_single
2.9482557197074706	3.5186097676535204
