mae_mean	mae_single
1.8141602256643903	2.972061373533544
