mae_mean	mae_single
3.5645058025710576	3.595897404109825
