mae_mean	mae_single
3.568526206996829	4.707938580498876
