mae_mean	mae_single
3.559472463822653	3.6508024805350394
