mae_mean	mae_single
4.217820317949669	4.253098254078917
