mae_mean	mae_single
2.3018417406066427	2.4599863060870084
