mae_mean	mae_single
1.5815313184173572	1.6397266410538265
