mae_mean	mae_single
0.8432633828494147	0.8915557447557347
