mae_mean	mae_single
7.265680439283197	6.917155817055378
