mae_mean	mae_single
4.347905022089175	4.462830805138623
