mae_mean	mae_single
5.567400734306699	6.154871923956404
