mae_mean	mae_single
1.7896814923997535	1.924346255743065
