mae_mean	mae_single
2.396702353673509	2.5105918824160844
