mae_mean	mae_single
3.679490323756402	4.273659673727617
