mae_mean	mae_single
6.585520286105876	6.536264366243581
