mae_mean	mae_single
3.1888248805926387	3.8629495777310723
