mae_mean	mae_single
3.020584386960356	3.5850443121332867
