mae_mean	mae_single
1.2108895412487375	0.9887487383974852
