mae_mean	mae_single
1.174538227616149	1.359988143150171
