mae_mean	mae_single
3.018175258098234	4.204000241117417
