mae_mean	mae_single
6.0453401128653	5.957660440211399
