mae_mean	mae_single
1.1054270974318048	1.5572279447538004
