mae_mean	mae_single
4.517928291001837	4.404123403444568
