mae_mean	mae_single
2.8760759796891144	2.479688403624351
