mae_mean	mae_single
12.988335935494282	12.911213581387718
