mae_mean	mae_single
6.253436381189585	6.282263018326307
