mae_mean	mae_single
3.4967393570044436	3.275328800925019
