mae_mean	mae_single
4.083444812190938	3.9249433379806646
