mae_mean	mae_single
3.385567872356271	3.629035847214297
