mae_mean	mae_single
2.5925245266883152	3.529819391254707
