mae_mean	mae_single
3.79928558091702	5.254910090176267
