mae_mean	mae_single
4.975123702035307	4.975123702035307
