mae_mean	mae_single
5.8845627224434764	4.836051679745793
