mae_mean	mae_single
4.281303227552077	4.7967100863445
