mae_mean	mae_single
5.666299033797583	4.79073451000684
