mae_mean	mae_single
4.013244295838329	3.672107953343821
