mae_mean	mae_single
5.054352796412758	4.620389858530312
