mae_mean	mae_single
8.43357792976038	8.276298000834734
