mae_mean	mae_single
7.86997982136332	7.6024606338212095
