mae_mean	mae_single
4.826115454450772	4.107618730560641
