mae_mean	mae_single
13.144128211090491	12.40289194862923
