mae_mean	mae_single
4.080956273177018	4.63179050120912
