mae_mean	mae_single
6.168050659572884	6.155751391963666
