mae_mean	mae_single
5.737812903435651	5.0564891281468105
