mae_mean	mae_single
5.805510139575347	5.380840901036379
