mae_mean	mae_single
3.4540688678693576	3.347521268779024
