mae_mean	mae_single
6.69583561942283	6.304298873143369
