mae_mean	mae_single
3.288128225994811	5.882655161971684
