mae_mean	mae_single
3.9910339105165824	3.9910339105165824
