mae_mean	mae_single
1.1806148522111002	2.1948348743768804
