mae_mean	mae_single
3.8245162623052664	3.673171613368273
