mae_mean	mae_single
6.181624553503113	6.279982785505131
