mae_mean	mae_single
3.0293674690263166	2.9389415780048957
