mae_mean	mae_single
5.905914350535568	5.44704832623933
