mae_mean	mae_single
3.2401874825698704	3.1395979612627087
