mae_mean	mae_single
4.430348206839089	3.9849595249278926
