mae_mean	mae_single
1.5846756505918147	1.9328935166590877
