mae_mean	mae_single
2.232518872282261	2.1092882330167506
