mae_mean	mae_single
6.010050725067771	5.893562196318537
