mae_mean	mae_single
4.599954844189914	4.326057360686117
