mae_mean	mae_single
4.358902913077799	4.257947092148214
