mae_mean	mae_single
5.177599397475295	4.2457014509899835
