mae_mean	mae_single
10.195114028324278	10.39034049177259
