mae_mean	mae_single
2.686916763049586	2.2555002789453433
