mae_mean	mae_single
1.6412203133475838	0.8059969067787401
