mae_mean	mae_single
3.04488798916136	2.6007742730030117
