mae_mean	mae_single
2.340626905130172	0.5817803271137455
