mae_mean	mae_single
9.07700390819035	9.536311597702534
