mae_mean	mae_single
5.134751739809379	4.971171021355066
