mae_mean	mae_single
1.4449149330893316	1.411722468857434
