mae_mean	mae_single
2.586009331316338	2.656883304658644
