mae_mean	mae_single
4.240736702079445	3.335287231483207
