mae_mean	mae_single
5.045065235138369	4.694238207782573
