mae_mean	mae_single
4.563004894625195	4.870996478984135
