mae_mean	mae_single
4.583379584406226	4.532903477430954
