mae_mean	mae_single
6.05527367764176	7.073825236272644
