mae_mean	mae_single
1.304444661703613	1.3658155667076766
