mae_mean	mae_single
5.071357737562008	5.216529849639507
