mae_mean	mae_single
7.5381308011852	7.632849088805656
