mae_mean	mae_single
3.715093904497858	3.8236451586275564
