mae_mean	mae_single
5.81607344314394	6.2418199611221565
