mae_mean	mae_single
3.210488025842295	3.353940580189255
