mae_mean	mae_single
2.504157644927787	2.4428564087789035
