mae_mean	mae_single
2.901137500299432	2.264540405996911
