mae_mean	mae_single
4.589407500400147	4.905416217725484
