mae_mean	mae_single
5.077536653597538	4.827424898505266
