mae_mean	mae_single
3.4753405512349524	4.042537638155022
