mae_mean	mae_single
3.493958744130628	2.996696165473651
