mae_mean	mae_single
4.452636557494604	4.595023938718995
