mae_mean	mae_single
2.1570208920744847	2.385157652530912
