mae_mean	mae_single
5.031677940008613	4.756222300956398
