mae_mean	mae_single
5.10720438602614	6.854286789803713
