mae_mean	mae_single
2.9921233011257584	3.190256731941602
