mae_mean	mae_single
3.0359914818688956	2.8805376614371503
