mae_mean	mae_single
2.3396433400229975	3.195903715713745
