mae_mean	mae_single
3.5468527289262872	3.4302721784210064
