mae_mean	mae_single
5.7800645788977905	5.822385391909219
