mae_mean	mae_single
6.333203204364239	5.854608134535018
