mae_mean	mae_single
5.538648051875725	5.110724111391609
