mae_mean	mae_single
4.078517138068094	4.181278836284321
