mae_mean	mae_single
2.501562809237219	2.7129696312661338
