mae_mean	mae_single
8.278869452721297	9.210127454871825
