mae_mean	mae_single
4.057236124073071	4.8932975583054015
