mae_mean	mae_single
5.1420031586855615	5.481836170426644
