mae_mean	mae_single
8.228964225561327	8.443016912729282
