mae_mean	mae_single
7.953485420658552	8.040834542653457
