mae_mean	mae_single
4.250871011076515	5.990047123635264
