mae_mean	mae_single
2.6752224611344197	2.764091765963125
