mae_mean	mae_single
3.325932475054387	3.7096156584424875
