mae_mean	mae_single
2.0776543566301817	2.0156201732390144
