mae_mean	mae_single
3.0907535564845667	2.7321142146068618
