mae_mean	mae_single
6.139680290971929	4.663997203082791
