mae_mean	mae_single
8.134195740989362	8.350858340372504
