mae_mean	mae_single
5.362897447976309	5.237399228563935
