mae_mean	mae_single
6.75272990372189	6.926609997057052
