mae_mean	mae_single
4.015517444769436	4.281614975649703
