mae_mean	mae_single
3.5802588160069697	3.959730718975256
