mae_mean	mae_single
5.88073544549879	6.5126370387808095
