mae_mean	mae_single
6.645108066001775	6.704871245400646
