mae_mean	mae_single
4.500063051122353	6.518112715126837
