mae_mean	mae_single
6.887639780170052	6.7985820085905955
