mae_mean	mae_single
5.152599504577528	5.178110761609797
