mae_mean	mae_single
5.134372219803296	5.231346651843836
