mae_mean	mae_single
4.98024332173257	4.886116570974984
