mae_mean	mae_single
9.186034492855754	9.578737101304512
