mae_mean	mae_single
3.4864740916867256	4.981526967682787
