mae_mean	mae_single
3.694500778133554	4.256708538909791
