mae_mean	mae_single
6.094446905902885	6.171639115050151
