mae_mean	mae_single
9.66030476388825	9.938411324109312
