mae_mean	mae_single
5.306255040509448	4.901240974878166
