mae_mean	mae_single
3.8879399378698736	3.2714570567580665
