mae_mean	mae_single
3.5996680166092716	3.512128546357791
