mae_mean	mae_single
4.7419831121130995	4.270645557458242
