mae_mean	mae_single
6.325639842970692	5.671417265716296
