mae_mean	mae_single
3.4792436848216517	4.5269615662621945
