mae_mean	mae_single
3.604839323032157	4.466506546735904
