mae_mean	mae_single
1.4652658352169443	2.299783691346164
