mae_mean	mae_single
4.236701826578542	3.731838799863193
