mae_mean	mae_single
2.7109351113811044	2.0220253812983153
