mae_mean	mae_single
4.032745771637013	6.069128341625347
