mae_mean	mae_single
6.27678777189558	6.202797771915328
