mae_mean	mae_single
6.132177179235683	5.850344606550872
