mae_mean	mae_single
5.721821963110419	4.804809590895776
