mae_mean	mae_single
3.904219065084817	4.028910435322746
