mae_mean	mae_single
2.5510180559230995	2.8371511260385254
