mae_mean	mae_single
6.709028202822206	7.063108745476299
