mae_mean	mae_single
1.564288911041724	1.4837097617852255
