mae_mean	mae_single
2.9984242727955936	2.728243229011658
