mae_mean	mae_single
4.391713867067684	4.123592859811159
