mae_mean	mae_single
3.1705177579687245	2.7651560950980447
