mae_mean	mae_single
5.17785386308869	5.489289607119939
