mae_mean	mae_single
2.3405691713042103	2.6555172463177996
