mae_mean	mae_single
6.350751554319352	6.910811778332627
