mae_mean	mae_single
3.5863647076148246	3.9147861948403553
