mae_mean	mae_single
1.0989938036011797	2.463647038325618
