mae_mean	mae_single
4.790850758231836	3.1514579920507324
