mae_mean	mae_single
8.70919779005528	8.430255798624245
