mae_mean	mae_single
6.9625466247969525	6.954692305910815
