mae_mean	mae_single
8.024176934198316	7.935110192024607
