mae_mean	mae_single
2.5013134562986514	3.541990792257579
