mae_mean	mae_single
4.294327271240903	4.284785616475233
