mae_mean	mae_single
4.794006866573355	4.44124834443349
