mae_mean	mae_single
2.666566050248335	3.262401794847136
