mae_mean	mae_single
6.438386489617973	6.597113588134822
