mae_mean	mae_single
4.597166969532059	4.0174483470437155
