mae_mean	mae_single
3.536957108651592	4.603298268420981
