mae_mean	mae_single
2.844188217803591	3.2312160806527643
