mae_mean	mae_single
1.8311033636735203	1.5092761598498186
