mae_mean	mae_single
2.2859260273666564	2.418740417043715
