mae_mean	mae_single
3.604726733824066	4.096723092502167
