mae_mean	mae_single
2.9247772808381236	3.0595199954980408
