mae_mean	mae_single
4.188961509951795	4.671516260393645
