mae_mean	mae_single
5.685310014732662	4.824197426607339
