mae_mean	mae_single
2.7649991818239528	2.950875453271531
