mae_mean	mae_single
8.646373947169712	8.36066088125673
