mae_mean	mae_single
3.785495514072674	3.517617994082395
