mae_mean	mae_single
2.8933143163178037	2.70506575303582
