mae_mean	mae_single
7.79590111181363	6.259537914289287
