mae_mean	mae_single
2.1782429162919925	2.0413728937667344
