mae_mean	mae_single
3.796054233579497	3.8202899702016495
