mae_mean	mae_single
1.529932805274915	1.3994270854396784
