mae_mean	mae_single
1.8172063080413068	1.8172063080413068
