mae_mean	mae_single
4.591292474286685	4.600632212771032
