mae_mean	mae_single
5.199591357322736	5.298420633422221
