mae_mean	mae_single
5.037560622985924	5.118523419950722
