mae_mean	mae_single
4.502365090023247	5.0159872159582335
