mae_mean	mae_single
5.343796714493128	5.945244031172763
