mae_mean	mae_single
3.9508888167187735	4.086076856012203
