mae_mean	mae_single
3.206123114546069	5.286582589687721
