mae_mean	mae_single
8.23408425824015	8.491998963020214
