mae_mean	mae_single
4.978243086879819	2.9789762984282078
