mae_mean	mae_single
4.541256078647436	5.541478955045491
