mae_mean	mae_single
5.761490591022626	5.744758701038843
