mae_mean	mae_single
7.467624158567517	7.624384814737605
