mae_mean	mae_single
3.9152154031238404	4.532108771157257
