mae_mean	mae_single
5.347312566877271	6.260873007697836
