mae_mean	mae_single
2.6653704922303185	2.6488758090476003
