mae_mean	mae_single
3.913608298295846	4.838916458847578
