mae_mean	mae_single
7.070716294522458	7.676094630607771
