mae_mean	mae_single
3.7669214164217926	4.254610432488588
