mae_mean	mae_single
10.074074347162911	9.211736194159846
