mae_mean	mae_single
4.904031832225475	5.032924514060966
