mae_mean	mae_single
4.0536477888084805	4.715144975256398
