mae_mean	mae_single
3.970685804828657	3.8829579736673594
