mae_mean	mae_single
4.683256761942303	4.623322195489171
