mae_mean	mae_single
1.5124425624995343	1.409866363682956
