mae_mean	mae_single
5.087437927723447	4.2113527203573256
