mae_mean	mae_single
2.3720445977872564	2.4574332235899257
