mae_mean	mae_single
3.5185593520772045	3.253473893659551
