mae_mean	mae_single
1.6876640671007597	1.6048930727946005
