mae_mean	mae_single
4.061538146640736	4.756834003977173
