mae_mean	mae_single
1.16839977796446	1.6881891388222126
