mae_mean	mae_single
4.75912422585905	5.370903938311504
