mae_mean	mae_single
4.4864777559840165	5.176417297046602
