mae_mean	mae_single
3.9594610413960774	3.6854463496943026
