mae_mean	mae_single
6.036510211956549	5.784296778687363
