mae_mean	mae_single
2.2100866465976026	2.287466367661063
