mae_mean	mae_single
2.487538608392162	2.6278942128120852
