mae_mean	mae_single
5.416651176843099	4.934454151815221
