mae_mean	mae_single
2.6749890250247006	0.9871997497270897
