mae_mean	mae_single
5.293620713598396	5.21521270633932
