mae_mean	mae_single
4.428736960713427	4.813035882314523
