mae_mean	mae_single
0.8542843171050075	0.8509458141593788
