mae_mean	mae_single
4.223085114168977	4.486924591662849
