mae_mean	mae_single
5.501997486426153	5.551426280603167
