mae_mean	mae_single
2.94872596828012	2.9452459117084877
