mae_mean	mae_single
4.321725076083794	3.794110257927059
