mae_mean	mae_single
2.978625188228378	3.247804519181623
