mae_mean	mae_single
3.367083186979253	3.3954570572324485
