mae_mean	mae_single
1.2175517910414513	1.9300424752162542
