mae_mean	mae_single
3.3544636125855476	3.6923854589412457
