mae_mean	mae_single
8.14383075829995	7.020735553428206
