mae_mean	mae_single
2.0984386199105622	2.5861386715991492
