mae_mean	mae_single
3.9384751828880695	3.7220157336204713
