mae_mean	mae_single
6.561749018635671	7.433871659937391
