mae_mean	mae_single
8.616280106261149	10.249043511928406
