mae_mean	mae_single
7.842330944850677	7.587947394733187
