mae_mean	mae_single
3.9218404374051326	4.120314225342018
