mae_mean	mae_single
2.210983196164044	3.439481750185429
