mae_mean	mae_single
5.5677466055688285	5.238966406693085
