mae_mean	mae_single
4.586500739699353	4.709383084184957
