mae_mean	mae_single
7.024871798497595	7.1094410360086755
