mae_mean	mae_single
1.2795601961828804	1.0859523908590585
