y	y_hat	y_index
77.9479452054795	80.4299458571452	405
67.3671232876712	72.43548046863152	406
65.5315068493151	78.10823362515569	407
