y	y_hat	y_index
77.8150684931507	75.3039404283472	378
75.5671232876712	69.81395521786128	379
82.0287671232877	77.4100814441784	380
