y	y_hat	y_index
77.658904109589	77.27982514394877	132
75.7808219178082	79.06975490487113	133
77.5698630136986	72.53446246550347	134
