y	y_hat	y_index
75.8753424657534	73.76172129082671	708
71.0753424657534	73.64285963343512	709
