y	y_hat	y_index
68.9616438356164	73.88041198010909	180
76.7671232876712	75.6009409813346	181
72.4479452054795	67.79211920828787	182
