y	y_hat	y_index
82.2808219178082	76.71836161743188	597
81.1958904109589	80.26904289503884	598
61.0643835616438	65.8758399946128	599
