y	y_hat	y_index
82.3917808219178	82.88432325738687	246
74.1849315068493	72.23269652588233	247
55.4164383561644	65.15627537965058	248
