y	y_hat	y_index
61.0178082191781	64.54509514537608	507
78.4780821917808	72.1225214788981	508
77.2479452054795	79.11074377577033	509
