y	y_hat	y_index
74.4808219178082	77.18854475294143	144
82.1643835616438	71.1286213529018	145
82.6643835616438	84.45369671019446	146
