y	y_hat	y_index
76.0424657534247	70.39252621141368	630
61.5917808219178	70.41620046842856	631
75.7424657534247	75.00275172926044	632
