y	y_hat	y_index
72.8643835616438	70.34708063892872	722
73.8041095890411	71.74956045702288	723
