y	y_hat	y_index
81.8835616438356	81.18130586747353	501
73.558904109589	70.47250000657964	502
63.3452054794521	75.475310721609	503
