y	y_hat	y_index
59.6616438356164	67.35922293341903	345
87.6534246575342	81.34680707157452	346
70.5123287671233	77.17105142387113	347
