y	y_hat	y_index
83.9643835616438	75.49549900869563	312
84.8671232876712	79.21016987580103	313
70.9643835616438	73.34453805610391	314
