y	y_hat	y_index
61.2698630136986	70.15359826257144	141
74.2808219178082	68.85724796227618	142
62.8753424657534	73.40464161951243	143
