y	y_hat	y_index
56.4835616438356	69.77043490233592	15
79.4849315068493	74.21488364986483	16
73.6328767123288	70.392756509964	17
