y	y_hat	y_index
73.9808219178082	78.89397425988751	96
84.0424657534247	83.58627013508864	97
75.572602739726	72.8812004109926	98
