y	y_hat	y_index
55.8671232876712	65.79602177541537	657
84.5506849315069	83.12953005090247	658
62.3821917808219	65.97286837767102	659
