y	y_hat	y_index
59.4616438356164	66.71318664264996	624
70.8178082191781	70.19955265148985	625
67.7397260273973	70.68444562177196	626
