y	y_hat	y_index
72.772602739726	84.70744310298805	285
77.4232876712329	84.76787278923352	286
54.9671232876712	74.65270561289137	287
