y	y_hat	y_index
80.8671232876712	76.44387612067743	192
72.1698630136986	79.42702967910837	193
77.9698630136986	81.88822325326326	194
