y	y_hat	y_index
62.7808219178082	71.80582889020874	234
81.3232876712329	72.68045634614893	235
76.0616438356164	67.88064181431747	236
