y	y_hat	y_index
65.6616438356164	64.89810861311888	447
54.9205479452055	62.90786788421902	448
81.3506849315069	76.34203787391989	449
