y	y_hat	y_index
74.2698630136986	74.6909055213963	150
66.9780821917808	70.82775444504513	151
82.0616438356164	82.18672658030519	152
