y	y_hat	y_index
75.1452054794521	77.8846225315898	621
67.7561643835616	70.67879867398553	622
61.972602739726	71.71480661659251	623
