y	y_hat	y_index
73.958904109589	70.2593988903168	486
83.258904109589	80.82363315553675	487
68.2780821917808	65.43648846172796	488
