y	y_hat	y_index
64.2	67.27638953757126	549
87.6397260273973	93.45006263503754	550
74.5684931506849	80.05431928016891	551
