y	y_hat	y_index
79.1986301369863	79.19050788857288	135
74.7835616438356	68.89026069584304	136
71.8890410958904	70.28652392340042	137
