y	y_hat	y_index
73.6780821917808	73.25496156383522	255
72.5534246575342	73.04340584283688	256
72.3643835616438	66.98216951516038	257
