y	y_hat	y_index
62.1780821917808	68.841503121327	318
58.9424657534247	60.81414348177812	319
65.5671232876712	69.27489344930264	320
