y	y_hat	y_index
76.4410958904109	76.37150315830048	282
66.9931506849315	71.47682298071801	283
79.5643835616438	77.09871856947173	284
