y	y_hat	y_index
85.458904109589	79.48036142986766	579
65.3698630136986	70.55149512216538	580
78.5808219178082	80.92083628298714	581
