y	y_hat	y_index
78.2671232876712	74.33468570556587	459
84.3452054794521	79.56831656393395	460
81.8397260273973	78.80822763013325	461
