y	y_hat	y_index
61.0424657534247	73.66766444769806	444
68.058904109589	66.79358467161647	445
74.9260273972603	76.17070497042953	446
