y	y_hat	y_index
67.6643835616438	74.67226108146168	231
78.3698630136986	71.80913845929844	232
71.958904109589	67.87381801647662	233
