y	y_hat	y_index
79.5808219178082	75.81643659510924	213
68.0506849315069	70.13194163493371	214
80.1835616438356	78.02950551921637	215
