y	y_hat	y_index
58.1808219178082	67.5110169816674	435
61.7849315068493	68.45270394218663	436
76.0561643835616	76.10013458499688	437
