y	y_hat	y_index
73.7452054794521	75.47091187213506	450
69.6534246575342	65.52382076214089	451
77.1232876712329	73.25803551159957	452
