y	y_hat	y_index
74.8452054794521	81.19946437259205	27
57.6315068493151	66.18492275807013	28
71.5794520547945	67.5102073277774	29
