y	y_hat	y_index
71.8424657534247	66.72452977599298	684
75.9369863013699	72.37694278091631	685
72.9849315068493	72.81814384561221	686
