y	y_hat	y_index
63.4369863013699	68.70706457557073	480
68.7287671232877	73.54686981613233	481
81.4616438356164	78.34850720214223	482
