y	y_hat	y_index
69.4808219178082	73.0381604065187	453
80.072602739726	71.69125061396079	454
61.686301369863	60.87237895110916	455
