y	y_hat	y_index
64.0794520547945	67.69589196838804	732
69.558904109589	69.57687681207807	733
