y	y_hat	y_index
69.3534246575342	76.70837117150927	315
81.0150684931507	81.07138126480157	316
60.6232876712329	72.96858924392458	317
