y	y_hat	y_index
82.3958904109589	81.39410393396281	273
74.7342465753425	70.15091481431593	274
72.158904109589	80.32392462478502	275
