y	y_hat	y_index
67.3013698630137	78.13317427909674	186
73.9671232876712	70.96032617282695	187
69.6671232876712	74.82813136983664	188
