y	y_hat	y_index
83.9095890410959	78.63457045033101	108
77.3616438356164	80.31998888936123	109
79.1082191780822	79.5547984825259	110
