y	y_hat	y_index
79.5657534246575	74.24992136276332	372
75.2452054794521	70.65230221826316	373
80.9849315068493	77.20465214605684	374
