y	y_hat	y_index
65.286301369863	69.46016362258146	681
73.8438356164384	66.35606283401566	682
73.4260273972603	72.24375274974527	683
