y	y_hat	y_index
71.2808219178082	66.95580139354213	730
76.0232876712329	74.25853221717624	731
