y	y_hat	y_index
70.1616438356164	70.05086290364707	669
81.0835616438356	69.91090866648183	670
59.1671232876712	59.062394496255806	671
