y	y_hat	y_index
76.3424657534247	63.01909085363333	702
74.7041095890411	81.02610700659937	703
80.4616438356164	75.4047633782456	704
