y	y_hat	y_index
79.5698630136986	75.84344014480446	441
77.7753424657534	69.80045664365359	442
72.4849315068493	81.85823821134815	443
