y	y_hat	y_index
64.9753424657534	76.48002389323909	12
74.3616438356164	78.01804465801797	13
64.4315068493151	73.95731727611182	14
