y	y_hat	y_index
65.8616438356164	74.903830723104	69
73.2753424657534	78.57480863753717	70
79.3780821917808	75.32320371334512	71
