y	y_hat	y_index
72.2068493150685	70.34839011479959	718
72.7780821917808	69.2865633420003	719
