y	y_hat	y_index
86.4643835616438	75.4596402782421	201
69.7808219178082	71.70140050893619	202
75.7835616438356	74.48293418202599	203
