y	y_hat	y_index
69.4808219178082	71.25444691157753	609
83.6205479452055	84.75517965794691	610
75.1643835616438	74.775658857351	611
