y	y_hat	y_index
84.2808219178082	79.65161686855201	465
60.0534246575343	67.96290083838032	466
78.058904109589	66.52505453709625	467
