y	y_hat	y_index
83.8205479452055	65.34631769206558	93
75.0342465753425	74.58889025886818	94
77.4808219178082	68.84230500885518	95
