y	y_hat	y_index
71.0041095890411	77.9384357413771	528
76.4753424657534	76.80765614863387	529
68.4643835616438	73.05041017658364	530
