y	y_hat	y_index
76.7452054794521	78.1935242812524	734
79.7643835616438	80.6772944642657	735
