y	y_hat	y_index
63.6616438356164	65.87041798098701	462
73.0424657534247	75.00218344295625	463
63.5506849315069	69.81992415106969	464
