y	y_hat	y_index
71.8698630136986	68.77313062891889	204
62.7616438356164	70.51344810198505	205
85.8753424657534	83.17009424389626	206
