y	y_hat	y_index
72.7835616438356	76.38712611177726	198
82.1753424657534	73.73633336834916	199
74.2671232876712	79.39001561165655	200
