y	y_hat	y_index
85.4698630136986	87.21594164622353	724
78.7397260273973	79.42875097695527	725
