y	y_hat	y_index
66.6753424657534	66.52265703228932	225
73.5808219178082	75.7299512450215	226
78.8835616438356	70.49185899679982	227
