y	y_hat	y_index
65.086301369863	68.19768770098875	183
69.1657534246575	67.07692268735315	184
71.6835616438356	70.95590689412238	185
