y	y_hat	y_index
69.9479452054795	70.15881147927212	162
75.9671232876712	78.01887549864041	163
81.4821917808219	83.80937171188482	164
