y	y_hat	y_index
68.2205479452055	77.14303407855756	726
70.8342465753425	69.48798826908798	727
