y	y_hat	y_index
66.7328767123288	73.752272316493	189
80.5041095890411	82.44699026855706	190
59.9506849315068	69.15422968075191	191
