y	y_hat	y_index
74.6013698630137	71.13993706804231	333
76.2835616438356	73.22540744597428	334
73.958904109589	82.97287870602237	335
