y	y_hat	y_index
67.9479452054795	63.744270488303584	42
70.086301369863	68.54354248051509	43
82.17005428820563	74.1426104718694	44
