y	y_hat	y_index
72.8506849315069	71.40672136984534	660
57.1780821917808	67.09302873772978	661
63.4232876712329	65.35058844576264	662
