y	y_hat	y_index
79.1424657534247	82.53930661098002	513
73.2616438356164	76.09553387060316	514
64.3027397260274	75.78975188509202	515
