y	y_hat	y_index
63.9821917808219	68.68544674124205	87
78.2808219178082	73.56414551067725	88
65.772602739726	71.77868084823159	89
