y	y_hat	y_index
73.5479452054795	77.11204964282776	564
87.5506849315069	80.5395919516594	565
72.8506849315069	76.06698842290733	566
