y	y_hat	y_index
71.4753424657534	71.98143474528707	600
74.6616438356164	67.97865672832256	601
76.0095890410959	76.0106167152889	602
