y	y_hat	y_index
76.1506849315069	76.4208204161205	540
64.5643835616438	78.29156604825431	541
87.1643835616438	78.54730912931232	542
