y	y_hat	y_index
86.3917808219178	84.46972833523976	654
72.5780821917808	71.93185174739038	655
78.9753424657534	77.70494480827321	656
