y	y_hat	y_index
76.1780821917808	68.69566840661967	240
80.1794520547945	81.01323798864591	241
73.6506849315069	76.69097175471238	242
