y	y_hat	y_index
73.8917808219178	73.31070491982659	351
76.6506849315069	79.29888661027721	352
81.2698630136986	79.96181290706151	353
