y	y_hat	y_index
66.8643835616438	67.74076397196703	126
75.458904109589	72.30357720715537	127
79.2753424657534	74.03478910905655	128
