y	y_hat	y_index
55.8479452054794	73.62838246780971	510
77.0383561643836	82.91081007064349	511
72.3232876712329	71.57359161685503	512
