y	y_hat	y_index
65.2657534246575	67.85372781304955	36
77.6616438356164	81.06932988609117	37
67.958904109589	71.94104109588535	38
