y	y_hat	y_index
76.3397260273973	76.70951630768064	543
83.2342465753425	78.32005120559448	544
64.7561643835616	70.5556810679309	545
