y	y_hat	y_index
73.8342465753425	69.08815670131489	321
74.3890410958904	68.77344169063488	322
70.8041095890411	77.05836446538514	323
