y	y_hat	y_index
81.0643835616438	78.92160275335091	21
79.0342465753425	74.5651240680326	22
71.7452054794521	76.60685095076512	23
