y	y_hat	y_index
65.8205479452055	66.16990103377474	498
80.8698630136986	82.58466104694776	499
70.5616438356164	68.29105015816678	500
