y	y_hat	y_index
89.2780821917808	78.98570074197981	438
77.0643835616438	71.79391417555922	439
77.1397260273973	73.87221354759612	440
