y	y_hat	y_index
75.8616438356164	71.6280621350805	165
70.7643835616438	68.22707434167702	166
73.372602739726	74.11418475400669	167
