y	y_hat	y_index
62.2616438356164	71.86889100475246	375
82.627397260274	80.12309317666713	376
78.9479452054795	78.0157813919549	377
