y	y_hat	y_index
69.2013698630137	69.60657299164471	648
72.2397260273973	68.35439506482764	649
70.4753424657534	75.03098627939309	650
