y	y_hat	y_index
70.4698630136986	74.46529521809892	516
86.6369863013699	84.43144930471533	517
77.8835616438356	75.08925802650371	518
