y	y_hat	y_index
71.3835616438356	71.6913223041979	429
78.072602739726	79.18280791676554	430
70.8835616438356	74.52858800773605	431
