y	y_hat	y_index
83.0164383561644	74.94758494871715	426
72.8671232876712	64.76124330553903	427
74.9616438356164	83.21840272093682	428
