y	y_hat	y_index
77.1260273972603	71.45797587492775	195
70.1260273972603	64.94299176264423	196
81.5424657534247	76.30486056644439	197
