y	y_hat	y_index
71.4671232876712	73.04870746731764	588
78.1986301369863	74.55889452172227	589
62.5698630136986	74.40447326298612	590
