y	y_hat	y_index
66.4369863013699	67.17646278433217	712
65.5671232876712	72.03710027235705	713
