y	y_hat	y_index
75.8780821917808	77.91920857895218	3
71.2671232876712	68.05339537479915	4
61.0808219178082	61.19501209496404	5
