y	y_hat	y_index
85.5397260273973	87.26999182914359	249
74.372602739726	74.99603062419114	250
67.4616438356164	67.67080310072	251
