y	y_hat	y_index
75.758904109589	82.34473253233944	327
61.7671232876712	72.41568671369963	328
80.8534246575342	81.75505314735123	329
