y	y_hat	y_index
66.6397260273973	68.16387312836522	432
76.1780821917808	74.96803638081917	433
68.9479452054795	78.18685402509969	434
