y	y_hat	y_index
64.5616438356164	74.59614300986227	279
71.158904109589	74.20284569756498	280
77.0643835616438	74.68502581013307	281
