y	y_hat	y_index
70.472602739726	66.37552711652235	471
76.4232876712329	69.59461867737156	472
85.1547945205479	78.66400871888685	473
