y	y_hat	y_index
54.2739726027397	70.51989969207418	522
74.8164383561644	68.68295344854599	523
61.9561643835616	79.00913701988019	524
