y	y_hat	y_index
70.1027397260274	70.15889177467507	716
87.0808219178082	79.99992155246221	717
