y	y_hat	y_index
71.4780821917808	75.7958064372995	525
65.6561643835616	75.85451237718637	526
71.9479452054795	74.88009329576785	527
