y	y_hat	y_index
71.972602739726	73.65101135726559	555
69.9260273972603	73.05931865907706	556
84.5342465753425	72.06147468163097	557
