y	y_hat	y_index
76.3123287671233	71.86128993036772	639
82.2054794520548	77.88545628686484	640
70.2630136986301	71.11032104032276	641
