y	y_hat	y_index
72.7013698630137	65.92180163037256	57
77.8342465753425	71.49363406555418	58
79.7643835616438	79.26079606813096	59
