y	y_hat	y_index
84.3616438356164	76.53837123404398	168
85.5369863013699	74.56478500959385	169
75.0671232876712	70.47489384557878	170
