y	y_hat	y_index
61.8616438356164	63.8283943927964	474
68.1561643835616	71.00940791669504	475
76.2698630136986	79.2274425034501	476
