y	y_hat	y_index
78.3452054794521	77.91375999229246	303
63.5232876712329	70.84364623426372	304
79.3643835616438	69.90274890152732	305
