y	y_hat	y_index
73.6616438356164	79.90838771932769	336
73.6465753424658	73.456282414314	337
75.0671232876712	71.1419534959262	338
