y	y_hat	y_index
81.7643835616438	77.39370196977217	291
88.9342465753425	82.02021722781662	292
68.7479452054795	64.86959775563874	293
