y	y_hat	y_index
64.3424657534247	70.57385251140896	672
70.9534246575342	68.89538006126179	673
72.6397260273973	76.52200304535985	674
