y	y_hat	y_index
77.9342465753425	77.12348879107437	687
66.4232876712329	68.11232086143588	688
80.6397260273973	75.11384961846515	689
