y	y_hat	y_index
70.3246575342466	71.62887775328605	342
79.1698630136986	72.52117966595848	343
78.8383561643836	77.7295065702821	344
