y	y_hat	y_index
75.1452054794521	75.44139117267918	423
75.6369863013699	70.5594276635253	424
74.7534246575342	65.74514838888581	425
