y	y_hat	y_index
69.9835616438356	69.96901830879953	0
72.5561643835616	75.36556529149874	1
71.3616438356164	69.44099412333755	2
