y	y_hat	y_index
74.0315068493151	74.0916491111171	408
76.5150684931507	75.62214217808696	409
65.0561643835616	70.80035477418065	410
