y	y_hat	y_index
61.2780821917808	64.51467838927154	714
87.6616438356164	84.32198358111752	715
