y	y_hat	y_index
60.0232876712329	64.34370619320035	366
81.7013698630137	85.00126927923355	367
71.0506849315069	73.85638864702445	368
