y	y_hat	y_index
72.986301369863	72.9536281088712	309
72.7424657534247	78.06509245259343	310
61.9534246575342	68.84845913394648	311
