y	y_hat	y_index
72.63989854950165	72.79612758016427	90
82.0780821917808	76.10660000191423	91
78.1698630136986	72.0620228200235	92
