y	y_hat	y_index
71.2369863013699	72.32728511546973	324
63.8479452054794	66.23589679811427	325
79.6890410958904	79.66209216873173	326
