y	y_hat	y_index
67.0835616438356	74.14302698792439	114
80.8643835616438	77.11539847021278	115
56.9643835616438	64.43927384383264	116
