y	y_hat	y_index
72.3616438356164	68.44680188715603	147
73.5780821917808	72.74104158948246	148
84.4452054794521	81.69239960249915	149
