y	y_hat	y_index
81.8821917808219	78.50412674180518	636
63.9753424657534	64.21326099613452	637
76.5616438356164	66.4094049038138	638
