y	y_hat	y_index
68.872602739726	74.33314268151894	270
78.2671232876712	72.2731013235055	271
71.158904109589	74.18268856698269	272
