y	y_hat	y_index
61.8561643835616	64.93804242011599	252
69.7780821917808	59.95020087341659	253
75.8479452054795	71.75880745900535	254
