y	y_hat	y_index
69.0561643835616	66.30529039577016	216
59.4041095890411	66.16943547064723	217
73.4232876712329	69.97431231237908	218
