y	y_hat	y_index
68.0479452054795	72.9875720536309	75
81.6397260273973	69.91458204322535	76
68.2753424657534	75.4710278954057	77
