y	y_hat	y_index
90.272602739726	79.36927575807664	666
66.4561643835616	65.81274816128965	667
71.5643835616438	77.65984669421886	668
