y	y_hat	y_index
71.258904109589	79.13378674137556	612
57.6616438356164	69.04855436883095	613
72.7671232876712	77.11526958676005	614
