y	y_hat	y_index
71.727397260274	69.51584310257878	72
71.8561643835616	77.53214284951272	73
66.3780821917808	67.26488141064884	74
