y	y_hat	y_index
80.3753424657534	75.5120758146452	258
74.3452054794521	69.75611222419646	259
75.058904109589	73.83284662448489	260
