y	y_hat	y_index
79.2232876712329	77.920448253425	360
56.4287671232877	58.474116944886454	361
87.2835616438356	70.69642668523693	362
