y	y_hat	y_index
61.9780821917808	68.14675729538605	300
73.2616438356164	68.80276195135976	301
80.6506849315069	80.13296020587522	302
