y	y_hat	y_index
76.7041095890411	69.38240553298876	348
73.2479452054795	75.18761036661172	349
67.3205479452055	65.54344619112086	350
