y	y_hat	y_index
80.9534246575342	77.92899151969031	561
79.9452054794521	73.0378394491958	562
72.3808219178082	73.2081168725525	563
