y	y_hat	y_index
73.2808219178082	74.74548138176279	468
76.3424657534247	78.47485078064834	469
77.7643835616438	71.7949534110441	470
