y	y_hat	y_index
65.658904109589	74.35653296675078	504
65.0328767123288	74.85638517371068	505
67.5315068493151	72.53736236532347	506
