y	y_hat	y_index
63.0808219178082	65.71604799538271	54
61.558904109589	70.66666243892399	55
61.9958904109589	66.9551082069695	56
