y	y_hat	y_index
83.058904109589	70.06904906520246	159
72.3657534246575	74.78996962771414	160
70.4698630136986	67.33906060063244	161
