y	y_hat	y_index
67.9342465753425	67.89124648252682	693
78.5287671232877	73.30924416756073	694
88.3315068493151	80.8718197916194	695
