y	y_hat	y_index
86.3630136986301	85.61274283904048	51
82.672602739726	80.58108386886605	52
71.6808219178082	72.75236617246946	53
