y	y_hat	y_index
71.9671232876712	72.12088916300401	81
69.7095890410959	68.68577916232525	82
69.2260273972603	70.57824179170508	83
