y	y_hat	y_index
78.5369863013699	79.45211444761188	642
67.9986301369863	66.69218884672024	643
56.272602739726	64.15228286415571	644
