y	y_hat	y_index
83.2643835616438	80.12127896567135	519
84.6671232876712	84.43199487998056	520
70.8287671232877	67.30147490513086	521
