y	y_hat	y_index
71.8452054794521	70.88957115649757	402
80.1986301369863	90.55609582310728	403
78.3561643835616	75.39189171505998	404
