y	y_hat	y_index
55.1616438356164	60.85536505338509	354
83.2534246575342	76.26406091420928	355
78.4397260273973	80.85167488632953	356
