y	y_hat	y_index
71.1260273972603	75.23525535195893	591
74.3780821917808	71.37670872486748	592
80.1958904109589	78.21838942549189	593
