y	y_hat	y_index
64.0534246575342	65.65145290321496	357
73.0602739726027	73.67291994778537	358
65.3561643835616	69.37845323258871	359
