y	y_hat	y_index
57.0643835616438	74.78776650822941	582
87.2232876712329	77.87939347464045	583
82.7671232876712	80.8534861391845	584
