y	y_hat	y_index
78.6	75.1333092369005	39
85.3780821917808	76.08159451301741	40
72.2452054794521	64.12074404692413	41
