y	y_hat	y_index
66.3630136986301	70.38366033416617	267
68.9452054794521	66.89217159795065	268
58.2931506849315	73.43161905146135	269
