y	y_hat	y_index
83.1506849315069	82.87365828976928	546
71.7506849315069	73.30013375464199	547
71.5260273972603	78.75407770668228	548
