y	y_hat	y_index
60.672602739726	71.67954661668841	576
75.5	78.71399759202778	577
57.6835616438356	73.68484321633414	578
