y	y_hat	y_index
88.2643835616438	84.88933006591694	606
73.7821917808219	70.84608567139173	607
82.4534246575342	69.07933720678422	608
