y	y_hat	y_index
75.4452054794521	76.02864097632018	120
65.2424657534247	74.9944880925663	121
78.686301369863	80.01466334746294	122
