y	y_hat	y_index
73.1616438356164	64.04250014484	567
56.3643835616438	67.21069890614098	568
74.6534246575342	74.77547248052912	569
