y	y_hat	y_index
70.3369863013699	70.65509513489963	6
66.4616438356164	72.44267417802239	7
75.8643835616438	72.53205866005263	8
