y	y_hat	y_index
79.6849315068493	76.34086651993533	651
68.8616438356164	72.65476968529354	652
64.9712328767123	65.96684737426452	653
