y	y_hat	y_index
83.1890410958904	77.91443457091037	495
59.6452054794521	67.97853976284766	496
70.7876712328767	73.8829702412076	497
