y	y_hat	y_index
57.7369863013699	68.80503848009904	678
72.0013698630137	68.40228007859841	679
75.572602739726	71.47943555930166	680
