y	y_hat	y_index
89.0698630136986	78.90347826261234	570
77.2260273972603	75.99871550907424	571
79.5616438356164	82.217717482171	572
