y	y_hat	y_index
72.1630136986301	72.1820142606741	615
83.8506849315069	79.91358181336705	616
72.4424657534247	64.6859122383541	617
