y	y_hat	y_index
69.4753424657534	72.0872903877483	276
65.8753424657534	77.83366984589244	277
72.6452054794521	77.39008964617209	278
