y	y_hat	y_index
75.2835616438356	74.18095523303828	84
75.2424657534247	72.30424545841898	85
74.1780821917808	72.72559880656328	86
