y	y_hat	y_index
76.6808219178082	77.43136943468147	363
86.5808219178082	76.61504517519977	364
77.4479452054795	74.98912786375814	365
