y	y_hat	y_index
80.8287671232877	83.5204247552623	102
75.1794520547945	81.06365625553369	103
80.1808219178082	76.59574038409654	104
