y	y_hat	y_index
78.0616438356164	75.2661983307425	417
69.9986301369863	79.56908151419042	418
80.2712328767123	77.37481597561997	419
