y	y_hat	y_index
70.4616438356164	71.1175281500205	645
88.4753424657534	77.45323120446076	646
78.0616438356164	75.02754391463671	647
