y	y_hat	y_index
79.8520547945206	75.00112087370448	66
90.2561643835616	76.92208742430292	67
71.058904109589	75.27676570521675	68
