y	y_hat	y_index
71.5671232876712	70.63592833553865	123
70.7616438356164	72.08704281624071	124
81.4342465753425	73.13516245186774	125
