y	y_hat	y_index
78.4671232876712	77.0868524069878	222
74.5424657534247	73.7657562036793	223
76.0369863013699	71.56370679200587	224
