y	y_hat	y_index
80.2794520547945	73.16781778568196	396
77.6616438356164	72.5067510049619	397
61.0	64.05508605831137	398
