y	y_hat	y_index
66.7369863013699	71.89083407922703	663
58.772602739726	73.6498437174695	664
63.0	73.5542533293722	665
