y	y_hat	y_index
64.4452054794521	72.91608438575638	153
72.4493150684931	74.15578121106168	154
67.958904109589	71.13946873319996	155
