y	y_hat	y_index
62.8698630136986	65.67334276992811	177
80.3534246575342	78.2551526551252	178
63.7506849315068	65.8708138882588	179
