y	y_hat	y_index
79.5232876712329	76.50982253107864	477
71.7657534246575	64.16141403794495	478
60.718372666497935	65.2132500085889	479
