y	y_hat	y_index
67.7616438356164	69.48661563807833	492
79.2890410958904	77.58394784230467	493
69.8643835616438	75.37019407028127	494
