y	y_hat	y_index
70.4219178082192	69.5888606323051	603
65.9424657534247	71.10687836060758	604
68.1698630136986	69.93042122455063	605
