y	y_hat	y_index
76.8506849315069	77.36958786190957	699
77.1630136986301	81.39536821313739	700
70.4534246575342	69.76220142545098	701
