y	y_hat	y_index
82.3698630136986	79.46661711188813	294
84.4671232876712	77.33702055205484	295
75.7643835616438	74.16600418745048	296
