y	y_hat	y_index
84.2698630136986	90.80179644245506	129
71.172602739726	72.95861055621384	130
82.9561643835616	75.24271548532651	131
