y	y_hat	y_index
84.1397260273973	80.49880754622322	552
75.3260273972603	76.27384084376592	553
78.4013698630137	76.45537304181742	554
