y	y_hat	y_index
73.4287671232877	63.972112913989534	243
67.4643835616438	69.61869300248613	244
75.3602739726027	75.05918020825722	245
