y	y_hat	y_index
78.1698630136986	70.25755193982909	690
79.0479452054795	77.43712491463518	691
77.3452054794521	74.82860395665095	692
