y	y_hat	y_index
73.9561643835616	70.05125581080048	728
79.9397260273973	78.15625816455123	729
