y	y_hat	y_index
70.1808219178082	67.40040980593476	675
64.9561643835616	72.79438877587789	676
67.3671232876712	68.55168165278903	677
