y	y_hat	y_index
79.2616438356164	76.46910461368893	171
79.386301369863	80.33056256733128	172
61.7808219178082	70.69748245226145	173
