y	y_hat	y_index
69.9506849315069	71.23594952154298	288
70.7260273972603	69.49988130756476	289
71.3424657534247	73.75471601373584	290
