y	y_hat	y_index
69.6178082191781	72.64694589765485	558
82.9027397260274	78.8722299659182	559
72.3260273972603	71.3895633591553	560
