y	y_hat	y_index
70.1068493150685	74.66758718276948	24
85.2808219178082	83.06539284297831	25
77.3808219178082	76.50393469256977	26
