y	y_hat	y_index
68.3904109589041	65.90204240974275	633
63.8479452054794	66.36270980780421	634
76.186301369863	74.55648493285703	635
