y	y_hat	y_index
74.1342465753425	71.1502470335772	420
74.4698630136986	78.17851676119643	421
78.1808219178082	78.60430242190684	422
