y	y_hat	y_index
71.6835616438356	73.66640357419702	156
77.872602739726	81.85582510633897	157
70.7671232876712	75.29127706171015	158
