y	y_hat	y_index
69.4178082191781	69.22671742764734	618
65.9890410958904	74.02848741377795	619
83.1808219178082	79.53297590303828	620
