y	y_hat	y_index
84.2205479452055	77.97576610892911	210
72.3534246575342	75.505386263105	211
79.672602739726	77.67148943882212	212
