y	y_hat	y_index
80.3013698630137	85.41135457208347	531
73.0534246575342	77.39130141923886	532
69.1986301369863	63.711762347121265	533
