y	y_hat	y_index
72.1260273972603	77.61904964146177	78
82.5109589041096	84.33110040617984	79
60.6205479452055	67.10724873150353	80
