y	y_hat	y_index
71.2506849315069	71.02689731669895	219
62.9616438356164	63.214133584468385	220
70.8780821917808	68.03807826314532	221
