y	y_hat	y_index
73.258904109589	65.10105649980963	339
84.1643835616438	85.92247549558924	340
84.4616438356164	68.43846153783207	341
