y	y_hat	y_index
69.5534246575342	71.19379552754545	30
71.3808219178082	72.8498340009256	31
60.6616438356164	68.01168315754794	32
