y	y_hat	y_index
70.8616438356164	71.1916229334539	330
84.7424657534247	76.49963465255229	331
62.7643835616438	63.29954780854058	332
