y	y_hat	y_index
65.4931506849315	66.87440964732764	228
73.3301369863014	74.19887611107426	229
68.2506849315069	69.63335546808412	230
