y	y_hat	y_index
72.1712328767123	80.30078212195468	393
73.1013698630137	68.45481843182067	394
75.7835616438356	81.42650184031596	395
