y	y_hat	y_index
75.8890410958904	74.50313412282881	33
85.7260273972603	76.34889373418739	34
75.7424657534247	68.39597575368956	35
