y	y_hat	y_index
73.558904109589	68.83452933534035	369
65.086301369863	72.31870687203667	370
70.6671232876712	72.21743828131862	371
