y	y_hat	y_index
88.5698630136986	76.48632038519963	261
76.8657534246575	73.08550564810226	262
87.7698630136986	78.33291962947166	263
