y	y_hat	y_index
74.9643835616438	74.0853223342651	696
73.8616438356164	68.2922978689596	697
75.1808219178082	73.33423156637186	698
