y	y_hat	y_index
73.8643835616438	76.08337060499173	207
75.0397260273973	68.66992372565223	208
91.3068493150685	84.66302869936888	209
