y	y_hat	y_index
74.4616438356164	78.20454360999638	111
69.0452054794521	76.13983570781528	112
77.5369863013699	75.08347168359579	113
