y	y_hat	y_index
75.7315068493151	73.55492887971617	573
63.8178082191781	70.38328423097009	574
70.572602739726	76.755919864441	575
