y	y_hat	y_index
84.5356164383562	75.5654069697173	18
69.3849315068493	68.20518067538154	19
71.1561643835616	71.14942106659944	20
