y	y_hat	y_index
88.2561643835616	82.78351213217859	99
72.158904109589	73.5708164498971	100
75.7808219178082	73.15383323559313	101
