y	y_hat	y_index
77.758904109589	74.01601470113954	381
77.1369863013699	71.9428956417153	382
89.5616438356164	91.42366781734015	383
