y	y_hat	y_index
79.3561643835616	76.60403725679089	399
73.9616438356164	74.81882281930352	400
75.3972602739726	74.252539432655	401
