y	y_hat	y_index
73.9424657534247	74.46732453025756	390
71.9041095890411	70.47369511762717	391
70.8260273972603	73.5636208821387	392
