y	y_hat	y_index
67.9041095890411	70.25958250921961	705
70.4397260273973	72.53891891815476	706
62.8479452054794	70.49151670945446	707
