y	y_hat	y_index
83.3780821917808	73.93820322788343	138
60.6835616438356	65.04034044837637	139
84.7506849315069	82.29738916941574	140
