y	y_hat	y_index
62.1205479452055	72.80221973023214	411
68.9890410958904	68.20384109775866	412
77.9397260273973	73.5257356697605	413
