y	y_hat	y_index
60.1671232876712	61.443418574172384	489
76.5342465753425	72.66599270073633	490
69.172602739726	72.656281517686	491
