y	y_hat	y_index
66.4260273972603	75.23272706690496	60
63.7506849315068	66.051168747654	61
62.258904109589	64.61115389174918	62
