y	y_hat	y_index
71.9643835616438	69.22850433098365	585
71.3479452054795	82.57110150810664	586
83.0616438356164	78.51652739018502	587
