y	y_hat	y_index
89.5835616438356	87.69522856048518	63
67.7328767123288	72.98683426186548	64
61.5369863013699	73.44695033144086	65
