y	y_hat	y_index
70.1534246575342	72.28159911014903	710
78.7479452054795	72.84508476855545	711
