y	y_hat	y_index
75.5616438356164	74.61909380489774	387
79.1671232876712	71.65397897434532	388
79.2534246575342	75.14223447172334	389
