y	y_hat	y_index
79.2452054794521	74.93245813569233	720
81.8671232876712	84.26330316908253	721
