y	y_hat	y_index
76.3561643835616	77.37706495005276	537
69.1780821917808	67.75019527587432	538
82.6424657534247	78.39369661897555	539
