y	y_hat	y_index
74.7287671232877	69.8914093117395	594
55.8808219178082	67.44149359851632	595
68.1643835616438	67.22221931720675	596
