y	y_hat	y_index
75.8260273972603	80.11520599303847	237
75.1342465753425	72.1146502452032	238
66.7178082191781	72.48574203249402	239
