y	y_hat	y_index
73.5849315068493	77.54118679647837	297
63.0780821917808	72.8391563290215	298
61.8246575342466	75.33833983194788	299
