y	y_hat	y_index
77.9424657534247	71.02317838404917	264
75.3808219178082	73.1411889335344	265
67.6109589041096	66.12932107098007	266
