y	y_hat	y_index
56.3027397260274	67.80771819773639	483
64.5808219178082	70.09543867406367	484
79.1671232876712	75.92852880447	485
