y	y_hat	y_index
78.986301369863	77.54677051239211	105
72.2095890410959	63.07629562214864	106
78.9657534246575	76.82847222134002	107
