y	y_hat	y_index
64.7698630136986	62.15207680368698	45
77.7643835616438	75.8611016237332	46
60.7616438356164	68.90983103020112	47
