y	y_hat	y_index
69.1876712328767	68.99033077670549	9
77.5616438356164	79.54803903976475	10
59.7616438356164	68.18877950125162	11
