y	y_hat	y_index
68.2808219178082	70.07029795873001	627
80.5767123287671	77.84005894200041	628
74.2643835616438	72.31945031310885	629
