y	y_hat	y_index
77.9849315068493	78.49649875922734	414
70.7671232876712	70.55185928381783	415
71.4780821917808	74.27486561839785	416
