y	y_hat	y_index
70.9232876712329	76.71855183012988	174
61.7808219178082	67.16537271024866	175
74.0095890410959	74.59529540197384	176
