y	y_hat	y_index
65.2561643835616	77.76633720967413	456
75.6808219178082	67.58310325441059	457
74.9835616438356	69.46385976317991	458
