y	y_hat	y_index
76.1753424657534	72.77652547444106	117
68.3068493150685	70.04788969824986	118
75.3452054794521	68.6696373052816	119
