y	y_hat	y_index
67.9671232876712	71.87267616544948	48
84.1506849315069	83.17489596182061	49
67.5671232876712	70.14839726538311	50
