y	y_hat	y_index
55.0041095890411	72.39019123297615	534
72.4780821917808	73.24760887336717	535
81.058904109589	81.411067331158	536
