y	y_hat	y_index
88.7369863013699	80.67199080075905	384
75.8534246575342	70.86240126069772	385
87.758904109589	82.78477083183301	386
