y	y_hat	y_index
68.5342465753425	72.34191386947779	306
78.1452054794521	73.46826412672975	307
69.458904109589	71.45617169512323	308
