mae_mean	mae_single
5.65630687145817	5.750667106754853
