mae_mean	mae_single
5.723063922264272	5.70560962302989
