mae_mean	mae_single
5.389574236381987	5.468421007835814
