mae_mean	mae_single
5.613546413917013	5.6059175374786445
