mae_mean	mae_single
5.006709882635322	5.001344835662798
