mae_mean	mae_single
4.723820804721003	4.4912810500355125
