mae_mean	mae_single
5.886074106680786	5.886329879749387
