mae_mean	mae_single
5.728272952209047	5.724767584307629
