mae_mean	mae_single
4.006388349662264	4.002040909871324
