mae_mean	mae_single
5.415294658813623	5.399128636576918
