mae_mean	mae_single
5.248575380072446	5.243729203529869
