mae_mean	mae_single
4.28570823494758	4.555951357188516
