mae_mean	mae_single
5.394025728610597	5.360806010671495
