mae_mean	mae_single
4.643131284740137	4.643131284740137
