mae_mean	mae_single
5.489063846908979	5.688953762111491
