mae_mean	mae_single
4.314290581766133	4.289440464570669
