mae_mean	mae_single
4.881081162428305	4.902678578902554
