mae_mean	mae_single
5.631556116128163	5.650460971943495
