mae_mean	mae_single
4.4685743992047415	4.5465165321527055
