mae_mean	mae_single
5.464405272134581	5.465737637905224
