mae_mean	mae_single
4.926613087305925	4.942596785913926
