mae_mean	mae_single
5.717662416814671	5.70184543485381
