mae_mean	mae_single
5.044099183807532	5.020415424432471
