mae_mean	mae_single
5.407211612157528	5.400212683438421
