mae_mean	mae_single
4.855582118167197	4.967864001472593
