mae_mean	mae_single
4.822746206204836	4.800830947835194
