mae_mean	mae_single
4.616354441137408	4.70814993050324
