mae_mean	mae_single
5.513042073604974	5.472883660027089
