mae_mean	mae_single
4.881233955759255	4.8476302178581525
