mae_mean	mae_single
4.909011885906614	4.901036023336249
