mae_mean	mae_single
4.461611649684612	4.433627895255212
