mae_mean	mae_single
5.562173936374151	5.455598026395409
