mae_mean	mae_single
5.1570495698116785	5.15226714028308
