mae_mean	mae_single
4.643844408948022	4.923813437360534
