mae_mean	mae_single
4.390786003974862	4.428152676896971
