mae_mean	mae_single
4.596686699045825	4.746539564184744
