mae_mean	mae_single
4.887352117834121	4.866291329663282
