mae_mean	mae_single
5.0555362421583565	4.910145314964072
