mae_mean	mae_single
4.856713866248328	4.776088565256927
