mae_mean	mae_single
5.107232767425555	5.133720321369178
