mae_mean	mae_single
4.2952996778843895	4.273250218339841
