mae_mean	mae_single
4.744386744343139	4.782552709046075
