mae_mean	mae_single
4.70661832473397	4.632990438894636
