mae_mean	mae_single
5.832081553165712	5.849699862420666
