mae_mean	mae_single
5.960034780557679	5.785449254522044
