mae_mean	mae_single
4.6299478995301335	4.619192618326715
