mae_mean	mae_single
5.059776680478434	5.067466476795229
