mae_mean	mae_single
5.109941992854513	5.30247592879759
