mae_mean	mae_single
5.433238557279297	5.461665670383901
