mae_mean	mae_single
5.200221077062094	5.158564137398077
