mae_mean	mae_single
5.491676345602604	5.455857084540641
