mae_mean	mae_single
5.615527787116056	5.549829902254793
