mae_mean	mae_single
5.506842172397156	5.497333125381417
