mae_mean	mae_single
5.300899002089443	5.314628247866568
