mae_mean	mae_single
5.19020132722062	5.192667582991521
