mae_mean	mae_single
5.734922077500365	5.719899806455269
