mae_mean	mae_single
5.960533570580632	5.734134748444731
