mae_mean	mae_single
5.415447219660372	5.486291857857802
