mae_mean	mae_single
5.443958672090063	5.44415728922064
