mae_mean	mae_single
4.855260380832584	4.876427662574864
