mae_mean	mae_single
5.349874667132099	5.124183737288435
