mae_mean	mae_single
5.549328020535749	5.484880532560284
