mae_mean	mae_single
5.932616137590199	5.950770036942351
