mae_mean	mae_single
4.9909467056728225	4.939751948602232
