mae_mean	mae_single
4.741529617320609	4.942497329635078
