mae_mean	mae_single
5.519214039567988	5.548422131237711
