mae_mean	mae_single
5.096382690722831	5.130680570360183
