mae_mean	mae_single
5.081689190742603	5.161046611955544
