mae_mean	mae_single
5.545236813635635	5.5813242529570095
