mae_mean	mae_single
5.3312965456478745	5.32005112051488
