mae_mean	mae_single
5.645197191170537	5.751125199752361
