mae_mean	mae_single
4.608502023949109	4.653130099806918
