mae_mean	mae_single
4.696378381122742	4.7286420627093655
