mae_mean	mae_single
5.891913297387899	5.8864700997732236
