mae_mean	mae_single
5.323478557008386	5.248651199004803
