mae_mean	mae_single
4.996689258976598	5.024338180104715
