mae_mean	mae_single
4.857366937524339	5.7540688749998115
