mae_mean	mae_single
5.859228738453565	5.860702312396309
