mae_mean	mae_single
5.424550855891404	5.420057690671812
