mae_mean	mae_single
5.8752879359641215	5.865142163661167
