mae_mean	mae_single
4.793737008432263	4.434982997735256
