mae_mean	mae_single
5.545139553602935	5.54737196433596
