mae_mean	mae_single
5.127768838838614	5.230155608093577
