mae_mean	mae_single
5.04256895369196	5.00378924731557
