mae_mean	mae_single
5.643297386470127	5.732471809570943
