mae_mean	mae_single
5.331053358710159	5.334519949245703
