mae_mean	mae_single
5.46823659578307	5.466721749804125
