mae_mean	mae_single
5.361148842180721	5.2455168729207875
