mae_mean	mae_single
4.5938484258722365	4.604755650803866
