mae_mean	mae_single
5.251564306451831	5.318671863434348
