mae_mean	mae_single
4.307571028030344	4.148407316074498
