mae_mean	mae_single
6.0590047723983735	5.931762455997149
