mae_mean	mae_single
5.562453528205434	5.657282591812967
