mae_mean	mae_single
4.464364572908496	4.464364572908496
