mae_mean	mae_single
5.673341495252673	6.029651404604354
