mae_mean	mae_single
5.322271493351115	5.2415825236416795
