mae_mean	mae_single
5.347052163805702	5.438268600147839
