mae_mean	mae_single
5.782436615906537	5.826747909534728
