mae_mean	mae_single
4.081879570476773	4.081879570476773
