mae_mean	mae_single
5.047332027233931	4.970185114115123
