mae_mean	mae_single
4.537977915291252	4.769330564187242
