mae_mean	mae_single
4.90537228303331	4.959238478192267
