mae_mean	mae_single
5.5237354000828685	5.581574150760675
