mae_mean	mae_single
5.635540904629099	5.638287566421198
