mae_mean	mae_single
4.934352597503443	4.934352597503443
