mae_mean	mae_single
4.880986888684805	4.901689718534311
