mae_mean	mae_single
5.6934494639359094	5.904118232317303
