mae_mean	mae_single
5.519792129773276	5.516712999176628
