mae_mean	mae_single
4.676993583726303	4.760462738222038
