mae_mean	mae_single
5.248765185176205	5.23045036075864
