mae_mean	mae_single
5.478878063764701	5.4224306218084966
