mae_mean	mae_single
6.07481216486925	6.081844979486528
