mae_mean	mae_single
5.333450230340233	5.33461607489925
