mae_mean	mae_single
4.452276754139225	4.479380103790746
