mae_mean	mae_single
5.493282172926803	5.531022955575616
