mae_mean	mae_single
5.415739266317865	5.336938267275124
