mae_mean	mae_single
5.790946191628551	5.998409967178176
