mae_mean	mae_single
4.8451903295890295	4.792244894268882
