mae_mean	mae_single
6.255809595705778	6.586795048099231
