mae_mean	mae_single
4.861480765418742	4.941550477331584
