mae_mean	mae_single
5.032841022298249	5.121459382436818
