mae_mean	mae_single
6.121573852122814	6.097893947151912
