mae_mean	mae_single
5.693036378178478	5.706431749837619
