mae_mean	mae_single
5.354568084820002	5.341976220521676
