mae_mean	mae_single
5.690136920040722	5.660412623177091
