mae_mean	mae_single
5.849234448501383	5.879681528331128
