mae_mean	mae_single
5.011891599590967	5.301242495103074
