mae_mean	mae_single
5.547172341119119	5.489311794512634
