mae_mean	mae_single
4.619822213270256	4.639685409867984
