mae_mean	mae_single
5.869940726605579	5.874719910034249
