mae_mean	mae_single
5.62573940589283	5.62573940589283
