mae_mean	mae_single
6.194689106585484	6.1958371849270755
