mae_mean	mae_single
4.999727263298784	4.902703742269773
