mae_mean	mae_single
5.836826783649944	6.182966364475223
