mae_mean	mae_single
5.497987173960468	5.483797005663635
