mae_mean	mae_single
5.358707814903882	5.358707814903882
