mae_mean	mae_single
5.025785037491546	5.314846628451447
