mae_mean	mae_single
5.315210506134204	5.307793087301585
