mae_mean	mae_single
5.009839749990635	5.401276346523158
