mae_mean	mae_single
5.633176710777571	5.622604963732067
