mae_mean	mae_single
5.029770444088725	5.022718009857537
