mae_mean	mae_single
5.276544375661646	5.263433988644774
