mae_mean	mae_single
5.264507093468896	5.247295236009363
