mae_mean	mae_single
5.696967930812378	5.739626945522419
