mae_mean	mae_single
5.328149404572523	5.321865795646841
