mae_mean	mae_single
5.550907518718328	5.601919710764493
