mae_mean	mae_single
4.437092675872961	4.457000831193254
