mae_mean	mae_single
5.62319790291098	5.583889355553917
