mae_mean	mae_single
5.108948743434481	5.178900631983397
