mae_mean	mae_single
5.463641882200522	5.427680691236161
