mae_mean	mae_single
4.779650421697269	4.7949452160290384
