mae_mean	mae_single
5.424389330851389	5.425191141453035
