mae_mean	mae_single
4.976122611544089	4.938286953342745
