mae_mean	mae_single
5.418841263133267	5.705445275570596
