mae_mean	mae_single
5.294350099909249	5.305451515248198
