mae_mean	mae_single
5.434335159740983	5.386528917560063
