mae_mean	mae_single
5.481289909500582	5.472699643027062
