mae_mean	mae_single
5.244707989735298	5.244707989735298
