mae_mean	mae_single
4.4116643434744285	4.442047569467979
