mae_mean	mae_single
5.437980144371697	5.171797251541425
