mae_mean	mae_single
4.297289239780407	4.290801963906284
