mae_mean	mae_single
5.064658255177796	4.968318927355453
