mae_mean	mae_single
5.418986164563503	5.419668665641108
