mae_mean	mae_single
5.907975777615497	5.776384629399817
