mae_mean	mae_single
4.910470967604181	4.907098006081864
