mae_mean	mae_single
5.812025696857219	5.850386074843206
