mae_mean	mae_single
5.899569967939692	5.891754960046626
