mae_mean	mae_single
4.504102427479647	4.48350671875706
