mae_mean	mae_single
4.636796550905379	4.530680107543436
