mae_mean	mae_single
4.421037082295448	4.520062548260184
