mae_mean	mae_single
5.522485183093803	5.5212989134248245
