mae_mean	mae_single
4.981090801789586	4.983656846501959
