mae_mean	mae_single
5.5750352603325375	5.558085382740014
