mae_mean	mae_single
4.665125228508752	4.657817581511592
