mae_mean	mae_single
5.384625279496097	5.390741691224762
