mae_mean	mae_single
4.401066233979726	4.400718864041769
