mae_mean	mae_single
4.496662140664929	4.5034468601399595
