mae_mean	mae_single
6.11957211932712	6.133331527829469
