mae_mean	mae_single
4.963646863053593	5.001783357851813
