mae_mean	mae_single
5.291673622277196	5.292768482627772
