mae_mean	mae_single
5.368206064780312	5.368144375894573
