mae_mean	mae_single
5.693368237830831	5.734733529383644
