mae_mean	mae_single
4.153382156141462	4.153382156141462
