mae_mean	mae_single
5.718233471665574	5.758550131321923
