mae_mean	mae_single
5.736967270873476	5.5964309164624
