mae_mean	mae_single
5.540036452775414	5.675701607586259
