mae_mean	mae_single
5.529110208766025	6.111123298983896
