mae_mean	mae_single
5.394283408778783	5.454976739065853
