mae_mean	mae_single
4.481577152807665	4.453689335103768
