mae_mean	mae_single
4.898225227807058	4.963137477466104
