mae_mean	mae_single
4.823828593165432	4.795266833332262
