mae_mean	mae_single
5.537051362443491	5.757627434063769
