mae_mean	mae_single
5.648736581621721	5.591378547789689
