mae_mean	mae_single
5.244184048844488	5.181088288422435
