mae_mean	mae_single
5.159853404016377	5.130925014531699
