mae_mean	mae_single
5.800167961575311	5.856565807966354
