mae_mean	mae_single
5.783859420658606	5.829300076711884
