mae_mean	mae_single
5.772665841913242	5.79577782556717
