mae_mean	mae_single
5.081198047494916	4.888026580616158
