mae_mean	mae_single
5.170386235457251	5.273995849787648
