mae_mean	mae_single
5.516523994283738	5.516523994283738
