mae_mean	mae_single
5.992128442586921	6.0182385235956275
