mae_mean	mae_single
5.532176063637837	5.531016788307319
