mae_mean	mae_single
5.821627652276617	5.841148333942899
