mae_mean	mae_single
5.14797956470897	5.260062666180496
