mae_mean	mae_single
5.419985921608926	5.440525899774192
