mae_mean	mae_single
5.644779554701475	5.574474627617703
