mae_mean	mae_single
5.157659705149584	5.297097034884861
