mae_mean	mae_single
5.242073214282759	5.243797967581378
