mae_mean	mae_single
5.725666839213796	5.972565467167173
