mae_mean	mae_single
4.567798384189426	4.9543175027360995
