mae_mean	mae_single
5.571396894481641	5.495768166605072
