mae_mean	mae_single
5.332271933154894	5.289907122340192
