{"c_mean": 0.6522288424656395, "c_single": 1.0, "mae_mean": 5.065103554500889, "mae_single": 3.261304278515511}