mae_mean	mae_single
4.795066818635438	4.976857208324382
