mae_mean	mae_single
5.438963428697963	5.503772393585406
