mae_mean	mae_single
5.289870748372661	5.380059092758714
