mae_mean	mae_single
5.257063080660672	5.204225812925539
