mae_mean	mae_single
5.727212261287835	5.740599767281189
