mae_mean	mae_single
4.505716390016074	4.480339792187951
