mae_mean	mae_single
6.46578617684605	6.43630937972032
