mae_mean	mae_single
5.608959701518337	5.60259466148455
