{"c_mean": 0.904065715519658, "c_single": 0.31622776601683794, "mae_mean": 5.068682412976613, "mae_single": 3.376137562788072}