mae_mean	mae_single
5.359433947665769	5.364578790856542
