mae_mean	mae_single
4.930518187374109	4.935848065699125
