mae_mean	mae_single
5.660747106468635	5.680707254843054
