mae_mean	mae_single
4.803501083400031	4.819370263910402
