mae_mean	mae_single
6.195342561453559	6.193103026496386
