mae_mean	mae_single
4.4940570155651	4.425385140254649
