mae_mean	mae_single
4.767359314154571	4.711813289698514
