mae_mean	mae_single
5.809283466773616	5.7975842155320185
