mae_mean	mae_single
4.430024021648415	4.321480437248241
