mae_mean	mae_single
4.903763096791307	4.903763096791307
