mae_mean	mae_single
5.566087754591078	5.565173952074259
