mae_mean	mae_single
5.203995954798061	5.203995954798061
