mae_mean	mae_single
6.203723381390337	6.1876820626749796
