mae_mean	mae_single
5.398020321400056	5.345690878423967
