mae_mean	mae_single
5.516017674970036	5.543069025381673
