mae_mean	mae_single
5.238278169924169	5.234428356013944
