mae_mean	mae_single
6.023060299738993	5.912508780737685
