mae_mean	mae_single
5.100943503409698	5.315841850903357
