mae_mean	mae_single
6.069468498907881	6.088108604076788
