mae_mean	mae_single
5.701422196600496	5.726604791138543
