mae_mean	mae_single
4.654804508672727	4.640194784086048
