mae_mean	mae_single
5.8713972746546315	6.112809374972753
