mae_mean	mae_single
5.214322420490509	5.363234046203438
