mae_mean	mae_single
5.047156417025091	4.99838126563307
