mae_mean	mae_single
5.60980712303282	5.612208376479789
