mae_mean	mae_single
4.974920365093023	5.015832675565275
