mae_mean	mae_single
5.019458037616708	5.194467605893858
