mae_mean	mae_single
5.795701118939146	5.792436639781554
