mae_mean	mae_single
5.6710227063362115	5.6803200411370485
