mae_mean	mae_single
5.546222010901505	5.570680251982087
