mae_mean	mae_single
4.473530122674565	4.417423089194389
