mae_mean	mae_single
5.298038345257434	5.354344845305339
