mae_mean	mae_single
5.411627988015771	5.336533515293605
