mae_mean	mae_single
5.621831291081265	5.588692562880752
