mae_mean	mae_single
4.221398797630054	4.256531830281507
