mae_mean	mae_single
4.190174338007691	4.2816253604347425
