mae_mean	mae_single
5.332788893427734	5.488461147387898
