mae_mean	mae_single
5.959446885941542	5.948177870216742
