mae_mean	mae_single
4.404882674597321	4.902063570263762
