mae_mean	mae_single
5.556318458150658	5.582941612152351
