mae_mean	mae_single
6.12568940413356	6.115229932331354
