mae_mean	mae_single
5.545896264726505	5.9269530861638255
