mae_mean	mae_single
5.24398539310287	5.328083693105248
