mae_mean	mae_single
5.2019931923484375	5.065154790504248
