mae_mean	mae_single
5.639788825760687	5.613944733034931
