mae_mean	mae_single
5.1809917725394765	5.2293660943774425
