mae_mean	mae_single
5.252999337334056	5.289776106926146
