mae_mean	mae_single
5.406514077715235	5.414106584513613
