mae_mean	mae_single
5.485614453671051	5.52970976765034
