mae_mean	mae_single
4.742545220212957	4.6848320842668985
