mae_mean	mae_single
4.1497378273529675	4.301635907089339
