mae_mean	mae_single
4.900468242079927	4.752065419795584
