mae_mean	mae_single
5.427025917629105	5.118310501029378
