mae_mean	mae_single
4.7169747060226985	4.702957109261738
