mae_mean	mae_single
5.516081921875442	5.479998945991648
