mae_mean	mae_single
4.953324180738201	4.86061175405373
