mae_mean	mae_single
4.495957612041968	4.574806358139128
