mae_mean	mae_single
4.4916206774837955	4.4630895545158
