mae_mean	mae_single
5.352311185113083	5.390954518759451
