mae_mean	mae_single
4.696762375638466	4.737928137759522
