mae_mean	mae_single
5.297275388720969	5.258141649007621
