mae_mean	mae_single
6.227619232382869	6.1565292095559165
