mae_mean	mae_single
5.47312534072312	5.417605190074276
