mae_mean	mae_single
5.57284480613847	5.5732395704278215
