mae_mean	mae_single
5.74850010192185	5.625738965352325
