mae_mean	mae_single
4.8799554431028715	5.228433017153614
