mae_mean	mae_single
5.886163910696892	5.853791336183204
