mae_mean	mae_single
4.561450259509288	4.598028724601761
