mae_mean	mae_single
5.520252315775119	5.527114107859276
