mae_mean	mae_single
4.305889685456449	4.33392383664917
