mae_mean	mae_single
5.6979126294634606	6.167353755899106
