mae_mean	mae_single
4.758361841630283	4.787097629565636
