mae_mean	mae_single
5.418247631841948	5.277866720547517
