mae_mean	mae_single
4.531479227173076	4.479405948672903
