mae_mean	mae_single
4.390208261224418	4.37216844375856
