mae_mean	mae_single
5.410870698963942	5.4140238833917165
