mae_mean	mae_single
5.16738604842624	5.202623068959215
