mae_mean	mae_single
4.95642808286718	5.130468709532174
