mae_mean	mae_single
5.772856815947774	5.67375995157959
