mae_mean	mae_single
5.783041626874637	5.757839443773905
