mae_mean	mae_single
5.9583035153207415	6.229019358359702
