mae_mean	mae_single
4.308930425404735	4.333568008574105
