mae_mean	mae_single
5.214740945815531	5.202457320020819
