mae_mean	mae_single
5.649315327948736	5.494877309400934
