mae_mean	mae_single
5.392228754160146	5.339733685334181
