mae_mean	mae_single
5.0982236370752245	5.129267453955139
