mae_mean	mae_single
5.0195508648017535	5.029733333257447
