mae_mean	mae_single
4.279933047754172	4.317464525564081
