mae_mean	mae_single
5.589139458608905	5.603048769462577
