mae_mean	mae_single
6.258245796836471	6.654515539586668
