mae_mean	mae_single
5.517188455630593	5.521127120945366
