mae_mean	mae_single
5.277075304903885	5.566955878934003
