mae_mean	mae_single
5.114870841052175	5.13772505592103
