mae_mean	mae_single
5.4811914676606905	5.47806897656729
