mae_mean	mae_single
5.4068670263103265	5.454543801882376
