mae_mean	mae_single
5.989165814063186	6.004244855595449
