mae_mean	mae_single
5.6035452270584445	5.598328324289926
