mae_mean	mae_single
4.264024488965291	4.256128794253316
