mae_mean	mae_single
4.499453899667736	5.136279093677389
