mae_mean	mae_single
5.605438167935525	5.615174193463603
