mae_mean	mae_single
5.744747718841593	5.9167644069637415
