mae_mean	mae_single
5.4373406597663685	5.458193469230996
