mae_mean	mae_single
4.869118399484366	4.805405941277027
