mae_mean	mae_single
5.08934528161536	5.08934528161536
