mae_mean	mae_single
5.467493619490832	5.364094433923023
