mae_mean	mae_single
5.092946177956739	4.941225733209774
