mae_mean	mae_single
5.312076824847115	5.897687011115208
