mae_mean	mae_single
5.411500356268562	5.471775633047826
