mae_mean	mae_single
5.4456664306291245	5.456792169925771
