mae_mean	mae_single
5.0966263358604	5.153768591913411
