mae_mean	mae_single
6.499312492905824	6.500286392862639
