mae_mean	mae_single
5.029188422883188	5.023872477218824
