mae_mean	mae_single
5.671647010169728	5.618255481220312
