mae_mean	mae_single
5.032295017890716	5.057030452717855
