mae_mean	mae_single
4.747978145922879	4.8939390196973305
