mae_mean	mae_single
5.04648986686072	4.979149424245231
