mae_mean	mae_single
5.582700844991347	5.5856971871372245
