mae_mean	mae_single
4.143608219041587	4.185863702380989
