mae_mean	mae_single
5.663123716969703	5.5710946126004695
