mae_mean	mae_single
5.2920872008406405	5.28931823936441
