mae_mean	mae_single
5.822711896092406	5.696854395598233
