mae_mean	mae_single
5.1416091334834695	5.133386187368146
