mae_mean	mae_single
5.949499459147102	5.923955486585664
