mae_mean	mae_single
5.970973824020902	5.996128440570851
