mae_mean	mae_single
5.640664444027341	5.686779049450917
