mae_mean	mae_single
4.985454044868489	5.0968619823482575
