mae_mean	mae_single
5.651898402571969	5.691803530779183
