mae_mean	mae_single
6.055855465164053	6.161338683150624
