mae_mean	mae_single
4.418507298994633	4.423087859649852
