mae_mean	mae_single
4.56058277134489	4.5366400992105
