mae_mean	mae_single
5.037370039208672	5.004089887651618
