mae_mean	mae_single
4.48011424915938	4.2577366382604405
