mae_mean	mae_single
5.132612760160841	5.1605380116998925
