mae_mean	mae_single
5.16685557366555	5.148074396884871
