{"alpha_mean": 0.005387657756854133, "alpha_single": 0.03162277660168379, "mae_mean": 5.391053613448646, "mae_single": 3.7787549052601896}