mae_mean	mae_single
5.637112289987781	5.656457655714015
