mae_mean	mae_single
5.042566800696881	5.108912826158352
