mae_mean	mae_single
4.745441463557929	4.714337755198224
