mae_mean	mae_single
5.032741753148892	5.253656687022533
