mae_mean	mae_single
4.399956177846702	4.488360357096552
