mae_mean	mae_single
5.733089026559943	5.76314916647224
