mae_mean	mae_single
5.608545253826656	5.626611971755826
