mae_mean	mae_single
5.75324293325448	5.623492743164758
