mae_mean	mae_single
5.019241877431315	5.004736204813976
