mae_mean	mae_single
4.6835296295000015	4.647392848052481
