mae_mean	mae_single
5.594831698259711	5.597879348444449
