mae_mean	mae_single
5.4745538800258515	5.515099991003834
