mae_mean	mae_single
4.5857526578457195	4.589226069295309
