mae_mean	mae_single
5.071943108600149	5.400704525215556
