mae_mean	mae_single
5.639463990772057	5.9386600017765
