mae_mean	mae_single
5.115186162912842	5.226309493444758
