mae_mean	mae_single
4.8738902570109035	4.908585340814115
