mae_mean	mae_single
4.986128213221827	4.938636515420047
