mae_mean	mae_single
4.0966655853580205	4.0966655853580205
