mae_mean	mae_single
5.794396338901031	5.863814309046784
