mae_mean	mae_single
5.42239758498773	5.253523074856755
