mae_mean	mae_single
4.972999720488624	4.9474151172504275
