mae_mean	mae_single
4.686357949576569	4.7449448756109955
