mae_mean	mae_single
4.693499464080324	4.835822829067686
