mae_mean	mae_single
5.501772957180785	5.932960914774223
