mae_mean	mae_single
5.385431309422982	5.4599791030311735
