mae_mean	mae_single
6.157848192614726	6.220827255150516
