mae_mean	mae_single
5.234508747592407	5.250581963767645
