mae_mean	mae_single
5.648868624678151	5.714636264439327
