mae_mean	mae_single
5.261660792365788	5.338939746320276
