mae_mean	mae_single
5.357481277771891	5.519111547672819
