mae_mean	mae_single
5.481478009528444	5.483662535605846
