{"gamma_mean": 9.672528316975691e-08, "c_mean": 2797.591594293891, "mae_mean": 4.815286761513472, "gamma_single": 1e-07, "c_single": 2797.591594293891, "mae_single": 4.134247453086891}