mae_mean	mae_single
5.30457614279907	5.282601243768214
