{"gamma_mean": 9.303028403609417e-08, "c_mean": 2021.4263635047494, "mae_mean": 4.798792588099193, "gamma_single": 1e-08, "c_single": 2021.4263635047494, "mae_single": 4.033284183194088}