mae_mean	mae_single
5.393818733214641	5.367556721941578
