mae_mean	mae_single
5.070948813368146	5.08119615456342
