mae_mean	mae_single
4.69625028812582	4.744732467908291
