mae_mean	mae_single
5.105583207725589	5.159524763288019
