mae_mean	mae_single
4.495081447589601	4.4945123571140355
