mae_mean	mae_single
5.051494326204986	5.054296708949838
