mae_mean	mae_single
4.85026136796009	4.831123333897708
