mae_mean	mae_single
6.0447142424243125	6.025235016901332
