mae_mean	mae_single
4.102792248934046	4.132170336263945
