mae_mean	mae_single
5.914024089330205	6.021488012734264
