mae_mean	mae_single
5.321328523343464	5.327414216409792
