mae_mean	mae_single
5.182469732063184	5.182469732063184
