mae_mean	mae_single
5.678340722981694	5.6621734630314196
