mae_mean	mae_single
5.269348815007873	5.304163530866937
