mae_mean	mae_single
5.946063422170674	5.97230173162991
