mae_mean	mae_single
4.808180218223509	4.903186597461216
