mae_mean	mae_single
5.477824584467958	5.281483925522788
