mae_mean	mae_single
5.960289608742295	5.928929893553879
