mae_mean	mae_single
6.086934336463609	5.968382958026253
