mae_mean	mae_single
4.450520151716812	4.447195194106122
