mae_mean	mae_single
4.42390720438085	4.481476886325987
