mae_mean	mae_single
4.986950546307229	4.848350027193672
