mae_mean	mae_single
5.630531769370617	5.633801661390047
