mae_mean	mae_single
5.434599214726124	5.338469577185277
