mae_mean	mae_single
5.13326534890534	5.1344164425497265
