mae_mean	mae_single
5.252319870411928	5.325364535101088
