mae_mean	mae_single
5.914869576722574	5.812890902389388
