mae_mean	mae_single
6.051344920432924	6.060966833544236
