mae_mean	mae_single
5.327160931411222	5.395973097107155
