mae_mean	mae_single
5.650325631497895	5.719771566147073
