mae_mean	mae_single
5.587195644948532	5.588380442388578
