mae_mean	mae_single
5.079336022840068	5.462501825097151
