mae_mean	mae_single
5.8153165625486185	5.82032979068583
