mae_mean	mae_single
5.434873777406958	5.461881877701471
