mae_mean	mae_single
5.431372938155271	5.443678433690988
