mae_mean	mae_single
5.222338826561659	5.871517690205231
