mae_mean	mae_single
5.326784742493277	5.326784742493277
