mae_mean	mae_single
5.390393372723032	5.545723505757861
