mae_mean	mae_single
5.463257664258247	5.492791727475949
