mae_mean	mae_single
5.360928202716735	5.452659830187953
