mae_mean	mae_single
4.967991717282294	4.871980301299104
