mae_mean	mae_single
5.704370443685904	5.771304234508347
