mae_mean	mae_single
5.111945649121413	5.2258186714514725
