mae_mean	mae_single
5.298751905006525	5.54205531995935
