mae_mean	mae_single
5.219223430798183	5.216561142529656
