mae_mean	mae_single
5.345557691252002	5.415527151062528
