mae_mean	mae_single
5.053340012822852	5.103776919881152
