mae_mean	mae_single
5.081690955962608	5.078226536895799
