mae_mean	mae_single
5.387287134371903	5.386951505279514
