mae_mean	mae_single
5.122563714021223	5.249739515652577
