mae_mean	mae_single
5.072263569567213	5.197540766794988
