mae_mean	mae_single
5.588240846214629	5.652034959788039
