mae_mean	mae_single
5.2379683596161675	5.2508689371270325
