mae_mean	mae_single
5.467409887503121	5.339415985060225
