mae_mean	mae_single
4.972646000802344	5.131987033197718
