mae_mean	mae_single
4.679772462835988	4.687836923388193
