mae_mean	mae_single
5.307186636276334	5.1715256067873625
