mae_mean	mae_single
5.5937241692372	5.596684584093739
