mae_mean	mae_single
5.095912215819911	5.11484857197947
