mae_mean	mae_single
5.3295957107837415	5.279664409619077
