mae_mean	mae_single
4.206764052488489	4.2644212559609995
