mae_mean	mae_single
4.931306668711017	5.1269370868649435
