mae_mean	mae_single
5.013078157462707	5.002525699989829
