mae_mean	mae_single
5.6542062698214774	5.695128651334029
