mae_mean	mae_single
5.553255761429674	5.705024746793768
