mae_mean	mae_single
5.389358757381682	5.428821195523613
