mae_mean	mae_single
5.623483886635316	5.593325743039435
