mae_mean	mae_single
5.678819334416451	5.643932232865569
