mae_mean	mae_single
4.829759551505439	4.820383682226859
