mae_mean	mae_single
4.974900568542366	5.0050266073131775
