mae_mean	mae_single
5.516296578438089	5.8091443499710715
