mae_mean	mae_single
5.796516301321198	6.121941934052302
