mae_mean	mae_single
5.054219485069283	5.040966125982297
