mae_mean	mae_single
5.311760468571583	5.277052488659437
