mae_mean	mae_single
3.915928856612213	4.105318009845736
