mae_mean	mae_single
4.230362099175851	4.540899206930256
