mae_mean	mae_single
6.101599381585437	5.893152834871772
