mae_mean	mae_single
5.419757005827916	5.454317254965758
