mae_mean	mae_single
4.670124343015212	4.707633725184051
