mae_mean	mae_single
4.504758205185842	4.9894476169745845
