mae_mean	mae_single
5.736605691473933	5.934010165047906
