mae_mean	mae_single
5.5894981939691855	5.542408381974678
