mae_mean	mae_single
4.613150828697203	4.537777233088815
