mae_mean	mae_single
6.0701963567967425	6.1470182033980185
