mae_mean	mae_single
5.494994912538753	5.589307676544532
