mae_mean	mae_single
6.164860590245864	6.628534319914511
