mae_mean	mae_single
4.642838616989025	4.7133597691233815
