mae_mean	mae_single
4.678955008820221	4.67635471502804
