mae_mean	mae_single
4.067159324405221	4.098441277293688
