mae_mean	mae_single
5.1055700177767935	5.1110719352125935
