mae_mean	mae_single
5.523810381551108	5.518125424620577
