mae_mean	mae_single
4.953430668771495	4.842303870907759
