mae_mean	mae_single
4.954855876078065	4.963554679194343
