mae_mean	mae_single
4.6897589949570815	4.772193627433731
