mae_mean	mae_single
5.3308678579616835	5.37652045729815
