mae_mean	mae_single
6.050224718368895	6.041200903365477
