mae_mean	mae_single
5.855816157544005	5.857055383056186
