mae_mean	mae_single
4.427863307729526	4.467056668844691
