mae_mean	mae_single
4.829552052943793	4.853866879832404
