mae_mean	mae_single
5.471127758607708	5.3929112018679675
