mae_mean	mae_single
5.048631453593757	5.106319480142628
