mae_mean	mae_single
5.210928732931926	5.210928732931926
