mae_mean	mae_single
5.813279461091289	5.857350844384779
