mae_mean	mae_single
5.08971577338984	5.06189782321264
