mae_mean	mae_single
5.451987644201549	5.441249156262933
