mae_mean	mae_single
5.095525924473181	5.095525924473181
