mae_mean	mae_single
5.108114551667968	5.155070699966483
