mae_mean	mae_single
4.66236364443005	4.733504103702814
