mae_mean	mae_single
5.621655570674351	5.622440424274127
