mae_mean	mae_single
4.943444138093847	4.943525649552635
