mae_mean	mae_single
6.064205473641712	6.017537861138614
