mae_mean	mae_single
5.435689180886024	5.447109436682701
