mae_mean	mae_single
4.349035649551314	4.301566119079782
