mae_mean	mae_single
4.849189457798475	4.790622965312358
