mae_mean	mae_single
5.823983070885607	5.7818993847411955
