mae_mean	mae_single
5.70264370846294	5.7188325875470785
