mae_mean	mae_single
6.01191547680675	6.015004600684111
