mae_mean	mae_single
5.122226545693574	4.9797668749088775
