mae_mean	mae_single
5.74395002005498	5.6872683752899365
