mae_mean	mae_single
5.8822512152201805	5.909773511951155
