mae_mean	mae_single
5.5419913862796735	5.546360102217162
