mae_mean	mae_single
5.095738092129102	5.0105115458335225
