mae_mean	mae_single
6.330758951879882	6.264457638867176
