mae_mean	mae_single
4.8126945728864925	4.784499487178097
