mae_mean	mae_single
5.373593843437977	5.3302687403581235
