mae_mean	mae_single
3.8896578949770304	3.8816644895395775
