mae_mean	mae_single
4.861756879455031	5.3773266011314975
