mae_mean	mae_single
5.338800404736955	5.338800404736955
