mae_mean	mae_single
5.825113431417857	5.968451793293763
