mae_mean	mae_single
4.4750035060898	4.709886687623949
