mae_mean	mae_single
5.404083628427429	5.398128181570832
