mae_mean	mae_single
5.172819088924437	5.808477729017846
