mae_mean	mae_single
5.295823357797666	5.419965432396122
