mae_mean	mae_single
5.94312249755811	5.952470698732146
