mae_mean	mae_single
4.80214876352869	4.829242339767111
