mae_mean	mae_single
5.561357070345724	5.579920466602884
