mae_mean	mae_single
6.01194663542832	5.9803523056917784
