mae_mean	mae_single
5.439712639177858	5.865896726987707
