mae_mean	mae_single
4.93013000217258	4.8696688615143575
