mae_mean	mae_single
5.869443738849228	5.915021360219747
