mae_mean	mae_single
5.232664993180823	5.137248929476403
