mae_mean	mae_single
5.613831297520012	5.5539607640596005
