mae_mean	mae_single
5.516288884987657	5.5256656876909425
