mae_mean	mae_single
4.854656569160848	4.850057311378742
