mae_mean	mae_single
5.2038700579286745	5.160853760459198
