mae_mean	mae_single
5.66070127680629	5.64688883569455
