mae_mean	mae_single
4.594306208800689	4.494124161670962
