mae_mean	mae_single
5.357613775478668	5.363241156994701
