mae_mean	mae_single
5.840391594364357	5.973703407595339
