mae_mean	mae_single
5.319595537496319	5.317509588445376
