mae_mean	mae_single
5.379139865081373	5.395043631131974
