mae_mean	mae_single
4.245813812750252	4.2464262530792976
