mae_mean	mae_single
5.829012406638577	5.810907738934215
