mae_mean	mae_single
4.688949073441961	4.776281020489807
