mae_mean	mae_single
4.868060072410533	4.868060072410533
