mae_mean	mae_single
5.677771835844098	5.646432158761241
