mae_mean	mae_single
6.269334990926367	6.285865620602778
