mae_mean	mae_single
5.173658056359316	5.47627994267545
