mae_mean	mae_single
6.154663252168063	6.202476119388339
