mae_mean	mae_single
4.375092026660129	4.325282558485247
