mae_mean	mae_single
5.874033339062111	5.8753514301507295
