mae_mean	mae_single
4.6824683238154785	4.70238659138593
