mae_mean	mae_single
5.305638124146709	5.188043616143937
