mae_mean	mae_single
5.245128739590083	5.038610100884674
