mae_mean	mae_single
4.981654244791403	4.985037758641844
