mae_mean	mae_single
5.131400434874195	5.038987795392316
