mae_mean	mae_single
5.199743839624283	5.334527474857257
