mae_mean	mae_single
5.9717543515200715	5.976569672387707
