mae_mean	mae_single
5.011153372394843	5.051699542789863
