mae_mean	mae_single
5.091138344485587	5.132056597372587
