mae_mean	mae_single
5.206752748969833	5.43696761492329
