mae_mean	mae_single
4.905696610158611	4.821118746369447
