mae_mean	mae_single
5.415599344402409	5.572874921700881
