mae_mean	mae_single
5.403623832706169	5.393123241927889
