mae_mean	mae_single
5.669461885683418	5.64774098455265
