mae_mean	mae_single
5.275296876285389	5.385028638826917
