mae_mean	mae_single
5.259081840051972	5.360902640020274
