mae_mean	mae_single
5.6110385127048765	5.644110901729053
