mae_mean	mae_single
5.390177926855528	5.255748830075653
