mae_mean	mae_single
5.2151744337481	5.19267874791519
