mae_mean	mae_single
4.98511753532256	4.980891639751905
