mae_mean	mae_single
5.584370536906165	5.584599047645848
