mae_mean	mae_single
5.290193780045612	5.390058240436116
