mae_mean	mae_single
5.279915150934737	5.596137532306821
