mae_mean	mae_single
4.99169111756449	5.295240127826446
