mae_mean	mae_single
5.549583874014994	5.538823736941622
