mae_mean	mae_single
5.521081845889363	5.471416740740688
