mae_mean	mae_single
5.510690370715725	5.513017640453455
