mae_mean	mae_single
4.940208263230076	5.067084702842924
