mae_mean	mae_single
5.575118689992254	5.575118689992254
