mae_mean	mae_single
4.758148429280189	4.693967849861384
