mae_mean	mae_single
5.608568562230102	5.736696928584955
