mae_mean	mae_single
5.300050234874649	5.503300541577453
