mae_mean	mae_single
5.6761116448946485	5.6822500848355775
