mae_mean	mae_single
5.28594395262345	5.295992520962059
