mae_mean	mae_single
4.8952995865733335	4.906581003569985
