mae_mean	mae_single
4.948844209084613	5.058990668349356
