mae_mean	mae_single
5.731475979670609	5.711271567494808
