mae_mean	mae_single
5.40456946750831	5.404429747951404
