mae_mean	mae_single
4.717132980543778	4.889009994179908
