mae_mean	mae_single
5.756956977382953	5.73540968098236
