mae_mean	mae_single
4.944905952783097	4.9364271063110605
