mae_mean	mae_single
4.715057099998544	5.005514639477817
