mae_mean	mae_single
6.028889487431713	6.0259875232796585
