mae_mean	mae_single
5.044500313954648	4.983348596099315
