{"gamma_mean": 8.498516809027721e-08, "c_mean": 5835.065257084345, "mae_mean": 4.839092428097076, "gamma_single": 4e-08, "c_single": 5835.065257084345, "mae_single": 4.236122700883761}