mae_mean	mae_single
5.080917294364275	4.982331880700275
