mae_mean	mae_single
4.735353114460467	4.625371874053819
