mae_mean	mae_single
6.219589751068759	6.279246073570198
