mae_mean	mae_single
5.829574747127887	5.821687918901662
