mae_mean	mae_single
5.728365553278222	5.789873602617447
