mae_mean	mae_single
5.873774464432331	5.8802748057552545
