mae_mean	mae_single
5.7364665500192045	5.740961854099608
