mae_mean	mae_single
4.895262552331448	4.904719759930309
