mae_mean	mae_single
6.037241245766394	6.029537829305447
