mae_mean	mae_single
6.1149612773062625	6.300318077028092
