mae_mean	mae_single
5.9235567033379635	5.739383203740436
