mae_mean	mae_single
5.058088612962435	5.111079316215439
