mae_mean	mae_single
4.387377579399067	4.667978062548747
