mae_mean	mae_single
6.009963649465903	6.00246167262693
