mae_mean	mae_single
5.866133739637045	5.86696259314672
