mae_mean	mae_single
4.27607333452296	4.254603514056905
