mae_mean	mae_single
5.091369243342001	5.1659030365442336
