mae_mean	mae_single
5.690694623453662	5.700365656735715
