mae_mean	mae_single
5.675894144397812	5.7224034219652085
