mae_mean	mae_single
4.43834703421534	4.499679582734966
