mae_mean	mae_single
6.125210421752519	6.1233887270068665
