mae_mean	mae_single
5.282170164101547	5.594050728442962
