mae_mean	mae_single
4.686584359825276	4.686584359825276
