mae_mean	mae_single
5.8994012186063	5.802465313969357
