mae_mean	mae_single
4.520840117315543	4.58777455481845
