mae_mean	mae_single
5.280371392344743	5.307270439542798
