mae_mean	mae_single
4.486893180167353	4.728915516415807
