mae_mean	mae_single
5.383747968475046	5.35692580990074
