mae_mean	mae_single
4.24328471782009	4.203442716237984
