mae_mean	mae_single
5.013838612311807	5.14889648139731
