mae_mean	mae_single
5.938891283505493	5.926243907783299
