mae_mean	mae_single
5.49647594733148	5.542611827404753
