mae_mean	mae_single
6.022988614675518	6.014520952238527
