mae_mean	mae_single
4.321189852833907	4.39834301794147
