mae_mean	mae_single
4.375842093872867	5.160261202006841
