mae_mean	mae_single
5.412281126062648	5.450483157081888
