mae_mean	mae_single
5.68244102031699	5.682374007830276
