mae_mean	mae_single
5.350969461148997	5.411896983407178
