mae_mean	mae_single
5.713177537160911	5.725357257636516
