mae_mean	mae_single
5.768624232077465	5.801267485917457
