mae_mean	mae_single
4.779250900683735	5.036212079968645
