mae_mean	mae_single
5.174685031129311	5.375231531217789
