mae_mean	mae_single
5.328190272263366	5.297873622342244
