mae_mean	mae_single
5.355310734303342	5.475774474816982
