mae_mean	mae_single
5.699380565485958	5.699380565485958
