mae_mean	mae_single
4.897485100218598	4.84679304460526
