{"c_mean": 1.8314708046613513, "c_single": 3.1622776601683795, "mae_mean": 4.4652871819166124, "mae_single": 3.049950463870039}