mae_mean	mae_single
5.628022835343062	5.746990977299969
