mae_mean	mae_single
5.611054003500206	5.664132400294652
