mae_mean	mae_single
5.296860268367048	5.510390930543159
