mae_mean	mae_single
5.619904326919331	6.010110846869106
