mae_mean	mae_single
5.663405158879236	5.771803487458296
