mae_mean	mae_single
5.944462514596325	5.9932373875495095
