mae_mean	mae_single
4.824717004406752	5.139532787718954
