mae_mean	mae_single
5.590869829692295	5.606561145088022
