mae_mean	mae_single
5.261540877319625	5.2857773188002835
