mae_mean	mae_single
5.994166279979317	6.008675307826875
