mae_mean	mae_single
5.839347359112812	5.826356418166767
