mae_mean	mae_single
4.818147401773773	4.983758526614879
