mae_mean	mae_single
5.565689558402486	5.602413061214373
