mae_mean	mae_single
5.974581148868239	5.975648093342133
