mae_mean	mae_single
5.30431094504327	5.311706926590103
