mae_mean	mae_single
5.2265611905282165	5.365909466915222
