mae_mean	mae_single
5.351165094084879	5.223816303383596
