mae_mean	mae_single
5.368802769082438	5.380631465177928
