mae_mean	mae_single
5.031053599918635	5.042216691046351
