mae_mean	mae_single
5.794188307651123	5.917457303638363
