mae_mean	mae_single
5.142403126469554	5.0865400855062415
