mae_mean	mae_single
4.746737301951578	4.717768757267421
