mae_mean	mae_single
5.298329140494906	5.559031046221238
