mae_mean	mae_single
5.38141557261916	5.38141557261916
