mae_mean	mae_single
5.667833241677824	5.705333793415413
