mae_mean	mae_single
5.099923017131327	5.341958528980187
