mae_mean	mae_single
4.860935735394166	4.826798962628253
