mae_mean	mae_single
5.2311743563654005	5.2147736527695745
