mae_mean	mae_single
5.882069827841576	5.906767672767854
