mae_mean	mae_single
4.458506790495747	4.42705502137135
