mae_mean	mae_single
5.1150705024893774	4.924457938248073
