mae_mean	mae_single
6.218161480961827	6.5973041929176555
