mae_mean	mae_single
5.674468317735037	5.741334435487959
