mae_mean	mae_single
5.123885442239447	5.117088644617904
