mae_mean	mae_single
5.577675611446979	5.713062512905702
