mae_mean	mae_single
5.721444688007168	5.734107798408379
