mae_mean	mae_single
5.802227853028702	5.732047324339886
