mae_mean	mae_single
4.492845196939897	4.465024482561498
