mae_mean	mae_single
5.562858010110614	5.484234339833021
