mae_mean	mae_single
5.014074356735654	5.101996353116489
