mae_mean	mae_single
4.3389735679579955	4.375763481082755
