mae_mean	mae_single
4.675483946254362	4.700436607026547
