mae_mean	mae_single
4.944340686636729	5.317610622187187
