mae_mean	mae_single
5.438528514737717	5.457801848400125
