mae_mean	mae_single
4.826586494924672	4.890732349482189
