mae_mean	mae_single
5.922049574984258	5.936361964099072
