mae_mean	mae_single
5.464206089877027	5.559792560091136
