mae_mean	mae_single
4.574917817077415	4.574917817077415
