mae_mean	mae_single
5.776869403660629	5.627351625593733
