mae_mean	mae_single
5.605729786695301	5.6099283125804815
