mae_mean	mae_single
5.74353609982577	5.744015623813076
