mae_mean	mae_single
4.830432772091416	4.901343362794679
