mae_mean	mae_single
4.773489696154945	4.7843239816688135
