mae_mean	mae_single
4.945194860801304	4.706815220672667
