mae_mean	mae_single
5.448918236092892	5.377430553877079
