mae_mean	mae_single
4.507838552840842	4.447830489990879
