mae_mean	mae_single
5.559049400311678	5.560290466073621
