mae_mean	mae_single
4.570709281862079	4.383827420114071
