mae_mean	mae_single
5.560112600893198	5.5814886473906675
