mae_mean	mae_single
4.824589252459515	4.838358485495499
