mae_mean	mae_single
5.485181039951212	5.4958724236391125
