mae_mean	mae_single
5.813274539593696	5.839942042420969
