mae_mean	mae_single
4.599543350874991	4.574509666215724
