mae_mean	mae_single
5.559634806173668	5.5299896771824715
