mae_mean	mae_single
5.939329149467628	5.982910042329304
