mae_mean	mae_single
4.508993897322912	4.426901137983615
