mae_mean	mae_single
5.519334346016844	5.465582488758098
