mae_mean	mae_single
5.525896992144803	5.5300914098902325
