mae_mean	mae_single
5.291706609064071	5.250096950892757
