mae_mean	mae_single
5.0415331884296535	5.042187917683956
