mae_mean	mae_single
6.266125700796015	6.266569942112099
