mae_mean	mae_single
5.0211464058298265	5.479416993573935
