mae_mean	mae_single
5.631833375816704	5.56572966198991
