mae_mean	mae_single
5.401635442853081	5.369645767460035
