mae_mean	mae_single
5.147098498032498	5.617753598748387
