mae_mean	mae_single
5.1407950564200435	5.1507427679974995
