mae_mean	mae_single
5.372971829887399	5.291685687880263
