mae_mean	mae_single
4.769095965937407	4.921833077307863
