mae_mean	mae_single
5.609437307608729	5.5860562295788565
