mae_mean	mae_single
4.492534722424042	4.464575180300836
