mae_mean	mae_single
5.288110223897197	5.143789438564066
