mae_mean	mae_single
4.672377795983877	4.8785701130509
