mae_mean	mae_single
5.517341004330747	5.504965326296563
