mae_mean	mae_single
4.343958566810978	4.474065494113998
