mae_mean	mae_single
4.597396731115118	4.5976429899089535
