mae_mean	mae_single
5.511552472548473	5.515868420430511
