mae_mean	mae_single
5.733575320291668	5.7317737262229835
