mae_mean	mae_single
5.231310458189228	5.225720900564795
