mae_mean	mae_single
5.562851568595959	5.6524258108223275
