mae_mean	mae_single
5.575246833187492	5.575246833187492
