mae_mean	mae_single
5.686525722357565	5.7674285701851264
