mae_mean	mae_single
4.329560166252517	4.230620119433697
