mae_mean	mae_single
5.089541747668936	5.132871049088846
