mae_mean	mae_single
3.9553121090528114	3.9505525666201398
