mae_mean	mae_single
4.801934026844094	4.801934026844094
