mae_mean	mae_single
4.957689847732773	4.958671478219618
