mae_mean	mae_single
5.662830663180962	5.711315363062552
