mae_mean	mae_single
4.951458089278371	5.795909594935744
