mae_mean	mae_single
5.276008129566696	5.372018113941247
