mae_mean	mae_single
5.776801207606305	5.777790326175969
