mae_mean	mae_single
4.898414370417017	4.898414370417017
