mae_mean	mae_single
4.979864619599629	4.931764161879491
