mae_mean	mae_single
5.397930267766349	5.448933990206125
