mae_mean	mae_single
5.7119462088249495	5.772238495958303
