mae_mean	mae_single
4.971554255979793	4.938030068935994
