mae_mean	mae_single
5.806514102331949	5.919640847300408
