mae_mean	mae_single
5.220261036875442	5.244381973851107
