mae_mean	mae_single
5.039457079135544	4.889689837767432
