mae_mean	mae_single
5.646381894530251	5.469481733176599
