{"c_mean": 3.2991343378886446, "c_single": 31.622776601683793, "mae_mean": 5.556355548459631, "mae_single": 3.779500633466804}