mae_mean	mae_single
5.878106875874284	5.890045896041777
