mae_mean	mae_single
4.3817223356290524	4.36774953456469
