mae_mean	mae_single
5.430853943436564	5.392227380195134
