mae_mean	mae_single
5.079963671093161	5.1196292911221155
