mae_mean	mae_single
5.458760244294396	5.501277210955018
