mae_mean	mae_single
4.331360258445283	4.306310322706034
