mae_mean	mae_single
4.791719460362415	4.9178322653975615
