mae_mean	mae_single
5.3234416862988265	5.38680111078038
