mae_mean	mae_single
4.550651786844266	4.683089425642865
