mae_mean	mae_single
5.640451412039543	5.76770001051904
