mae_mean	mae_single
5.789275947923691	5.7934688538871555
