mae_mean	mae_single
5.960560202617655	6.004568956173382
