mae_mean	mae_single
5.311963243193188	5.1978755608780896
