mae_mean	mae_single
5.605270454138968	5.655855930465222
