mae_mean	mae_single
4.394927718360693	4.4943537910222
