mae_mean	mae_single
6.0318218898388185	6.0155917464259545
