mae_mean	mae_single
5.079402936509156	5.344673287085033
