mae_mean	mae_single
6.177504402945067	6.170770851381937
