mae_mean	mae_single
5.0769267066445725	5.076484486706337
