mae_mean	mae_single
4.545781555344535	4.485996134133942
