mae_mean	mae_single
5.0723772280807715	5.041821977007034
