mae_mean	mae_single
5.003612005304301	5.089594876132986
