mae_mean	mae_single
4.074990009872951	4.085812187799189
