mae_mean	mae_single
5.781752369901452	5.814465072552657
