mae_mean	mae_single
4.3406675542085695	4.5278562569278575
