mae_mean	mae_single
5.3692048990078405	5.360088358554037
