mae_mean	mae_single
5.541736370572151	5.569171873646026
