mae_mean	mae_single
4.563829222273839	4.440319752963138
