mae_mean	mae_single
4.5181253746468855	4.481164112867325
