mae_mean	mae_single
4.704774439310379	4.68217820645305
