mae_mean	mae_single
5.4058482596959365	5.392418932279109
