mae_mean	mae_single
4.725756049199479	4.710379284276465
