mae_mean	mae_single
4.792769523049614	4.811230418974596
