mae_mean	mae_single
5.436363042450781	5.499018103520693
