mae_mean	mae_single
4.592045727868555	4.526840729914731
