mae_mean	mae_single
5.7022531412422675	5.627439770424189
