mae_mean	mae_single
6.401893786742116	6.400039108736328
