mae_mean	mae_single
5.803023587697319	5.78768929940284
