mae_mean	mae_single
5.590598410627571	5.506625077566493
