mae_mean	mae_single
4.472863685612694	4.474134699261425
