mae_mean	mae_single
5.334566822165813	5.273642843671422
