mae_mean	mae_single
5.387489223028635	6.108412917526888
