mae_mean	mae_single
5.212466445314201	5.23626906926
