mae_mean	mae_single
4.576124192833087	4.5632143921767065
