mae_mean	mae_single
5.840772670375649	5.772731729260278
