mae_mean	mae_single
3.7732865114315515	3.7732865114315515
