mae_mean	mae_single
5.980731039352636	5.97947060846139
