mae_mean	mae_single
5.380981053974078	5.3946497626091325
