mae_mean	mae_single
6.177766495088646	6.151224029906692
