mae_mean	mae_single
5.501071764825278	5.639258642391652
