mae_mean	mae_single
5.577697530786765	5.567147030539846
