mae_mean	mae_single
5.151727903808504	5.10410343438334
