mae_mean	mae_single
5.889031361787303	5.9000711393406
