mae_mean	mae_single
4.771554388684131	4.710714355947224
