mae_mean	mae_single
5.514871984570198	5.514871984570198
