mae_mean	mae_single
5.530971364808267	5.550318710811701
