mae_mean	mae_single
5.9516391054513464	6.019831647121466
