mae_mean	mae_single
4.578144089432631	4.591568250102032
