mae_mean	mae_single
5.754240448797807	5.761945720770504
