mae_mean	mae_single
5.323564326022495	5.049494512337654
