mae_mean	mae_single
5.501701547630775	5.648159515942761
