mae_mean	mae_single
5.852921827968936	5.903403931990348
