mae_mean	mae_single
5.392480009107308	5.402316057355319
