mae_mean	mae_single
5.129265865882536	5.130607625346579
