mae_mean	mae_single
4.722674908238461	4.794572562037788
