mae_mean	mae_single
5.6112829038159555	5.611095629090485
