mae_mean	mae_single
6.001684866930376	6.396572059681338
