mae_mean	mae_single
4.705911091643503	4.732128722133108
