mae_mean	mae_single
5.246924689914021	5.229208014343056
