mae_mean	mae_single
4.756416337185802	4.73682533068849
