mae_mean	mae_single
5.8875707631712935	6.133370490862072
