mae_mean	mae_single
5.849551927560451	5.892338689590864
