mae_mean	mae_single
5.763571539489256	5.763571539489256
