mae_mean	mae_single
5.281476646258529	5.261680870545719
