mae_mean	mae_single
5.458638607795325	5.44787834575647
