mae_mean	mae_single
4.18581052601189	4.202893643064573
