mae_mean	mae_single
5.413587760664889	5.744441717982738
