mae_mean	mae_single
5.568418421466552	5.561519664869823
