mae_mean	mae_single
5.712916357701494	5.756165166184221
