mae_mean	mae_single
4.361797410903241	4.410666866217418
