mae_mean	mae_single
4.155679250613849	4.2162200922101105
