mae_mean	mae_single
4.640615342958835	4.660468708305702
