mae_mean	mae_single
5.048179687551175	5.0351945183196944
