mae_mean	mae_single
4.773375975776936	5.147800759758076
