mae_mean	mae_single
5.33970540510441	5.239190926951286
