mae_mean	mae_single
4.560830456858416	4.418152527672715
