mae_mean	mae_single
5.520136331287671	5.600150879558477
