mae_mean	mae_single
5.341673717826108	5.353663071638547
