mae_mean	mae_single
5.452161679748531	5.296369919574551
