mae_mean	mae_single
4.5014464252034765	4.569149445005652
