mae_mean	mae_single
4.031642516065739	4.094399426191017
