mae_mean	mae_single
5.931029532190519	5.858117017175465
