mae_mean	mae_single
5.178000629256997	5.375342048375083
