mae_mean	mae_single
5.18293115415589	5.511460020955835
