mae_mean	mae_single
6.000711001766399	5.918172824799256
