mae_mean	mae_single
4.741228023938011	4.71227341920117
