mae_mean	mae_single
4.341097511253745	4.427043333758082
