mae_mean	mae_single
4.880940508625564	4.684048503226168
