mae_mean	mae_single
5.19264549639057	5.170860685393379
