mae_mean	mae_single
5.032870983681946	5.032870983681946
