mae_mean	mae_single
5.984509060414491	5.954587218312749
