mae_mean	mae_single
4.584612395617975	4.562736159690772
