mae_mean	mae_single
4.823261406562536	4.84018231718438
