mae_mean	mae_single
5.020174182748397	5.020174182748397
