mae_mean	mae_single
5.496797439205432	5.496797439205432
