mae_mean	mae_single
4.645339537195696	4.699376261678617
