mae_mean	mae_single
4.863604866579572	4.863604866579572
