mae_mean	mae_single
5.492338696452991	5.540661664073207
