mae_mean	mae_single
4.175496372461247	4.165540947593176
