mae_mean	mae_single
5.5185995038751035	5.47371104236254
