mae_mean	mae_single
4.867642567825143	4.973040664823471
