mae_mean	mae_single
5.325824343314377	5.328604038944619
