mae_mean	mae_single
6.558756026063	6.5551925258962465
