mae_mean	mae_single
5.640476720562951	5.581732633504447
