mae_mean	mae_single
5.892648044120608	5.8589101992956705
