mae_mean	mae_single
6.168260684955916	6.1453635115673535
