mae_mean	mae_single
4.753730521830424	4.788997048439555
