mae_mean	mae_single
5.389453848920101	5.346525149977104
