mae_mean	mae_single
5.8912030001783044	5.893160127413259
