mae_mean	mae_single
5.87373235075945	6.1135228951396074
