mae_mean	mae_single
5.612688830108649	5.284801586988021
