mae_mean	mae_single
6.2199993402654705	6.1997791623217315
