mae_mean	mae_single
4.817428995622446	4.997869462427453
