mae_mean	mae_single
4.204596613557212	4.350622197672755
