mae_mean	mae_single
5.84454011282852	5.969980124203451
