mae_mean	mae_single
5.5590093785130446	5.559481961084586
