mae_mean	mae_single
5.3723747117346905	5.258620044842997
