mae_mean	mae_single
7.9824008718584025	7.57473287102557
