mae_mean	mae_single
8.052210333918472	8.30236810755622
