mae_mean	mae_single
3.992750326703541	4.046748969354087
