mae_mean	mae_single
5.156338790231378	5.165067487936042
