mae_mean	mae_single
4.142265193066564	3.227952083868047
