mae_mean	mae_single
5.472120902125982	4.888251949664817
