mae_mean	mae_single
1.1942369694099095	1.343651412362206
