mae_mean	mae_single
7.582640321067977	7.790545622752113
