mae_mean	mae_single
9.11222919631455	9.051802191418565
