mae_mean	mae_single
6.880720753193397	7.821243888941415
