mae_mean	mae_single
6.532419654247907	5.891462054518793
