mae_mean	mae_single
3.8363810902290822	5.5992652502045575
