mae_mean	mae_single
3.98078012054003	3.8677955823162784
