mae_mean	mae_single
2.075604659595527	1.8392599083133139
