mae_mean	mae_single
6.072171225185556	6.752267182368787
