mae_mean	mae_single
2.5576324727358233	2.3363606939113737
