mae_mean	mae_single
4.653320868519212	4.1201990065343965
