mae_mean	mae_single
3.2899124143411833	2.6499867477738284
