mae_mean	mae_single
6.258529677683849	6.258529677683849
