mae_mean	mae_single
3.980982607015766	3.7388328701970437
