mae_mean	mae_single
7.15470297176433	8.006078028085144
