mae_mean	mae_single
5.108559028519522	3.9908090772259848
