mae_mean	mae_single
1.6395658072531631	1.6489020024062644
