mae_mean	mae_single
1.14353166295714	1.4688751720539888
