mae_mean	mae_single
5.916004180887289	9.579082946332656
