mae_mean	mae_single
2.4332931443453467	0.8564466976684505
