mae_mean	mae_single
5.061323573444369	5.63326185987368
