mae_mean	mae_single
3.4435292539504467	4.8331345156627705
