mae_mean	mae_single
4.809727330441279	4.236619565057507
