mae_mean	mae_single
3.4204104356420593	3.4366705474998347
