mae_mean	mae_single
3.6439927464116693	3.2098955631985953
