mae_mean	mae_single
7.321596027416821	9.076006350138826
