mae_mean	mae_single
6.0765862728069395	4.6132903497707884
