mae_mean	mae_single
5.995751037164903	4.813549918020466
