mae_mean	mae_single
3.3705467054874703	3.306816332588222
