mae_mean	mae_single
7.340040596312943	8.074942212110706
