mae_mean	mae_single
9.786718282051899	9.068755157413031
