mae_mean	mae_single
2.9849550113678873	4.038372513286201
