mae_mean	mae_single
7.1223799212289975	6.923983092063902
