mae_mean	mae_single
4.498836206968463	5.220903485832788
