mae_mean	mae_single
4.826109208682226	4.313528921090253
