mae_mean	mae_single
4.286360321473585	5.41938371954743
