mae_mean	mae_single
5.003297922789732	4.900791693465824
