mae_mean	mae_single
2.384688703642515	5.538007371160039
