mae_mean	mae_single
1.9870288467716506	2.189755328385085
