mae_mean	mae_single
8.053268070171804	7.431685901344423
