mae_mean	mae_single
7.923932046218087	8.371061095549338
