mae_mean	mae_single
5.5952263443960915	4.5975605356732245
