mae_mean	mae_single
4.668632869556167	3.9451777748361914
