mae_mean	mae_single
3.283069801020673	3.351339864219682
