mae_mean	mae_single
5.190555997938039	5.242760065091223
