mae_mean	mae_single
1.7356454570743456	1.565897061638618
