mae_mean	mae_single
6.72177266364216	7.049959541638823
