mae_mean	mae_single
8.318816834359964	7.7105622587821045
