mae_mean	mae_single
6.167685872221971	6.320733618855968
