mae_mean	mae_single
6.42032083457994	4.460276219966592
