mae_mean	mae_single
8.60414622770695	8.57765995882216
