mae_mean	mae_single
2.4950191195320173	1.918864642873686
