mae_mean	mae_single
4.91594538826709	5.387854929087543
