mae_mean	mae_single
2.960370529616123	2.1445153368838796
