mae_mean	mae_single
3.619740619568489	3.80887533821393
