mae_mean	mae_single
3.6350709278556437	4.443129221210334
