mae_mean	mae_single
3.698407603716182	3.9390614892878424
