mae_mean	mae_single
3.306992137143259	3.456235647498479
