mae_mean	mae_single
6.133399973500228	6.468136118687251
