mae_mean	mae_single
3.229881383427719	2.4110002540194366
