mae_mean	mae_single
6.612329070076664	7.838391244021153
