mae_mean	mae_single
6.552851272025651	7.078637392285114
