mae_mean	mae_single
10.88507716561301	11.38226023826441
