mae_mean	mae_single
10.07364203007558	11.087083643902455
