mae_mean	mae_single
3.8118420476236756	3.8118420476236756
