mae_mean	mae_single
4.345053072284036	4.642869150613436
