mae_mean	mae_single
8.894772622207421	9.169303886318422
