mae_mean	mae_single
4.224376890178782	4.422877684120624
