mae_mean	mae_single
3.657532772425062	4.167961353726706
