mae_mean	mae_single
6.680462210469412	7.229503250559179
