mae_mean	mae_single
1.991089366598466	1.8466897240901474
