mae_mean	mae_single
7.129261283634392	8.445246799801419
