mae_mean	mae_single
1.8512434716008244	1.9281836473849883
