mae_mean	mae_single
5.28051532153052	5.310508621323554
