mae_mean	mae_single
3.8940645702347467	3.09664292975666
