mae_mean	mae_single
5.876214066955778	5.97263795136134
