mae_mean	mae_single
6.845978358377427	6.696234313164524
