mae_mean	mae_single
6.664147630731733	5.0831488456141996
