mae_mean	mae_single
4.084273531998112	3.965810796107595
