mae_mean	mae_single
2.8273644230251307	2.4380166316079794
