mae_mean	mae_single
5.527568306388886	5.981608290727361
