mae_mean	mae_single
2.36668542021557	2.8485577260619124
