mae_mean	mae_single
6.40078827410634	5.808223762698458
