mae_mean	mae_single
4.643780940529986	4.882743198625039
