mae_mean	mae_single
1.7480134684443887	3.457918615898109
