mae_mean	mae_single
6.680876864699779	6.101669248197102
