mae_mean	mae_single
4.318018587744414	3.5246738571294194
