mae_mean	mae_single
6.8410120747598855	7.671270616880953
