mae_mean	mae_single
5.825574662065932	6.502196646988845
