mae_mean	mae_single
3.150238378865898	3.2827090386170377
