mae_mean	mae_single
3.655578910851498	3.329372728299257
