mae_mean	mae_single
1.870907668252073	2.0100713564403065
