mae_mean	mae_single
4.991828903196695	4.2274643045481595
