mae_mean	mae_single
8.026477469243389	8.768648899894254
