mae_mean	mae_single
3.260959579133759	3.0838969593431216
