mae_mean	mae_single
4.797105787933802	4.860521620935255
