mae_mean	mae_single
3.57159063397188	2.9330210233426377
