mae_mean	mae_single
3.707557516187137	2.926763330270925
