mae_mean	mae_single
5.265326812166873	5.083803152400016
