mae_mean	mae_single
3.990292085509651	3.8496383070553484
