mae_mean	mae_single
3.8170534045853137	3.5899906195857105
