mae_mean	mae_single
6.239171452080171	5.5434098065802955
