mae_mean	mae_single
7.719524061462697	7.311667402356899
