mae_mean	mae_single
7.822393595083692	8.656792595763832
