mae_mean	mae_single
5.9591889082981835	5.828787443385508
