mae_mean	mae_single
8.278654960253286	8.032919080504547
