mae_mean	mae_single
5.448280267959028	5.17192324481389
