mae_mean	mae_single
4.762236430859805	4.738152854131319
