mae_mean	mae_single
6.899470780129422	6.616792595579433
