mae_mean	mae_single
5.275335800926953	5.229965172624451
