mae_mean	mae_single
3.460814823757284	3.320404434208939
