mae_mean	mae_single
1.1650845880201075	0.8897048056885026
