mae_mean	mae_single
3.014419713681375	2.5784073511940284
