mae_mean	mae_single
3.818182673178754	2.7730632486898656
