mae_mean	mae_single
1.6171043817970723	2.0106294618863623
