mae_mean	mae_single
8.69734047589968	7.055344802171088
