mae_mean	mae_single
6.993095559761623	7.38224531935595
