mae_mean	mae_single
2.2803684020071153	3.236012759274286
