mae_mean	mae_single
8.795320135464122	8.716604418264161
