mae_mean	mae_single
6.090805796792073	5.503799688871595
