mae_mean	mae_single
5.140024445652894	5.2331726027112255
