mae_mean	mae_single
8.804940512473422	8.955696468543968
