mae_mean	mae_single
1.139858357277627	1.884985891238775
