mae_mean	mae_single
4.9189673879997144	4.582613592353472
