mae_mean	mae_single
5.327175821399656	7.2806503619825165
