mae_mean	mae_single
9.392758611439106	9.90829035898652
