mae_mean	mae_single
4.230837890736562	3.2381992385593414
