mae_mean	mae_single
5.14229873477187	6.029663167392887
