mae_mean	mae_single
2.112677017923872	2.263418413780267
