mae_mean	mae_single
4.185158475848482	4.786022127191245
