mae_mean	mae_single
4.292697567327406	4.345642908837829
