mae_mean	mae_single
8.074088399591062	8.030407014095294
