mae_mean	mae_single
5.3464387482506295	5.281564674221741
