mae_mean	mae_single
4.4463150965232545	4.496997900021337
