mae_mean	mae_single
3.7383155978120945	3.4954255092496567
