mae_mean	mae_single
5.6805358256438865	6.841344218128181
