mae_mean	mae_single
5.547830349970198	4.51944458195229
