mae_mean	mae_single
5.569604230724849	5.914609137997729
