mae_mean	mae_single
3.7178766777170487	3.8698927693128646
