mae_mean	mae_single
4.055430610432292	3.9801349159223682
