mae_mean	mae_single
2.9219138815827157	1.7352886500454237
