mae_mean	mae_single
8.952109049672467	9.373998106661455
