mae_mean	mae_single
7.765781751316712	6.8743575387838805
