mae_mean	mae_single
6.112181015632042	4.913728483819995
