mae_mean	mae_single
4.2536914005188775	4.394363610732188
