mae_mean	mae_single
2.2714238752850755	2.458275148486147
