mae_mean	mae_single
3.3646363180437553	3.888103123355298
