mae_mean	mae_single
2.7858385864267867	3.060844161579766
