mae_mean	mae_single
4.680721422432957	4.808459762894884
