mae_mean	mae_single
10.050103385172884	10.299618613905613
