mae_mean	mae_single
5.9367541540974855	6.602932795463071
