mae_mean	mae_single
6.745943327278103	5.507345754166437
