mae_mean	mae_single
6.293356197919995	6.5417934756715725
