mae_mean	mae_single
8.356551243604295	8.32233898069336
