mae_mean	mae_single
4.022416979056781	3.785710114298297
