mae_mean	mae_single
3.6773587403456744	4.517972588753284
