mae_mean	mae_single
4.069176261821731	2.7248043462762936
