mae_mean	mae_single
3.727025463574075	3.5265124644411117
