mae_mean	mae_single
4.12754695955806	4.276549073988264
