mae_mean	mae_single
6.2909403620595485	6.046924883429284
