mae_mean	mae_single
7.433767406909989	7.625642097398824
