mae_mean	mae_single
6.570653410086791	6.694753721015654
