mae_mean	mae_single
4.916307853396366	4.938492518287902
