mae_mean	mae_single
5.858320311975679	5.979576278422361
