mae_mean	mae_single
3.4667646147671056	3.500777943397509
