mae_mean	mae_single
5.0162045009592235	5.141505816173937
