mae_mean	mae_single
6.5641115113985125	6.649948786184638
