mae_mean	mae_single
5.497762754716395	6.158195226787389
