mae_mean	mae_single
1.8363994479864847	1.8798658228549527
