mae_mean	mae_single
5.010167865490904	5.367410324272915
