mae_mean	mae_single
4.446508952042929	3.9441047819130213
