mae_mean	mae_single
2.0259852066976123	2.8066805340321443
