mae_mean	mae_single
5.13727430921891	4.655236892727653
