mae_mean	mae_single
5.460678909257791	4.535653651627723
