mae_mean	mae_single
5.019951916678849	5.920211386410879
