mae_mean	mae_single
1.1335699894864106	1.0655292596542125
