mae_mean	mae_single
7.461888396031696	7.621692637108694
