mae_mean	mae_single
2.386763632866012	2.3958079296893495
