mae_mean	mae_single
7.176060274065786	8.352416855788903
