mae_mean	mae_single
4.0871125907283385	4.454099600955082
