mae_mean	mae_single
7.701227482003733	7.877881106110718
