mae_mean	mae_single
6.664673299638622	6.657925274066457
