mae_mean	mae_single
2.769397034090858	2.769397034090858
