mae_mean	mae_single
3.7325068619765602	3.6519065240242177
