mae_mean	mae_single
5.760859492100285	4.660235658774084
