mae_mean	mae_single
6.624701859490756	5.9693001543618935
