mae_mean	mae_single
3.324625865072406	3.5051936918112716
