mae_mean	mae_single
5.281268294545981	4.780491755115283
