mae_mean	mae_single
1.1467480073475163	1.2113053993836285
