mae_mean	mae_single
4.993002759722643	4.65375247812329
