mae_mean	mae_single
8.189539986365375	7.866282886312746
