mae_mean	mae_single
4.4531526015423495	4.72938050453256
