mae_mean	mae_single
3.9803222969210403	3.4962494239183237
