mae_mean	mae_single
5.1308714047952195	6.014383399177954
