mae_mean	mae_single
5.590116668587612	5.475643819458658
