mae_mean	mae_single
2.8190985830366535	3.377037200123354
