mae_mean	mae_single
3.5188312428559336	3.7396067274604405
