mae_mean	mae_single
4.700251906017932	6.696307386881038
