mae_mean	mae_single
9.080656313666358	9.506188301925278
