mae_mean	mae_single
5.70727571730724	5.259375860233253
