mae_mean	mae_single
8.562666584863907	8.282998623044167
