mae_mean	mae_single
3.1434542717428116	0.9565416839716434
