mae_mean	mae_single
6.242776899853642	6.184388933056572
