mae_mean	mae_single
4.972351225979726	4.631411488451444
