mae_mean	mae_single
9.17750803044617	8.600279210188505
