mae_mean	mae_single
6.895979619049456	6.947721718373998
