mae_mean	mae_single
4.681723008719419	4.980143059878711
