mae_mean	mae_single
3.7462525931450537	3.4965251244669417
