mae_mean	mae_single
5.701364104057035	6.4473128720481485
