mae_mean	mae_single
3.868863513545923	3.89335860264066
