mae_mean	mae_single
3.5206143271928547	1.8415879107331534
