mae_mean	mae_single
3.6144182923012003	2.7593428101843784
