mae_mean	mae_single
5.409259935912971	5.045863234712357
