mae_mean	mae_single
5.070020891093733	6.742941261829647
