mae_mean	mae_single
3.0884676921933334	2.921166528428401
