mae_mean	mae_single
3.941715861865731	4.03103335653726
