mae_mean	mae_single
3.4298532261412618	3.4298532261412618
