mae_mean	mae_single
5.747845228256755	5.333472247880422
