mae_mean	mae_single
4.257433408878408	3.9855296878981883
