mae_mean	mae_single
2.854900426972909	2.872985219302587
