mae_mean	mae_single
2.9508809125901934	2.3861652004104266
