mae_mean	mae_single
6.707292956253892	6.955173732177767
