mae_mean	mae_single
1.9009942299329623	1.0707032301077248
