mae_mean	mae_single
4.474368710686477	4.474368710686477
