mae_mean	mae_single
6.941455257516746	6.860541736127246
