mae_mean	mae_single
7.510675825031673	7.425506466082022
