mae_mean	mae_single
1.5227656163316727	1.903563751598649
