mae_mean	mae_single
3.8461913880566763	3.9068503902297116
