mae_mean	mae_single
7.184752965973061	7.882941106569987
