mae_mean	mae_single
5.626596168157836	4.550592218180403
