mae_mean	mae_single
5.082425380336422	7.714875885933381
