mae_mean	mae_single
4.9778522091758175	6.486505898203585
