mae_mean	mae_single
2.9617198197126364	3.4830450140380784
