mae_mean	mae_single
5.160147050478557	5.579993170763994
