mae_mean	mae_single
5.559201623791215	6.526193444288552
