mae_mean	mae_single
6.601336282551107	6.413156708574391
