mae_mean	mae_single
6.935213734932442	4.9266563255777385
