mae_mean	mae_single
4.61827375584006	6.9390166511311735
