mae_mean	mae_single
6.0443792224283	5.744344054809005
