mae_mean	mae_single
5.42847162636789	5.192933531456792
