mae_mean	mae_single
5.856217309886702	6.444704307459247
