mae_mean	mae_single
5.596923875622362	5.211894757268539
