mae_mean	mae_single
6.488838405940768	6.929435819629821
