mae_mean	mae_single
4.51677576872635	4.791085197630932
