y	y_hat	y_index
72.2068493150685	70.62687503940016	718
72.7780821917808	72.02788729140892	719
