y	y_hat	y_index
77.9342465753425	71.9353412278076	687
66.4232876712329	70.83393956733853	688
80.6397260273973	74.82150346329892	689
