y	y_hat	y_index
73.9424657534247	77.17721185311058	390
71.9041095890411	75.29559334924645	391
70.8260273972603	73.46520061394908	392
