y	y_hat	y_index
76.1780821917808	77.28805413647518	240
80.1794520547945	78.4599097659662	241
73.6506849315069	71.56150174327009	242
