y	y_hat	y_index
80.8287671232877	81.72573079017394	102
75.1794520547945	76.85037181301558	103
80.1808219178082	68.74280673424703	104
