y	y_hat	y_index
56.3027397260274	70.5553614239416	483
64.5808219178082	74.9184275278519	484
79.1671232876712	76.51538165463005	485
