y	y_hat	y_index
70.3369863013699	74.698320051958	6
66.4616438356164	73.82386807058435	7
75.8643835616438	70.91033667582622	8
