y	y_hat	y_index
76.7452054794521	80.12415460845234	734
79.7643835616438	79.16115395744711	735
