y	y_hat	y_index
71.8698630136986	69.46080621137652	204
62.7616438356164	67.20893005047569	205
85.8753424657534	71.90731971038454	206
