y	y_hat	y_index
77.1260273972603	79.1655531815699	195
70.1260273972603	69.32526909691873	196
81.5424657534247	76.0745587358033	197
