y	y_hat	y_index
62.1205479452055	73.41797643263341	411
68.9890410958904	73.4406167635301	412
77.9397260273973	72.32159041877792	413
