y	y_hat	y_index
84.2698630136986	74.79790089629104	129
71.172602739726	71.13123437397576	130
82.9561643835616	73.96643725005349	131
