y	y_hat	y_index
77.8150684931507	73.63524362943726	378
75.5671232876712	68.99168167156293	379
82.0287671232877	75.50145512680855	380
