y	y_hat	y_index
86.3917808219178	79.65751706312795	654
72.5780821917808	68.97479106762223	655
78.9753424657534	72.19107019678009	656
