y	y_hat	y_index
70.4616438356164	73.45417273990203	645
88.4753424657534	75.67686653487434	646
78.0616438356164	69.69601766902568	647
