y	y_hat	y_index
88.5698630136986	78.73117640778025	261
76.8657534246575	73.7542939102718	262
87.7698630136986	74.30518759658237	263
