y	y_hat	y_index
73.2808219178082	69.2538583748042	468
76.3424657534247	75.25597639186545	469
77.7643835616438	74.39574319713167	470
