y	y_hat	y_index
72.986301369863	74.50472592795482	309
72.7424657534247	78.12188165172891	310
61.9534246575342	75.86122540593549	311
