y	y_hat	y_index
62.1780821917808	67.63010728343149	318
58.9424657534247	68.50190035117097	319
65.5671232876712	72.08384442047159	320
