y	y_hat	y_index
76.3123287671233	66.918965365549	639
82.2054794520548	76.60870601828594	640
70.2630136986301	74.14569794946559	641
