y	y_hat	y_index
70.3246575342466	74.64621764141175	342
79.1698630136986	71.95902620347529	343
78.8383561643836	77.41669731853882	344
