y	y_hat	y_index
79.5698630136986	72.2293729984798	441
77.7753424657534	74.90869119357109	442
72.4849315068493	77.69786355640689	443
