y	y_hat	y_index
73.8342465753425	76.49293760042602	321
74.3890410958904	70.82352321970404	322
70.8041095890411	74.8411319946974	323
