y	y_hat	y_index
69.0561643835616	68.11939812908886	216
59.4041095890411	65.98329041353857	217
73.4232876712329	65.52741182254637	218
