y	y_hat	y_index
78.4671232876712	76.31082862365345	222
74.5424657534247	65.56144685690762	223
76.0369863013699	82.64768528349694	224
