y	y_hat	y_index
85.4698630136986	77.27003202377553	724
78.7397260273973	76.28520537452106	725
