y	y_hat	y_index
86.3630136986301	81.67659315819142	51
82.672602739726	72.60774188276402	52
71.6808219178082	71.0394891008232	53
