y	y_hat	y_index
78.3452054794521	80.92032681775189	303
63.5232876712329	69.23169203791682	304
79.3643835616438	71.30306846275042	305
