y	y_hat	y_index
68.0479452054795	73.93133168225194	75
81.6397260273973	71.00406375757004	76
68.2753424657534	76.32491367824981	77
