y	y_hat	y_index
75.8616438356164	70.92354669067716	165
70.7643835616438	66.69838477117483	166
73.372602739726	72.402821079917	167
