y	y_hat	y_index
78.986301369863	80.2919061689128	105
72.2095890410959	69.96314537507322	106
78.9657534246575	77.31086551850694	107
