y	y_hat	y_index
66.6397260273973	74.10333310126687	432
76.1780821917808	69.88900225684196	433
68.9479452054795	70.24387169954876	434
