y	y_hat	y_index
68.9616438356164	77.28984586367511	180
76.7671232876712	72.68997649732229	181
72.4479452054795	70.10545785908585	182
