y	y_hat	y_index
70.472602739726	72.38918348836239	471
76.4232876712329	74.3707741051486	472
85.1547945205479	79.01224871880618	473
