y	y_hat	y_index
72.1260273972603	78.84622351979517	78
82.5109589041096	73.89529147644848	79
60.6205479452055	71.37670582270854	80
