y	y_hat	y_index
71.4671232876712	71.34903897098744	588
78.1986301369863	76.7326411040224	589
62.5698630136986	73.6589203345873	590
