y	y_hat	y_index
73.6780821917808	68.96946214709801	255
72.5534246575342	72.66565015053217	256
72.3643835616438	70.84719804555296	257
