y	y_hat	y_index
65.4931506849315	72.23552000909301	228
73.3301369863014	72.67229670017745	229
68.2506849315069	75.86036908959065	230
