y	y_hat	y_index
71.258904109589	80.45832342372836	612
57.6616438356164	68.90649268818319	613
72.7671232876712	77.39250885177793	614
