y	y_hat	y_index
65.2657534246575	73.50068957982266	36
77.6616438356164	75.21315242427004	37
67.958904109589	68.24807486035266	38
