y	y_hat	y_index
80.3753424657534	73.97592781638005	258
74.3452054794521	80.68771352823802	259
75.058904109589	67.80838391555307	260
