y	y_hat	y_index
75.8890410958904	81.49811999433942	33
85.7260273972603	70.53780844696894	34
75.7424657534247	71.58331309908517	35
