y	y_hat	y_index
77.758904109589	77.31657536804997	381
77.1369863013699	74.29825137428703	382
89.5616438356164	78.08580534023915	383
