y	y_hat	y_index
76.3424657534247	68.65437600855276	702
74.7041095890411	78.97171158470998	703
80.4616438356164	72.54322999768496	704
