y	y_hat	y_index
76.0424657534247	72.33819619827561	630
61.5917808219178	69.65708611475198	631
75.7424657534247	75.95114188555206	632
