y	y_hat	y_index
84.3616438356164	75.85616054361245	168
85.5369863013699	72.18370392050971	169
75.0671232876712	75.50965983553702	170
