y	y_hat	y_index
66.6753424657534	70.35820701829317	225
73.5808219178082	75.73467274605352	226
78.8835616438356	69.25126065392656	227
