y	y_hat	y_index
57.0643835616438	71.61324244314503	582
87.2232876712329	76.63433985389024	583
82.7671232876712	83.44175527194817	584
