y	y_hat	y_index
73.558904109589	70.60373636896465	369
65.086301369863	70.76603086418116	370
70.6671232876712	69.61237637233056	371
