y	y_hat	y_index
76.6808219178082	82.96361213665548	363
86.5808219178082	71.78387508955488	364
77.4479452054795	76.142017064485	365
