y	y_hat	y_index
62.7808219178082	73.31625556583087	234
81.3232876712329	75.2034657549206	235
76.0616438356164	72.91289055229805	236
