y	y_hat	y_index
89.5835616438356	83.78341572901967	63
67.7328767123288	68.83492255460317	64
61.5369863013699	76.0989034595726	65
