y	y_hat	y_index
68.872602739726	73.26867650273134	270
78.2671232876712	68.94161487671133	271
71.158904109589	75.66708075404462	272
