y	y_hat	y_index
73.5849315068493	79.6664066468311	297
63.0780821917808	63.744282367582926	298
61.8246575342466	75.19886108722434	299
