y	y_hat	y_index
83.1890410958904	76.92331133750272	495
59.6452054794521	68.52522219314886	496
70.7876712328767	72.42760379398054	497
