y	y_hat	y_index
90.272602739726	75.3163927405362	666
66.4561643835616	69.70817332536049	667
71.5643835616438	77.5784298194283	668
