y	y_hat	y_index
63.6616438356164	70.46539910509512	462
73.0424657534247	72.29056618686678	463
63.5506849315069	72.41139280184822	464
