y	y_hat	y_index
75.2835616438356	70.9746841139932	84
75.2424657534247	64.2525864820162	85
74.1780821917808	78.34584060835222	86
