y	y_hat	y_index
65.286301369863	69.75663557900168	681
73.8438356164384	69.58824033362079	682
73.4260273972603	70.95443630328691	683
