y	y_hat	y_index
62.2616438356164	74.77947961334914	375
82.627397260274	80.00378135862414	376
78.9479452054795	84.44865578567709	377
