y	y_hat	y_index
76.3561643835616	72.87695177277655	537
69.1780821917808	73.02534956765373	538
82.6424657534247	78.02599791903539	539
