y	y_hat	y_index
89.0698630136986	74.24269051818177	570
77.2260273972603	75.75138497680892	571
79.5616438356164	78.75936643941348	572
