y	y_hat	y_index
72.772602739726	86.86234796993068	285
77.4232876712329	77.70862013990083	286
54.9671232876712	67.92873317774223	287
