y	y_hat	y_index
60.1671232876712	69.3667013451909	489
76.5342465753425	77.32100390695399	490
69.172602739726	70.69541062128205	491
