y	y_hat	y_index
68.2808219178082	75.50660537614188	627
80.5767123287671	77.86576812443519	628
74.2643835616438	72.03481939301251	629
