y	y_hat	y_index
85.458904109589	77.64496402840234	579
65.3698630136986	75.43760262494926	580
78.5808219178082	81.23707730050316	581
