y	y_hat	y_index
64.9753424657534	69.78104926707884	12
74.3616438356164	80.77947282594586	13
64.4315068493151	69.99874268452729	14
