y	y_hat	y_index
81.7643835616438	80.2523519309544	291
88.9342465753425	77.67149320315879	292
68.7479452054795	63.94776927242556	293
