y	y_hat	y_index
61.2780821917808	70.14512394159247	714
87.6616438356164	88.19510589784059	715
