y	y_hat	y_index
70.4219178082192	74.41221095932714	603
65.9424657534247	73.81280413823386	604
68.1698630136986	71.36908722781806	605
