y	y_hat	y_index
88.2643835616438	75.4619465718274	606
73.7821917808219	71.36011052776831	607
82.4534246575342	72.84197801964433	608
