y	y_hat	y_index
81.0643835616438	76.73784549500962	21
79.0342465753425	75.98938330373423	22
71.7452054794521	70.35086517294638	23
