y	y_hat	y_index
79.3561643835616	77.29608193427865	399
73.9616438356164	73.22294789028659	400
75.3972602739726	72.58331566382915	401
