y	y_hat	y_index
83.058904109589	75.89129269312815	159
72.3657534246575	73.15216573848937	160
70.4698630136986	72.3650486864679	161
