y	y_hat	y_index
60.0232876712329	63.841598119025605	366
81.7013698630137	75.30178487293007	367
71.0506849315069	74.38311679980961	368
