y	y_hat	y_index
66.4260273972603	76.7025375674659	60
63.7506849315068	68.00109243443472	61
62.258904109589	70.26401391155049	62
