y	y_hat	y_index
80.3013698630137	81.42931196017408	531
73.0534246575342	73.51683918109104	532
69.1986301369863	78.45052839317268	533
