y	y_hat	y_index
79.5808219178082	78.86736609127796	213
68.0506849315069	77.45688727710892	214
80.1835616438356	73.59440712379332	215
