y	y_hat	y_index
69.6178082191781	71.86266348783651	558
82.9027397260274	75.32367270985132	559
72.3260273972603	73.59732792357435	560
