y	y_hat	y_index
71.9671232876712	68.73861304811989	81
69.7095890410959	66.89625611231253	82
69.2260273972603	67.96799113255894	83
