y	y_hat	y_index
71.4753424657534	70.63768462399749	600
74.6616438356164	80.48944734787256	601
76.0095890410959	74.3175346358276	602
