y	y_hat	y_index
68.5342465753425	76.95131661749022	306
78.1452054794521	73.72472677911439	307
69.458904109589	68.95750756250467	308
