y	y_hat	y_index
88.2561643835616	82.0410915012389	99
72.158904109589	69.00728963868603	100
75.7808219178082	72.37520904439864	101
