y	y_hat	y_index
85.5397260273973	79.55115899731206	249
74.372602739726	72.9194177200565	250
67.4616438356164	70.58173476744022	251
