y	y_hat	y_index
84.5356164383562	73.17592733630713	18
69.3849315068493	73.41948057030218	19
71.1561643835616	72.53227622382248	20
