y	y_hat	y_index
65.6616438356164	68.54334366485101	447
54.9205479452055	68.13775066217543	448
81.3506849315069	70.59326032869404	449
