y	y_hat	y_index
59.6616438356164	69.83512092474771	345
87.6534246575342	75.94582572595526	346
70.5123287671233	70.5960408286635	347
