y	y_hat	y_index
73.6616438356164	76.09061301959889	336
73.6465753424658	75.50796316354152	337
75.0671232876712	69.43650388129963	338
