y	y_hat	y_index
69.9835616438356	77.60798820268964	0
72.5561643835616	79.96934529293279	1
71.3616438356164	74.6605794142873	2
