y	y_hat	y_index
84.1397260273973	78.04537282171884	552
75.3260273972603	78.47905154064675	553
78.4013698630137	72.67326050248852	554
