y	y_hat	y_index
71.5671232876712	67.95980732242627	123
70.7616438356164	74.2533372120539	124
81.4342465753425	76.59228902626181	125
