y	y_hat	y_index
70.8616438356164	75.69017874652597	330
84.7424657534247	74.17213666466698	331
62.7643835616438	64.84224354817431	332
