y	y_hat	y_index
82.2808219178082	74.51760792033524	597
81.1958904109589	74.60818944114182	598
61.0643835616438	69.81715104036496	599
