y	y_hat	y_index
63.4369863013699	69.60621746596037	480
68.7287671232877	74.13323426337763	481
81.4616438356164	74.30701144073588	482
