y	y_hat	y_index
76.4410958904109	74.2149187316523	282
66.9931506849315	69.37564009896869	283
79.5643835616438	75.60834885352085	284
