y	y_hat	y_index
78.6	71.69596898033987	39
85.3780821917808	73.47345038505905	40
72.2452054794521	67.89529612144588	41
