y	y_hat	y_index
74.4616438356164	75.80496541464413	111
69.0452054794521	71.81140751599743	112
77.5369863013699	70.49287988379182	113
