y	y_hat	y_index
72.7835616438356	77.07392883687623	198
82.1753424657534	74.58623142488743	199
74.2671232876712	71.7552841577764	200
