y	y_hat	y_index
75.7315068493151	76.67847559711241	573
63.8178082191781	69.14023608551024	574
70.572602739726	73.34646526664066	575
