y	y_hat	y_index
71.9643835616438	72.26084421802062	585
71.3479452054795	77.4277893653578	586
83.0616438356164	77.89937448770148	587
