y	y_hat	y_index
66.3630136986301	74.0505498510509	267
68.9452054794521	72.2597197513083	268
58.2931506849315	72.97910001524622	269
