y	y_hat	y_index
66.8643835616438	69.41567005363677	126
75.458904109589	71.8892865892827	127
79.2753424657534	74.1574886986175	128
