y	y_hat	y_index
69.9479452054795	73.40519251729154	162
75.9671232876712	75.66777163792372	163
81.4821917808219	74.30681250314642	164
