y	y_hat	y_index
83.3780821917808	71.50415231646878	138
60.6835616438356	69.20225972138668	139
84.7506849315069	75.78315803821431	140
