y	y_hat	y_index
71.8424657534247	72.34298008249064	684
75.9369863013699	74.21995055478284	685
72.9849315068493	76.27657977515577	686
