y	y_hat	y_index
69.3534246575342	71.8632475190473	315
81.0150684931507	77.36780627089594	316
60.6232876712329	69.49670618393776	317
