y	y_hat	y_index
67.9671232876712	71.89020154230109	48
84.1506849315069	80.14037339337632	49
67.5671232876712	66.61535362129375	50
