y	y_hat	y_index
83.9095890410959	78.89555816843676	108
77.3616438356164	79.15997901161766	109
79.1082191780822	73.06150426232183	110
