y	y_hat	y_index
73.258904109589	72.16342538987521	339
84.1643835616438	77.0455537893146	340
84.4616438356164	77.19551117622372	341
