y	y_hat	y_index
74.7287671232877	71.30317290170645	594
55.8808219178082	73.59386988025929	595
68.1643835616438	69.77366234081539	596
