y	y_hat	y_index
71.2369863013699	72.63888962194301	324
63.8479452054794	67.68841291267842	325
79.6890410958904	78.09030691764119	326
