y	y_hat	y_index
65.8616438356164	75.8035363619185	69
73.2753424657534	74.64497032790655	70
79.3780821917808	73.44606689546579	71
