y	y_hat	y_index
65.086301369863	68.34403451927214	183
69.1657534246575	68.32036834622652	184
71.6835616438356	70.93536672628451	185
