y	y_hat	y_index
69.2013698630137	74.33214060331957	648
72.2397260273973	71.18795955502495	649
70.4753424657534	71.45309615167321	650
