y	y_hat	y_index
83.9643835616438	69.5230283504587	312
84.8671232876712	71.06958080355241	313
70.9643835616438	68.98235516672095	314
