y	y_hat	y_index
75.8780821917808	72.2232913188348	3
71.2671232876712	70.44540149794486	4
61.0808219178082	66.9348970169872	5
