y	y_hat	y_index
70.1027397260274	73.77114843888978	716
87.0808219178082	82.37891367897362	717
