y	y_hat	y_index
79.2616438356164	71.75780919541677	171
79.386301369863	82.16492967781572	172
61.7808219178082	69.06701089931596	173
