y	y_hat	y_index
73.7452054794521	71.36011444916603	450
69.6534246575342	70.88523583330414	451
77.1232876712329	71.88754713951832	452
