y	y_hat	y_index
68.3904109589041	74.8181312128722	633
63.8479452054794	67.66287536588253	634
76.186301369863	76.97572717652879	635
