y	y_hat	y_index
71.1260273972603	77.11702805858633	591
74.3780821917808	68.911694635455	592
80.1958904109589	72.77321003485073	593
