y	y_hat	y_index
55.8671232876712	68.28702521687445	657
84.5506849315069	73.52886137714148	658
62.3821917808219	66.47299038859174	659
