y	y_hat	y_index
70.1534246575342	75.37670725668147	710
78.7479452054795	75.8328752809833	711
