y	y_hat	y_index
64.0794520547945	74.44709883168659	732
69.558904109589	75.29779347304051	733
