y	y_hat	y_index
84.2808219178082	81.36315504931524	465
60.0534246575343	69.99809634018422	466
78.058904109589	71.71887783841285	467
