y	y_hat	y_index
76.7041095890411	70.60118593811043	348
73.2479452054795	79.30558158309424	349
67.3205479452055	67.41280851265444	350
