y	y_hat	y_index
66.7328767123288	72.49139121425696	189
80.5041095890411	75.49525784627387	190
59.9506849315068	66.99358114910387	191
