y	y_hat	y_index
61.9780821917808	68.12709224747243	300
73.2616438356164	70.01442679411196	301
80.6506849315069	74.00759578395109	302
