y	y_hat	y_index
76.1506849315069	76.24023331728968	540
64.5643835616438	71.75361539234433	541
87.1643835616438	84.99244864152942	542
