y	y_hat	y_index
71.3835616438356	74.06246586068403	429
78.072602739726	71.12601813785109	430
70.8835616438356	79.24532593660699	431
