y	y_hat	y_index
86.4643835616438	75.67300369420124	201
69.7808219178082	77.08952983799358	202
75.7835616438356	81.15065464145873	203
