y	y_hat	y_index
80.2794520547945	69.7013611502506	396
77.6616438356164	76.19275553326196	397
61.0	69.93230747238653	398
