y	y_hat	y_index
71.4780821917808	70.46813326512464	525
65.6561643835616	74.09689416924058	526
71.9479452054795	77.47627477231228	527
