y	y_hat	y_index
75.5616438356164	70.95881205594716	387
79.1671232876712	71.47807393536324	388
79.2534246575342	76.36133506917828	389
