y	y_hat	y_index
69.4178082191781	69.12546621539795	618
65.9890410958904	70.66934461870123	619
83.1808219178082	77.18673071184469	620
