y	y_hat	y_index
76.1753424657534	80.21141674626308	117
68.3068493150685	64.57274476425061	118
75.3452054794521	74.2342727219313	119
