y	y_hat	y_index
56.4835616438356	67.06748592826239	15
79.4849315068493	75.37254415994728	16
73.6328767123288	69.55359931060606	17
