y	y_hat	y_index
69.4753424657534	73.10951755873582	276
65.8753424657534	75.91517500375573	277
72.6452054794521	74.8150027321053	278
