y	y_hat	y_index
61.0178082191781	68.76208157674407	507
78.4780821917808	76.72281292181688	508
77.2479452054795	82.17758456927345	509
