y	y_hat	y_index
83.8205479452055	78.42318962558241	93
75.0342465753425	71.57016283871087	94
77.4808219178082	74.90673783119189	95
