y	y_hat	y_index
75.8260273972603	70.90063560110235	237
75.1342465753425	72.23526302258918	238
66.7178082191781	75.17884774937049	239
