y	y_hat	y_index
61.8561643835616	72.8900161889651	252
69.7780821917808	69.0064573954387	253
75.8479452054795	74.89234760566848	254
