y	y_hat	y_index
67.6643835616438	73.51088806711515	231
78.3698630136986	72.77542798737936	232
71.958904109589	72.12455511843618	233
