y	y_hat	y_index
60.672602739726	71.05851324203076	576
75.5	75.99934658798	577
57.6835616438356	73.48262242017312	578
