y	y_hat	y_index
59.4616438356164	64.15446638935254	624
70.8178082191781	66.2357880729345	625
67.7397260273973	73.21380688760665	626
