y	y_hat	y_index
72.7013698630137	76.71388440580222	57
77.8342465753425	69.32914590318715	58
79.7643835616438	72.5700385463273	59
