y	y_hat	y_index
74.0315068493151	73.90101143675328	408
76.5150684931507	72.83726516580022	409
65.0561643835616	72.37053819221072	410
