y	y_hat	y_index
58.1808219178082	69.33442442633492	435
61.7849315068493	68.86101489912366	436
76.0561643835616	70.51405414570841	437
