y	y_hat	y_index
73.8643835616438	75.80421821486246	207
75.0397260273973	74.52541025164341	208
91.3068493150685	83.20450601547324	209
