y	y_hat	y_index
64.0534246575342	65.9454612057157	357
73.0602739726027	68.08778140118335	358
65.3561643835616	71.98814388486613	359
