y	y_hat	y_index
68.2205479452055	73.39833745988658	726
70.8342465753425	68.7418942343123	727
