y	y_hat	y_index
82.3698630136986	79.93444263039531	294
84.4671232876712	74.04021714672332	295
75.7643835616438	74.66674748033734	296
