y	y_hat	y_index
69.5534246575342	66.94082090722164	30
71.3808219178082	73.73257835094526	31
60.6616438356164	66.07972812343864	32
