y	y_hat	y_index
79.5657534246575	77.16518118443602	372
75.2452054794521	72.21839549399587	373
80.9849315068493	70.9854175282114	374
