y	y_hat	y_index
64.3424657534247	69.93251627455457	672
70.9534246575342	68.72010783543173	673
72.6397260273973	69.28201697990741	674
