y	y_hat	y_index
79.2452054794521	76.34856526164165	720
81.8671232876712	77.52428226634467	721
