y	y_hat	y_index
76.8506849315069	85.37362126423088	699
77.1630136986301	79.0905237170351	700
70.4534246575342	75.21304097968643	701
