y	y_hat	y_index
83.0164383561644	84.66206925918544	426
72.8671232876712	65.77430676891737	427
74.9616438356164	76.09293365686507	428
