y	y_hat	y_index
74.4808219178082	76.22108287606817	144
82.1643835616438	70.3551105497325	145
82.6643835616438	78.58527533094774	146
