y	y_hat	y_index
72.1630136986301	77.42633860487285	615
83.8506849315069	77.70517080054843	616
72.4424657534247	72.02615720502874	617
