y	y_hat	y_index
70.4698630136986	76.54807112269857	516
86.6369863013699	76.34614203939624	517
77.8835616438356	74.99165151106942	518
