y	y_hat	y_index
65.658904109589	69.10590713024398	504
65.0328767123288	70.43640690659798	505
67.5315068493151	70.36316734509518	506
