y	y_hat	y_index
74.9643835616438	72.71034125605112	696
73.8616438356164	72.78399886297663	697
75.1808219178082	67.05796117650439	698
