y	y_hat	y_index
81.8821917808219	76.7646440169826	636
63.9753424657534	73.97043165132163	637
76.5616438356164	71.98194625082839	638
