y	y_hat	y_index
70.1068493150685	69.12385700424382	24
85.2808219178082	76.50889494508536	25
77.3808219178082	72.65741357530905	26
