y	y_hat	y_index
78.1698630136986	75.60252752001831	690
79.0479452054795	78.55489014515265	691
77.3452054794521	76.8228851252295	692
