y	y_hat	y_index
65.2561643835616	71.73244750146068	456
75.6808219178082	70.31253311323337	457
74.9835616438356	79.72169464052834	458
