y	y_hat	y_index
83.1506849315069	79.71348744606867	546
71.7506849315069	75.33056786748777	547
71.5260273972603	75.22371887775682	548
