y	y_hat	y_index
67.9041095890411	69.9610208771123	705
70.4397260273973	71.59269308272447	706
62.8479452054794	75.43404729858165	707
