y	y_hat	y_index
74.2698630136986	73.77337754447144	150
66.9780821917808	77.07616490198319	151
82.0616438356164	75.77642351057243	152
