y	y_hat	y_index
73.5479452054795	73.57438907525193	564
87.5506849315069	82.3565585996375	565
72.8506849315069	72.87415513519824	566
