y	y_hat	y_index
55.1616438356164	68.70061610558199	354
83.2534246575342	77.73217837695506	355
78.4397260273973	77.66295736771202	356
