y	y_hat	y_index
82.3917808219178	84.32881676286463	246
74.1849315068493	75.44417510096268	247
55.4164383561644	72.74319504538384	248
