y	y_hat	y_index
74.1342465753425	74.24183216092817	420
74.4698630136986	76.40607046705738	421
78.1808219178082	67.18945573990054	422
