y	y_hat	y_index
75.1452054794521	69.24346637611282	423
75.6369863013699	69.33561808356323	424
74.7534246575342	75.24283100859793	425
