y	y_hat	y_index
80.8671232876712	67.60098567859771	192
72.1698630136986	74.62838508496925	193
77.9698630136986	69.74732007846754	194
