y	y_hat	y_index
77.9849315068493	76.57534632117047	414
70.7671232876712	71.54152647339835	415
71.4780821917808	72.72468880924623	416
