y	y_hat	y_index
79.2232876712329	74.65225857011363	360
56.4287671232877	67.75885097084665	361
87.2835616438356	75.0063987581965	362
