y	y_hat	y_index
84.2205479452055	79.86584473456291	210
72.3534246575342	74.27695911511955	211
79.672602739726	77.49354465884397	212
