y	y_hat	y_index
67.0835616438356	71.87670681304326	114
80.8643835616438	77.85731529740741	115
56.9643835616438	73.24360253592991	116
