y	y_hat	y_index
72.3616438356164	76.73538377873389	147
73.5780821917808	73.24613427513874	148
84.4452054794521	74.23383966127246	149
