y	y_hat	y_index
74.6013698630137	77.95988941191315	333
76.2835616438356	66.5537889818302	334
73.958904109589	76.19628898424271	335
