y	y_hat	y_index
79.1986301369863	78.6882152360838	135
74.7835616438356	77.22727385211063	136
71.8890410958904	70.27487135607291	137
