y	y_hat	y_index
61.8616438356164	73.29342874552124	474
68.1561643835616	68.08250578542763	475
76.2698630136986	78.69576232724974	476
