y	y_hat	y_index
71.2506849315069	70.75029387776947	219
62.9616438356164	69.0165359440073	220
70.8780821917808	69.94830799531309	221
