y	y_hat	y_index
83.2643835616438	74.0919585581792	519
84.6671232876712	77.11725392496908	520
70.8287671232877	72.23961042440588	521
