y	y_hat	y_index
67.9479452054795	71.94363815351102	42
70.086301369863	70.78139790714582	43
82.17005428820563	84.29353642874652	44
