y	y_hat	y_index
69.9506849315069	73.31352765568553	288
70.7260273972603	68.01275184332921	289
71.3424657534247	69.74568661332695	290
