y	y_hat	y_index
63.9821917808219	67.46993792052305	87
78.2808219178082	71.1830122726227	88
65.772602739726	68.06513965682157	89
