y	y_hat	y_index
73.4287671232877	75.66539947685388	243
67.4643835616438	68.77323225504524	244
75.3602739726027	72.82779939947748	245
