y	y_hat	y_index
77.9479452054795	76.28973879053926	405
67.3671232876712	73.52290511281505	406
65.5315068493151	75.59508533412556	407
