y	y_hat	y_index
79.6849315068493	79.1147717783879	651
68.8616438356164	73.76589424738953	652
64.9712328767123	68.45168777058146	653
