y	y_hat	y_index
57.7369863013699	67.69243788138955	678
72.0013698630137	73.613010952421	679
75.572602739726	73.78023760452591	680
