y	y_hat	y_index
78.5369863013699	74.63398476823548	642
67.9986301369863	67.00476702738638	643
56.272602739726	71.36975799590752	644
