y	y_hat	y_index
73.958904109589	73.82872897024524	486
83.258904109589	78.57434032514456	487
68.2780821917808	69.01707368279507	488
