y	y_hat	y_index
79.1424657534247	83.18082859550245	513
73.2616438356164	74.6742442430813	514
64.3027397260274	69.14133615490853	515
