y	y_hat	y_index
88.7369863013699	78.07349828979386	384
75.8534246575342	76.03362107853692	385
87.758904109589	77.21480469126458	386
