y	y_hat	y_index
70.1616438356164	71.39076086911342	669
81.0835616438356	71.41721753024487	670
59.1671232876712	66.67186206108414	671
