y	y_hat	y_index
69.4808219178082	76.944151121338	609
83.6205479452055	81.18378860560082	610
75.1643835616438	75.3582039726406	611
