y	y_hat	y_index
55.8479452054794	71.60011941769105	510
77.0383561643836	79.93899737512977	511
72.3232876712329	71.31754927811377	512
