y	y_hat	y_index
73.9808219178082	69.63610753957238	96
84.0424657534247	81.54155790897758	97
75.572602739726	69.07869810628014	98
