y	y_hat	y_index
73.1616438356164	71.07017722236917	567
56.3643835616438	72.26301663094381	568
74.6534246575342	76.7047116063952	569
