y	y_hat	y_index
70.1808219178082	73.01153236750683	675
64.9561643835616	73.33560015265242	676
67.3671232876712	71.72864506269588	677
