y	y_hat	y_index
79.8520547945206	77.66315749935414	66
90.2561643835616	77.91585227446961	67
71.058904109589	73.02298296947974	68
