y	y_hat	y_index
61.0424657534247	67.03174376906172	444
68.058904109589	75.82399972324104	445
74.9260273972603	74.63523200039111	446
