y	y_hat	y_index
80.9534246575342	78.86940961885028	561
79.9452054794521	76.52174338009026	562
72.3808219178082	71.66148507706738	563
