y	y_hat	y_index
75.8753424657534	70.47533157756891	708
71.0753424657534	68.30112817248121	709
