y	y_hat	y_index
67.3013698630137	74.57941695466761	186
73.9671232876712	69.81542683074481	187
69.6671232876712	70.30463067626125	188
