y	y_hat	y_index
78.0616438356164	77.79622109615823	417
69.9986301369863	75.62334825405325	418
80.2712328767123	72.73826760117798	419
