y	y_hat	y_index
72.1712328767123	80.00267434276253	393
73.1013698630137	72.94005455743813	394
75.7835616438356	71.34952283626171	395
