y	y_hat	y_index
72.63989854950165	68.1877620112341	90
82.0780821917808	78.4370495201489	91
78.1698630136986	71.3294755960706	92
