y	y_hat	y_index
71.8452054794521	72.69008504024607	402
80.1986301369863	75.90900507106109	403
78.3561643835616	73.09037516597947	404
