y	y_hat	y_index
89.2780821917808	75.5423466862945	438
77.0643835616438	71.91059362997339	439
77.1397260273973	74.47499256663482	440
