y	y_hat	y_index
72.8643835616438	72.63006075881368	722
73.8041095890411	81.8248807053271	723
