y	y_hat	y_index
75.758904109589	78.48835364015804	327
61.7671232876712	72.13873356424865	328
80.8534246575342	84.3958559002983	329
