y	y_hat	y_index
71.727397260274	74.7434392340492	72
71.8561643835616	75.67331245319808	73
66.3780821917808	66.64494840901584	74
