y	y_hat	y_index
73.8917808219178	72.01935476668072	351
76.6506849315069	75.55567557357153	352
81.2698630136986	80.81772335503817	353
