y	y_hat	y_index
64.4452054794521	74.1947223312301	153
72.4493150684931	74.8955631079316	154
67.958904109589	75.36039818111624	155
