y	y_hat	y_index
61.2698630136986	68.20966245640346	141
74.2808219178082	74.77605206366447	142
62.8753424657534	67.38265323881235	143
