y	y_hat	y_index
71.0041095890411	76.08921048878646	528
76.4753424657534	76.53167391142658	529
68.4643835616438	69.2840377565402	530
