y	y_hat	y_index
71.972602739726	73.26706700050369	555
69.9260273972603	66.92740695358867	556
84.5342465753425	85.94414456069207	557
