y	y_hat	y_index
75.4452054794521	75.32319153048246	120
65.2424657534247	77.6230131897068	121
78.686301369863	72.47134839887423	122
