y	y_hat	y_index
76.3397260273973	72.15563745156686	543
83.2342465753425	74.8190420224227	544
64.7561643835616	82.30718141033002	545
