y	y_hat	y_index
66.4369863013699	69.59482624945	712
65.5671232876712	76.20124257769001	713
