y	y_hat	y_index
79.5232876712329	75.84170542192537	477
71.7657534246575	66.20203696279012	478
60.718372666497935	72.17148629571129	479
