y	y_hat	y_index
71.6835616438356	70.89735558304278	156
77.872602739726	75.36702686526522	157
70.7671232876712	70.61866120088226	158
