y	y_hat	y_index
73.9561643835616	71.4344694715225	728
79.9397260273973	76.17451239595077	729
