y	y_hat	y_index
77.9424657534247	76.20175696949397	264
75.3808219178082	69.78297412238666	265
67.6109589041096	72.24327858128628	266
