y	y_hat	y_index
69.1876712328767	71.02259179830797	9
77.5616438356164	81.29124395715648	10
59.7616438356164	72.46954053902125	11
