y	y_hat	y_index
65.8205479452055	69.37472949454975	498
80.8698630136986	75.1545510702067	499
70.5616438356164	71.07502908018151	500
