y	y_hat	y_index
70.9232876712329	73.50359664535036	174
61.7808219178082	72.86451638364838	175
74.0095890410959	73.38688318847412	176
