y	y_hat	y_index
78.2671232876712	75.44502317945309	459
84.3452054794521	73.54169484780822	460
81.8397260273973	75.30001877633282	461
