y	y_hat	y_index
66.7369863013699	69.04178622030088	663
58.772602739726	69.26391186667857	664
63.0	65.45116709512571	665
