y	y_hat	y_index
64.2	70.85145988417003	549
87.6397260273973	87.7371475595025	550
74.5684931506849	74.97367784533722	551
