y	y_hat	y_index
55.0041095890411	69.17515207488718	534
72.4780821917808	76.70942397384108	535
81.058904109589	76.16394312354522	536
