y	y_hat	y_index
75.1452054794521	76.12209001954278	621
67.7561643835616	74.28374732738793	622
61.972602739726	70.29414265858985	623
