y	y_hat	y_index
64.5616438356164	70.33343082622154	279
71.158904109589	70.77797608836337	280
77.0643835616438	71.76593835971863	281
