y	y_hat	y_index
74.8452054794521	73.24972760456278	27
57.6315068493151	68.3042097390635	28
71.5794520547945	75.15281725474834	29
