y	y_hat	y_index
63.0808219178082	67.730094981115	54
61.558904109589	70.25812407596749	55
61.9958904109589	70.66751917021244	56
