y	y_hat	y_index
81.8835616438356	73.71552370019441	501
73.558904109589	71.906121154751	502
63.3452054794521	69.90642130874629	503
