y	y_hat	y_index
69.4808219178082	64.4626361336868	453
80.072602739726	72.16319249641292	454
61.686301369863	68.80133593652786	455
