y	y_hat	y_index
67.9342465753425	72.29596822767739	693
78.5287671232877	74.44786305218368	694
88.3315068493151	76.5363025909197	695
