y	y_hat	y_index
71.2808219178082	71.81702362859306	730
76.0232876712329	74.29234940304494	731
