y	y_hat	y_index
67.7616438356164	72.91260085777182	492
79.2890410958904	73.06098212425708	493
69.8643835616438	72.52753183515394	494
