y	y_hat	y_index
64.7698630136986	69.47607917667091	45
77.7643835616438	72.0350685930677	46
60.7616438356164	67.36772018099965	47
