y	y_hat	y_index
54.2739726027397	71.64728419823778	522
74.8164383561644	74.82390647419469	523
61.9561643835616	77.23061616687225	524
