y	y_hat	y_index
82.3958904109589	81.60121703609397	273
74.7342465753425	71.00760264172908	274
72.158904109589	78.85253359454694	275
