y	y_hat	y_index
77.658904109589	71.96705311260075	132
75.7808219178082	79.3047622443221	133
77.5698630136986	72.93083306968057	134
