y	y_hat	y_index
62.8698630136986	67.73543605071757	177
80.3534246575342	70.38172641097475	178
63.7506849315068	75.29937405432074	179
