y	y_hat	y_index
72.8506849315069	72.59210522147247	660
57.1780821917808	69.73228976862434	661
63.4232876712329	68.82701405991159	662
