mae_mean	mae_single
5.109427843554485	5.051144113841745
