mae_mean	mae_single
5.184483625529313	5.211840228365449
