mae_mean	mae_single
4.74970373662102	4.692786027272965
