mae_mean	mae_single
5.719787807585559	5.721277623597374
