mae_mean	mae_single
5.491219018555919	5.5693394972714145
