mae_mean	mae_single
5.615465105420841	5.615973427014256
