mae_mean	mae_single
5.370172957735393	5.381735338119839
