mae_mean	mae_single
4.717170776380425	4.7981867234830196
