mae_mean	mae_single
5.129311719215525	5.110805303856987
