mae_mean	mae_single
5.502501329175032	5.468849641475426
