mae_mean	mae_single
5.5868803898891315	5.664168077616027
