mae_mean	mae_single
5.34995086735425	5.320294528374862
