mae_mean	mae_single
5.999213477289785	6.006917101756779
