mae_mean	mae_single
5.565260194965358	5.587108175837881
