mae_mean	mae_single
5.940433721355574	6.008938257027854
