mae_mean	mae_single
4.963977756797255	4.950607195313075
