mae_mean	mae_single
4.840453128458246	5.140737457752411
