mae_mean	mae_single
4.67731242118775	4.659583860536039
