mae_mean	mae_single
6.258131738024217	6.2351658490245345
