mae_mean	mae_single
5.703600729815392	5.710349199645387
