mae_mean	mae_single
5.901104742572125	5.672101631567523
