mae_mean	mae_single
5.419786963804475	5.400396995563315
