mae_mean	mae_single
5.669565374371477	5.978170397493557
