mae_mean	mae_single
4.335861580994226	4.311153152806315
