mae_mean	mae_single
4.185694914436807	4.202774111910192
