mae_mean	mae_single
4.789415777524741	4.637906398533298
