mae_mean	mae_single
5.332491068653363	5.412300713325494
