mae_mean	mae_single
4.210262842418838	4.2039777826792175
