mae_mean	mae_single
5.308259804429998	5.0234286927061556
