{"c_mean": 2.9785164294291895, "c_single": 0.31622776601683794, "mae_mean": 5.452477351904497, "mae_single": 3.5421944231738625}