mae_mean	mae_single
5.279195472367243	5.212543221222187
