mae_mean	mae_single
5.447269259191999	5.1838553118720885
