mae_mean	mae_single
5.8261901922526755	5.8261901922526755
