mae_mean	mae_single
6.017524937739748	5.807447750083784
