mae_mean	mae_single
5.859666345079743	5.828877059758954
