mae_mean	mae_single
5.632148750530959	5.817084399732456
