mae_mean	mae_single
5.130748351594564	5.11743377540343
