mae_mean	mae_single
5.102028917792464	5.102028917792464
