mae_mean	mae_single
6.033970153343731	6.013276097339973
