mae_mean	mae_single
4.882877484784895	4.978595771074776
