mae_mean	mae_single
4.928151050293591	5.0284907938995795
