mae_mean	mae_single
5.980962243650924	5.970809215092049
