mae_mean	mae_single
5.4622179935125095	5.457962856745966
