mae_mean	mae_single
5.832859101409725	5.802196603830567
