mae_mean	mae_single
5.491728200701229	5.511471781842475
