mae_mean	mae_single
5.550835370398246	5.7488017057024345
