mae_mean	mae_single
4.799446920977557	4.739605027794949
