mae_mean	mae_single
4.500431384390155	4.496988391129854
