mae_mean	mae_single
4.907691106801598	5.138960551925341
