mae_mean	mae_single
5.048547288509594	4.981175783740404
