mae_mean	mae_single
5.8479940523707965	5.869308194199223
