mae_mean	mae_single
5.241037471646521	5.265469185048001
