mae_mean	mae_single
5.431529967832102	5.451456023930504
