mae_mean	mae_single
5.707312436215592	5.705734127316324
