mae_mean	mae_single
4.574139242931122	4.574139242931122
