mae_mean	mae_single
4.68745322082171	4.7039244569029535
