mae_mean	mae_single
5.426899403822535	5.388044372840775
