mae_mean	mae_single
5.750483173531616	5.710133581754671
