mae_mean	mae_single
5.351077534401838	5.878767565075864
