mae_mean	mae_single
5.225925732401042	5.240589480393359
