mae_mean	mae_single
5.649841746591653	5.61678012282492
