mae_mean	mae_single
5.307101133385757	5.212078727348913
