mae_mean	mae_single
4.737554297862036	4.970101712875774
