mae_mean	mae_single
4.76142730378919	4.75306412905874
