mae_mean	mae_single
5.096378284061772	5.125001600228306
