mae_mean	mae_single
5.513599742484806	5.4399897185969746
