mae_mean	mae_single
5.797958331083861	5.8037354812226996
