mae_mean	mae_single
5.51907354070282	5.509523012886222
