mae_mean	mae_single
4.89001888979649	4.887944303242385
