mae_mean	mae_single
5.5586256167066015	5.622173231755535
