mae_mean	mae_single
5.212706941998555	5.186847995357683
