mae_mean	mae_single
5.175337569501917	5.169480688348721
