mae_mean	mae_single
5.708408218657744	5.678017943555235
