mae_mean	mae_single
5.046279336924392	4.963520702176353
