mae_mean	mae_single
5.111237461396999	5.0104801975088336
