mae_mean	mae_single
5.453057673546212	5.453096280025692
