mae_mean	mae_single
4.49933034822453	4.617186830759381
