mae_mean	mae_single
5.0763217438511425	5.505780557689073
