mae_mean	mae_single
5.507301608351304	5.386333419079409
