mae_mean	mae_single
4.742172776149445	4.60388288108204
