mae_mean	mae_single
5.092775227548189	5.136567694793192
