mae_mean	mae_single
5.576192561557889	5.568428225985663
