mae_mean	mae_single
5.419301147102479	5.425702298947627
