mae_mean	mae_single
5.03867109587656	5.591195247062137
