mae_mean	mae_single
5.344372855622089	5.572764105925822
