mae_mean	mae_single
5.358078126335167	5.368564500236941
