mae_mean	mae_single
4.958789451966166	5.112887993331172
