mae_mean	mae_single
5.24923373226869	5.095410338284004
