mae_mean	mae_single
5.928911154554458	5.921733608126343
