mae_mean	mae_single
5.760130861403034	6.151652544501479
