mae_mean	mae_single
5.283425489721653	5.467321038967999
