mae_mean	mae_single
5.495803288093077	5.546598021416777
