mae_mean	mae_single
5.3086577546791265	5.278179053951196
