mae_mean	mae_single
5.2806133484011735	5.310950713896404
