mae_mean	mae_single
5.609181066080614	5.493898662290789
