mae_mean	mae_single
5.914261242444584	5.926129168968857
