mae_mean	mae_single
5.719806967300416	5.6619592066481035
