mae_mean	mae_single
5.227740480006831	5.55021409859363
