mae_mean	mae_single
5.467287667442753	5.2885747807425005
