mae_mean	mae_single
5.778199694763229	5.773768507648779
