mae_mean	mae_single
5.656477479388346	5.587200599681355
