mae_mean	mae_single
5.6643979117878365	5.626836498770868
