mae_mean	mae_single
5.182682554072116	5.294671385457766
