mae_mean	mae_single
4.803102058275577	4.771470348683769
