mae_mean	mae_single
5.82052987083347	5.764714890611259
