mae_mean	mae_single
5.9552184545604705	5.9552184545604705
