mae_mean	mae_single
5.2664658071318895	5.250263009831559
