mae_mean	mae_single
5.536623514772541	5.472489452966596
