mae_mean	mae_single
5.871308915798431	5.820236704093557
