mae_mean	mae_single
5.135004216257317	5.107263603177603
