mae_mean	mae_single
5.432803261369758	5.430647209244724
