mae_mean	mae_single
4.651845442665016	4.599510177706266
