mae_mean	mae_single
5.213077388165926	5.081314975730889
