mae_mean	mae_single
5.20624026464422	5.2550623327393176
