mae_mean	mae_single
5.880517955230783	6.048809089873719
