mae_mean	mae_single
4.901651503867297	4.903796066900129
