mae_mean	mae_single
4.784502222086217	4.74486185359194
