mae_mean	mae_single
4.5764556244313175	4.611921158196267
