mae_mean	mae_single
4.795991481073189	4.807864993963997
