mae_mean	mae_single
5.870738046775945	5.861367525429423
