mae_mean	mae_single
4.8680530861927105	4.878148052679819
