mae_mean	mae_single
5.578062427854707	5.603925215623515
