mae_mean	mae_single
5.863043195132745	5.865044466853783
