mae_mean	mae_single
4.251779740831711	4.3084754809818095
