mae_mean	mae_single
4.622218654938339	4.633711437097858
