mae_mean	mae_single
6.1740213787936025	6.166543398389797
