mae_mean	mae_single
5.5283555302742196	5.531977364082086
