mae_mean	mae_single
5.533617723873441	5.506234742261815
