mae_mean	mae_single
5.544028712512258	5.722498036135636
