mae_mean	mae_single
5.425647020166695	5.437076818149048
