mae_mean	mae_single
4.940077382811252	5.166567799770894
