mae_mean	mae_single
4.608025936347971	4.5896725175504365
