mae_mean	mae_single
4.591464782631	4.559498237934529
