mae_mean	mae_single
4.72072015702428	4.72072015702428
