mae_mean	mae_single
5.734400663756606	5.734400663756606
