mae_mean	mae_single
4.974810004190007	4.91245152077557
