mae_mean	mae_single
5.462834980489712	5.515238318686188
