mae_mean	mae_single
4.681595482715356	4.779320240170702
