mae_mean	mae_single
5.034858707427189	5.045121660880573
