mae_mean	mae_single
4.725599962214369	4.7135268243340676
