mae_mean	mae_single
5.288012496548536	5.300627006332303
