mae_mean	mae_single
5.556098407315725	5.590164856833665
