mae_mean	mae_single
5.190229495814457	5.179662960657323
