mae_mean	mae_single
5.293059275332774	5.274595010762623
