mae_mean	mae_single
4.5261352153786785	4.659883428857614
