mae_mean	mae_single
5.127160223059067	5.105647560541237
