mae_mean	mae_single
5.733880434662242	5.778445687032108
