mae_mean	mae_single
4.959540938286571	4.912584215613908
