mae_mean	mae_single
5.667743553471942	5.70826528321472
