mae_mean	mae_single
5.25602960036956	5.346554709082017
