mae_mean	mae_single
5.196234556165301	5.214547416252683
