mae_mean	mae_single
6.234070410231108	6.231064945466436
