mae_mean	mae_single
5.931219172539151	5.891543354421117
