mae_mean	mae_single
4.5862145626684585	4.581787151276484
