{"c_mean": 2.33560824662522, "c_single": 1.0, "mae_mean": 4.9623960233818485, "mae_single": 3.573614333586397}