mae_mean	mae_single
5.385619351245926	5.42752604577343
