mae_mean	mae_single
5.0687061731204945	5.0939823709890675
