mae_mean	mae_single
5.787826026375466	5.732095310965721
