mae_mean	mae_single
4.521672493205349	4.509157688439806
