mae_mean	mae_single
5.816460428346019	5.639194284589506
