mae_mean	mae_single
5.644169674892346	5.672945286727009
