mae_mean	mae_single
4.797760317229298	4.809348059063327
