mae_mean	mae_single
5.170185674988288	5.430402271016926
