mae_mean	mae_single
5.316533462576243	5.743647796270236
