mae_mean	mae_single
4.994908498510075	4.992161266587701
