mae_mean	mae_single
6.053034390567168	6.0632875912212585
