mae_mean	mae_single
5.592257372060847	5.488122988953432
