mae_mean	mae_single
5.656967197406554	5.658258569515578
