mae_mean	mae_single
5.33904931893234	5.323835159584351
