mae_mean	mae_single
4.745949503470895	4.745949503470895
