mae_mean	mae_single
4.974429549484454	5.13523184987304
