mae_mean	mae_single
5.211617078456533	5.130877732964052
