mae_mean	mae_single
5.651205244519426	5.667179330155065
