mae_mean	mae_single
5.213450129968561	5.10231829843074
