mae_mean	mae_single
5.812153925356498	5.81975556595297
