mae_mean	mae_single
4.88646748064681	4.893780117370218
