mae_mean	mae_single
5.720998353550001	5.667104028249932
