mae_mean	mae_single
5.210614552835191	5.231013961823875
