mae_mean	mae_single
4.3124744236336445	4.657236747397777
