mae_mean	mae_single
5.0770940898509105	5.0196175970686285
