{"alpha_mean": 0.0019010782799232997, "alpha_single": 0.1, "mae_mean": 5.735181168354975, "mae_single": 4.047038727961815}