mae_mean	mae_single
5.31143885117726	5.534944120354034
