mae_mean	mae_single
5.77757159781498	5.809946249404246
