mae_mean	mae_single
4.692862191013388	4.712465112223751
