mae_mean	mae_single
5.071997253926757	5.359187486846944
