mae_mean	mae_single
5.936198105888697	5.951887958805152
