mae_mean	mae_single
4.534961931750495	4.576333935765536
