mae_mean	mae_single
4.245096487577375	4.364662712048494
