mae_mean	mae_single
5.40632519089166	5.419075539502003
