mae_mean	mae_single
6.033894594001746	5.995200922243914
