mae_mean	mae_single
4.553861374666323	4.555789314260451
