mae_mean	mae_single
5.0451335990995565	5.05135391452147
