mae_mean	mae_single
5.574308136879872	5.568375623506518
