mae_mean	mae_single
5.483502954341715	5.719123427834781
