mae_mean	mae_single
5.201175305089005	5.1981302295604825
