mae_mean	mae_single
4.682888234397015	4.615321693613761
