mae_mean	mae_single
5.622462277597921	5.652880905671227
