mae_mean	mae_single
5.717000438062508	6.185228070330862
