mae_mean	mae_single
5.453117104207433	5.3267665602563214
