mae_mean	mae_single
4.984885378731181	4.974827488413969
