mae_mean	mae_single
5.333723629090275	5.329651185390582
