mae_mean	mae_single
4.840108866651744	4.855367669480002
