mae_mean	mae_single
4.8952674751776755	4.8082785237363055
