mae_mean	mae_single
4.290711162136344	4.261092750749434
