mae_mean	mae_single
4.065065117907862	4.107154743019335
