mae_mean	mae_single
5.440890724085499	5.6178196713446304
