mae_mean	mae_single
4.443499886255379	4.383329374582374
