mae_mean	mae_single
5.516104034901295	5.3911062912951255
