mae_mean	mae_single
5.174238161328723	5.215098404127929
