mae_mean	mae_single
5.088865006454045	5.166845380916075
