mae_mean	mae_single
5.150536192550301	5.266266447577977
