mae_mean	mae_single
5.695785469251449	5.650095881309618
