mae_mean	mae_single
4.008016849740842	4.140250494141574
