mae_mean	mae_single
4.891832940196826	4.871571671996168
