mae_mean	mae_single
5.257475180493649	5.283662352968307
