mae_mean	mae_single
5.037192146325508	5.083041318698187
