mae_mean	mae_single
4.625564120646149	4.866700141138466
