mae_mean	mae_single
5.236201508306962	5.169196991414834
