mae_mean	mae_single
5.284252695295004	5.276935926193931
