mae_mean	mae_single
5.764756472065216	5.7608167165956825
