mae_mean	mae_single
5.8071749582926255	5.621160354250494
