mae_mean	mae_single
5.127575393219849	4.9854482055606715
