mae_mean	mae_single
5.8652778437773945	5.878035170996605
