mae_mean	mae_single
5.639018529472811	5.803797458860968
