mae_mean	mae_single
4.5948913111027085	4.86608422698847
