mae_mean	mae_single
5.131215283283575	5.129200090195852
