mae_mean	mae_single
5.140772524746208	5.13876837102026
