mae_mean	mae_single
5.578421462833481	5.551815157497827
