mae_mean	mae_single
5.931485965969482	5.580079194818087
