mae_mean	mae_single
5.424497526685488	5.3346390783645745
