mae_mean	mae_single
6.165709473813845	6.152714572429202
