mae_mean	mae_single
5.666259323087731	6.154704847844486
