mae_mean	mae_single
5.4707413093031025	5.530646543420826
