mae_mean	mae_single
5.14746459604294	5.634748167613744
