mae_mean	mae_single
5.583688849183969	5.553782995404759
