mae_mean	mae_single
4.671613917068022	4.846055242170505
