mae_mean	mae_single
4.68157386988953	4.718650719637226
