mae_mean	mae_single
5.394114959831339	5.487332630461203
