mae_mean	mae_single
5.597061534158065	5.53231407226472
