mae_mean	mae_single
6.066078553944377	6.265448812282108
