mae_mean	mae_single
5.04284043429003	5.292136967534601
