mae_mean	mae_single
5.473768174836919	5.473171875950748
