mae_mean	mae_single
5.636239486890978	5.641385493633023
