mae_mean	mae_single
5.052559603962655	5.037218013800483
