mae_mean	mae_single
5.204816178523651	5.208000349899498
