mae_mean	mae_single
5.043924407669134	5.00760114698331
