mae_mean	mae_single
5.507531318362021	5.519774802927061
