mae_mean	mae_single
6.177526573849866	6.176942157654468
