mae_mean	mae_single
4.449525905307532	4.723699842623925
