mae_mean	mae_single
6.045341213292434	6.039350306822268
