mae_mean	mae_single
5.401805952016642	5.502434455749963
