mae_mean	mae_single
5.7449125792814035	5.723589359299152
