mae_mean	mae_single
4.292626184815029	4.463510644311779
