mae_mean	mae_single
5.262491212449348	4.979392319184609
