mae_mean	mae_single
4.1447740286724795	4.153509731096979
