mae_mean	mae_single
5.340597274317348	5.2358354595269985
