mae_mean	mae_single
4.91554654675914	4.992916833847461
