mae_mean	mae_single
5.588394512640376	5.590211419200187
