mae_mean	mae_single
5.046878465283293	5.0121676684544845
