mae_mean	mae_single
5.914255735900566	5.909351883202126
