mae_mean	mae_single
4.364549958388933	4.467394773598269
