mae_mean	mae_single
4.756857037583742	5.015389833891053
