mae_mean	mae_single
5.438380364718165	5.475283264001396
