mae_mean	mae_single
4.91863820573682	5.09502976033144
