mae_mean	mae_single
4.915593852520805	4.81080208121218
