mae_mean	mae_single
5.588027392831394	5.5945439615880925
