mae_mean	mae_single
5.230926315204129	5.220822182105944
