mae_mean	mae_single
5.1151703703562985	5.18093645821787
