mae_mean	mae_single
4.988087659394081	4.855906637678703
