mae_mean	mae_single
4.6952335720122305	4.808700080747443
