mae_mean	mae_single
5.9156437446663706	6.192996226434473
