mae_mean	mae_single
5.557808378990874	5.552081165371315
