mae_mean	mae_single
4.526935753630765	4.737612016328353
