mae_mean	mae_single
4.9239323419171	4.9239323419171
