mae_mean	mae_single
4.891009770940139	4.891009770940139
