mae_mean	mae_single
5.895199907605796	5.9592215936036155
