mae_mean	mae_single
5.166963492822916	5.478248442935529
