mae_mean	mae_single
6.119439437917142	6.1174635069038725
