mae_mean	mae_single
5.338270463111245	5.332067885158884
