mae_mean	mae_single
5.617520236019558	5.631980970954045
