mae_mean	mae_single
5.711835373909185	5.6037585468846
