mae_mean	mae_single
5.019479743970841	5.119290903316756
