mae_mean	mae_single
5.456725694163663	5.362027306936817
