mae_mean	mae_single
5.551149064631433	5.517309168335987
