mae_mean	mae_single
5.169897565564076	5.166731499708075
