mae_mean	mae_single
5.332064348071429	5.6922364495987
