mae_mean	mae_single
5.4444977704474296	5.480688853869231
