mae_mean	mae_single
5.387624899858896	5.405754948072883
