mae_mean	mae_single
5.605132036252049	5.527771572817997
