mae_mean	mae_single
5.569744451184236	5.574583026601081
