mae_mean	mae_single
5.819101134848807	5.854686926202995
