mae_mean	mae_single
4.553731631422394	4.635844629406035
