mae_mean	mae_single
4.710677265239099	4.714035027680202
