mae_mean	mae_single
6.068894154232269	6.148131483312474
