mae_mean	mae_single
5.7338685982789475	5.784285999446175
