mae_mean	mae_single
5.651553386480136	5.66030261502178
