mae_mean	mae_single
5.391920308257292	5.465734747857358
