mae_mean	mae_single
4.966342941699489	4.983603880235312
