mae_mean	mae_single
5.792350067919713	5.866520128025405
