mae_mean	mae_single
5.2007675184937145	5.258380514958963
