mae_mean	mae_single
5.4047328714218645	5.2816435369926324
