mae_mean	mae_single
5.547163688492819	5.550833879662049
