mae_mean	mae_single
5.3204919527731365	5.274613801046288
