mae_mean	mae_single
4.74991141410834	4.774809489710169
