mae_mean	mae_single
5.206076921644962	5.292612122541613
