mae_mean	mae_single
5.406738831127553	5.335193006122592
