mae_mean	mae_single
5.955013156012245	6.060163934548142
