mae_mean	mae_single
5.287917378262019	5.501951417240935
