mae_mean	mae_single
5.554766065232885	5.5464698457986445
