mae_mean	mae_single
5.131647343659751	5.044182551476532
