mae_mean	mae_single
5.333464169880278	5.396668167421187
