mae_mean	mae_single
4.664914699790055	4.720913368758018
