mae_mean	mae_single
4.619487436457093	4.596551706141471
