mae_mean	mae_single
5.458534936226781	5.437609762344925
