mae_mean	mae_single
4.51576915421442	4.769235438936222
