mae_mean	mae_single
4.886155333556636	4.949979100055024
