mae_mean	mae_single
5.204249935930799	5.205364618217545
