mae_mean	mae_single
5.8554965805178965	5.85553941770489
