mae_mean	mae_single
6.078769963916231	6.151813346089911
