mae_mean	mae_single
4.304963424791168	4.370251236150045
