mae_mean	mae_single
5.570845190067106	6.111918461417256
