mae_mean	mae_single
4.947145984936288	5.425434452525989
