mae_mean	mae_single
5.5777974253508775	5.612861897136539
