mae_mean	mae_single
5.497567975847283	5.528721170756533
