mae_mean	mae_single
5.671029840902716	5.61975231675474
