mae_mean	mae_single
5.382670011102574	5.382101751454862
