mae_mean	mae_single
5.063454424342279	5.063454424342279
