mae_mean	mae_single
5.570852625565612	5.574882056450461
