mae_mean	mae_single
6.111124861973716	6.084167968538488
