mae_mean	mae_single
4.625411697929694	5.049397935627892
