mae_mean	mae_single
6.055277274102096	6.027233495141133
