mae_mean	mae_single
5.987737192274247	5.898729798745476
