mae_mean	mae_single
4.367888601658196	4.48246663590439
