mae_mean	mae_single
4.713246286895023	4.723476540199711
