mae_mean	mae_single
5.746080348885599	5.707598763491177
