mae_mean	mae_single
5.505706481981005	5.583629600015848
