mae_mean	mae_single
5.5216954950983155	5.5207502156450605
