mae_mean	mae_single
4.205228973073706	4.228475225089849
