mae_mean	mae_single
5.642520835249143	5.651884348658714
