mae_mean	mae_single
4.718378371276228	4.738679745852559
