mae_mean	mae_single
5.353025121011333	5.291898667175985
