mae_mean	mae_single
5.24047464970734	5.318309617798704
