mae_mean	mae_single
4.811919486719151	4.7972532045439005
