mae_mean	mae_single
5.000539062295462	5.235638380996831
