mae_mean	mae_single
5.561703266920562	5.572762310156889
