mae_mean	mae_single
5.189097877899823	5.194909675141463
