mae_mean	mae_single
4.913008069938982	4.886053694005738
