mae_mean	mae_single
4.3745600014537365	4.3682480978560205
