mae_mean	mae_single
5.970068404557904	6.0290897608330045
