mae_mean	mae_single
4.476198361444997	4.568792552060941
