mae_mean	mae_single
5.699899498707413	5.739526668553295
