mae_mean	mae_single
5.394513824871874	5.140590828724131
