mae_mean	mae_single
4.979149570755562	5.00542944009197
