mae_mean	mae_single
5.671793801039626	5.6595018601793665
