mae_mean	mae_single
4.912497447764197	5.227399079718467
