mae_mean	mae_single
5.42319536394732	5.421119396796841
