mae_mean	mae_single
4.483785396004582	4.501138389070326
