mae_mean	mae_single
6.2433013259085355	6.20046752854575
