mae_mean	mae_single
4.52936495723151	4.586919802648882
