mae_mean	mae_single
5.14449348896342	5.145549474873834
