mae_mean	mae_single
5.550431453632621	5.609742479555328
