mae_mean	mae_single
5.644166679554265	5.368918705599772
