mae_mean	mae_single
4.233767357787153	4.291126207664476
