mae_mean	mae_single
4.46174423936251	4.557165587472417
