mae_mean	mae_single
6.0491079773209835	6.049759709864603
