mae_mean	mae_single
4.997137079411836	5.062352405086736
