mae_mean	mae_single
5.874655433043534	5.920984363636946
