mae_mean	mae_single
5.4687726295874155	5.4589455630281885
