mae_mean	mae_single
4.469217749868114	4.523497390151985
