mae_mean	mae_single
4.551770938996158	4.580145448470177
