mae_mean	mae_single
5.842917924802403	5.751301164260717
