mae_mean	mae_single
4.851966171543511	4.841461310668131
