mae_mean	mae_single
5.642639799670797	6.141996510491654
