mae_mean	mae_single
4.946538049244821	5.099034929362001
