mae_mean	mae_single
5.840154297063892	5.807157544446989
