mae_mean	mae_single
5.6292508638096175	5.577364934167823
