mae_mean	mae_single
4.334189483711147	4.374578286423661
