mae_mean	mae_single
5.395867084821008	5.418660658827834
