mae_mean	mae_single
4.894270532011791	4.986447238838364
