mae_mean	mae_single
5.656681400881714	5.579949307837292
