mae_mean	mae_single
4.435091659800207	5.3329845373356175
