mae_mean	mae_single
5.597804229748325	5.615143450525256
