mae_mean	mae_single
5.423279539801771	5.426119051921769
