mae_mean	mae_single
5.952195727199227	5.9845768179393355
