{"gamma_mean": 9.274761094756021e-08, "c_mean": 3425.07307688864, "mae_mean": 4.839383002848813, "gamma_single": 1e-08, "c_single": 3425.07307688864, "mae_single": 4.219979137759323}