mae_mean	mae_single
4.886466697743234	4.889074774089823
