mae_mean	mae_single
5.736247819597576	6.059682852077986
