mae_mean	mae_single
5.903516724229904	5.874754013414625
