mae_mean	mae_single
5.153726072401951	5.1793047192253505
