mae_mean	mae_single
5.32561610335138	5.32002396357006
