mae_mean	mae_single
5.658831361381576	5.70910111161633
