mae_mean	mae_single
4.822980787440115	4.874266027188565
