mae_mean	mae_single
5.7370370763517595	5.741432116489517
