mae_mean	mae_single
6.043406394065537	6.025683812863284
