mae_mean	mae_single
5.983873536997253	6.048447354778561
