mae_mean	mae_single
5.01725088322066	5.036668193001738
