mae_mean	mae_single
5.248177419921665	5.108641177431617
