mae_mean	mae_single
5.628533553891961	5.680767259450243
