mae_mean	mae_single
4.757039065959269	4.740008399777998
