mae_mean	mae_single
5.1589857781488435	6.018104202772153
