mae_mean	mae_single
5.501657517361301	5.382672942767465
