mae_mean	mae_single
5.701255943257579	5.6713080044351125
