mae_mean	mae_single
5.415128281835461	5.404948253635396
