mae_mean	mae_single
5.422218381790119	5.387046731540218
