mae_mean	mae_single
4.367625193447355	4.396187501004789
