mae_mean	mae_single
5.157591246653435	5.159441181350375
