mae_mean	mae_single
4.990635618874945	5.12788680336955
