mae_mean	mae_single
5.487340811455267	5.512623291646323
