mae_mean	mae_single
4.057190934340101	4.091632830039453
