mae_mean	mae_single
5.861273335390407	5.893471432498801
