mae_mean	mae_single
5.156523667662475	5.410649332941563
