mae_mean	mae_single
6.207771290628352	6.213325080489935
