mae_mean	mae_single
5.783219329315831	5.736485923374716
