mae_mean	mae_single
5.888368508206415	5.9067651307650095
