mae_mean	mae_single
5.231958265286735	5.185316001646979
