mae_mean	mae_single
5.0202711169051275	5.008142133780586
