mae_mean	mae_single
5.585011903567426	5.580595832383702
