mae_mean	mae_single
5.612348191243581	5.625856381229674
