y	y_hat	y_index
76.1753424657534	73.56164009347667	117
68.3068493150685	73.55628114049927	118
75.3452054794521	73.55960044330061	119
