y	y_hat	y_index
70.1808219178082	73.65069607052564	675
64.9561643835616	73.64894373767946	676
67.3671232876712	73.64176653614228	677
