y	y_hat	y_index
69.4178082191781	73.62535018343101	618
65.9890410958904	73.62004440804408	619
83.1808219178082	73.61902715074669	620
