y	y_hat	y_index
71.0041095890411	73.62779857583232	528
76.4753424657534	73.62549340589982	529
68.4643835616438	73.59537682566095	530
