y	y_hat	y_index
64.7698630136986	73.60177694456652	45
77.7643835616438	73.62690804417659	46
60.7616438356164	73.61095721221261	47
