y	y_hat	y_index
62.7808219178082	73.54131720786172	234
81.3232876712329	73.55525922003812	235
76.0616438356164	73.54381692035427	236
