y	y_hat	y_index
68.0479452054795	73.621879130117	75
81.6397260273973	73.61816757831552	76
68.2753424657534	73.62324098991284	77
