y	y_hat	y_index
65.086301369863	73.64794646046859	183
69.1657534246575	73.65701142972908	184
71.6835616438356	73.63330495275929	185
