y	y_hat	y_index
65.658904109589	73.64726377905815	504
65.0328767123288	73.6509407096674	505
67.5315068493151	73.6454880993932	506
