y	y_hat	y_index
68.2205479452055	73.65451675975865	726
70.8342465753425	73.62176777780387	727
