y	y_hat	y_index
75.8260273972603	73.57233442817132	237
75.1342465753425	73.54955288806956	238
66.7178082191781	73.5523553856366	239
