y	y_hat	y_index
84.1397260273973	73.54910625976765	552
75.3260273972603	73.53837478104043	553
78.4013698630137	73.54489986276899	554
