y	y_hat	y_index
84.5356164383562	73.61535244332913	18
69.3849315068493	73.61163495396514	19
71.1561643835616	73.60997682290399	20
