y	y_hat	y_index
60.0232876712329	73.60645651147514	366
81.7013698630137	73.61945463447246	367
71.0506849315069	73.61946165499249	368
