y	y_hat	y_index
69.5534246575342	73.66428763386996	30
71.3808219178082	73.65646465416089	31
60.6616438356164	73.6465902554827	32
