y	y_hat	y_index
73.8342465753425	73.56718913325942	321
74.3890410958904	73.55306476430768	322
70.8041095890411	73.54797502517482	323
