y	y_hat	y_index
70.8616438356164	73.6221575367491	330
84.7424657534247	73.61960780423378	331
62.7643835616438	73.59729512335291	332
