y	y_hat	y_index
76.3561643835616	73.55274054456804	537
69.1780821917808	73.55440591525458	538
82.6424657534247	73.56483752284737	539
