y	y_hat	y_index
61.8616438356164	73.62596060264829	474
68.1561643835616	73.59889921697618	475
76.2698630136986	73.62323473495313	476
