y	y_hat	y_index
78.0616438356164	73.55959313180105	417
69.9986301369863	73.55662396226745	418
80.2712328767123	73.55208062118943	419
