y	y_hat	y_index
70.3369863013699	73.61408780035401	6
66.4616438356164	73.62473066452914	7
75.8643835616438	73.61046313458819	8
