y	y_hat	y_index
57.7369863013699	73.59772030568234	678
72.0013698630137	73.6140815977202	679
75.572602739726	73.60879136757421	680
