y	y_hat	y_index
85.4698630136986	73.55093854768887	724
78.7397260273973	73.55393745206548	725
