y	y_hat	y_index
59.6616438356164	73.59651942477065	345
87.6534246575342	73.62197583483204	346
70.5123287671233	73.61546301224519	347
