y	y_hat	y_index
74.4616438356164	73.55214546667186	111
69.0452054794521	73.54721374995053	112
77.5369863013699	73.54316922156214	113
