y	y_hat	y_index
84.2698630136986	73.56398049133003	129
71.172602739726	73.55338525762046	130
82.9561643835616	73.55266966562476	131
