y	y_hat	y_index
70.1616438356164	73.60991862788721	669
81.0835616438356	73.62281919260796	670
59.1671232876712	73.60801525256599	671
