y	y_hat	y_index
85.458904109589	73.54368230637688	579
65.3698630136986	73.54886947423932	580
78.5808219178082	73.57546020643495	581
