y	y_hat	y_index
83.3780821917808	73.5359981459433	138
60.6835616438356	73.54749340323698	139
84.7506849315069	73.56043133718849	140
