y	y_hat	y_index
88.5698630136986	73.54822336236987	261
76.8657534246575	73.54249813546551	262
87.7698630136986	73.55098043465844	263
