y	y_hat	y_index
72.8643835616438	73.57298668959102	722
73.8041095890411	73.58783268999959	723
