y	y_hat	y_index
68.3904109589041	73.60830913472522	633
63.8479452054794	73.60229122011472	634
76.186301369863	73.61263332272199	635
