y	y_hat	y_index
88.2643835616438	73.54481482206128	606
73.7821917808219	73.53655049721833	607
82.4534246575342	73.52757064136937	608
