y	y_hat	y_index
69.1876712328767	73.61543404122604	9
77.5616438356164	73.61886955736665	10
59.7616438356164	73.6180896359552	11
