y	y_hat	y_index
75.8780821917808	73.61981531351546	3
71.2671232876712	73.6085501503353	4
61.0808219178082	73.60200560354544	5
