y	y_hat	y_index
80.2794520547945	73.5500148890142	396
77.6616438356164	73.5562740087535	397
61.0	73.54669066783198	398
