y	y_hat	y_index
75.1452054794521	73.5376185316619	423
75.6369863013699	73.53103323311917	424
74.7534246575342	73.53221791704806	425
