y	y_hat	y_index
74.4808219178082	73.53274951268835	144
82.1643835616438	73.54196169278089	145
82.6643835616438	73.55102713813605	146
