y	y_hat	y_index
72.2068493150685	73.65264702474546	718
72.7780821917808	73.64707839443757	719
