y	y_hat	y_index
71.4753424657534	73.53312519256002	600
74.6616438356164	73.57512894425082	601
76.0095890410959	73.55442509149219	602
