y	y_hat	y_index
71.727397260274	73.65709171901953	72
71.8561643835616	73.65094918652592	73
66.3780821917808	73.6343721647161	74
