y	y_hat	y_index
68.2808219178082	73.56061606686765	627
80.5767123287671	73.55644906798459	628
74.2643835616438	73.56135055756414	629
