y	y_hat	y_index
83.9095890410959	73.54712116179708	108
77.3616438356164	73.5406540485883	109
79.1082191780822	73.53453566547783	110
