y	y_hat	y_index
75.1452054794521	73.61648460884933	621
67.7561643835616	73.62355862012947	622
61.972602739726	73.61570132614096	623
