y	y_hat	y_index
66.7328767123288	73.60871348365112	189
80.5041095890411	73.612145045701	190
59.9506849315068	73.59799853849951	191
