y	y_hat	y_index
83.9643835616438	73.56335572834057	312
84.8671232876712	73.54719283741738	313
70.9643835616438	73.54030927186291	314
