y	y_hat	y_index
74.6013698630137	73.55098654098227	333
76.2835616438356	73.5279749501855	334
73.958904109589	73.55082319263398	335
