y	y_hat	y_index
82.3698630136986	73.55235372873032	294
84.4671232876712	73.52554261471501	295
75.7643835616438	73.5389884249243	296
