y	y_hat	y_index
73.558904109589	73.6308855038111	369
65.086301369863	73.65256550135746	370
70.6671232876712	73.64834688714478	371
