y	y_hat	y_index
79.5808219178082	73.5639346197493	213
68.0506849315069	73.56681419001936	214
80.1835616438356	73.54585617521978	215
