y	y_hat	y_index
75.758904109589	73.57183968741062	327
61.7671232876712	73.54269941580733	328
80.8534246575342	73.56351515660603	329
