y	y_hat	y_index
61.0424657534247	73.59387755623933	444
68.058904109589	73.6061446989674	445
74.9260273972603	73.61390054326128	446
