y	y_hat	y_index
67.0835616438356	73.60416117397385	114
80.8643835616438	73.61278006144504	115
56.9643835616438	73.59841890697054	116
