y	y_hat	y_index
65.6616438356164	73.6005745396655	447
54.9205479452055	73.60707738658606	448
81.3506849315069	73.60608125385839	449
