y	y_hat	y_index
69.9506849315069	73.65753014030278	288
70.7260273972603	73.64552816415959	289
71.3424657534247	73.64016467524947	290
