y	y_hat	y_index
72.7835616438356	73.54740764984082	198
82.1753424657534	73.54195081704587	199
74.2671232876712	73.54921341871056	200
