y	y_hat	y_index
75.4452054794521	73.55171671824802	120
65.2424657534247	73.54756222901453	121
78.686301369863	73.54681651814936	122
