y	y_hat	y_index
84.2205479452055	73.55637903123848	210
72.3534246575342	73.56023476731059	211
79.672602739726	73.57089748169479	212
