y	y_hat	y_index
67.9479452054795	73.60776277992449	42
70.086301369863	73.60320026873185	43
82.17005428820563	73.63028591349232	44
