y	y_hat	y_index
76.3424657534247	73.53760089974601	702
74.7041095890411	73.54901319727293	703
80.4616438356164	73.53767157089469	704
