y	y_hat	y_index
80.3013698630137	73.63395170764989	531
73.0534246575342	73.6363311074346	532
69.1986301369863	73.60725903425646	533
