y	y_hat	y_index
89.5835616438356	73.6399695021016	63
67.7328767123288	73.61836719375412	64
61.5369863013699	73.6212330396695	65
