y	y_hat	y_index
72.7013698630137	73.5518980382807	57
77.8342465753425	73.55386734737371	58
79.7643835616438	73.55780870891762	59
