y	y_hat	y_index
72.1630136986301	73.60692492475758	615
83.8506849315069	73.63096968722529	616
72.4424657534247	73.61561332170372	617
