y	y_hat	y_index
79.2452054794521	73.55268138547419	720
81.8671232876712	73.56241706140884	721
