y	y_hat	y_index
73.6616438356164	73.53928610429799	336
73.6465753424658	73.54362367080635	337
75.0671232876712	73.52960310030672	338
