y	y_hat	y_index
78.4671232876712	73.54625848879947	222
74.5424657534247	73.52641748579515	223
76.0369863013699	73.55061316118186	224
