y	y_hat	y_index
59.4616438356164	73.651708104791	624
70.8178082191781	73.64607672541796	625
67.7397260273973	73.64953546224783	626
