y	y_hat	y_index
75.8890410958904	73.53248272686989	33
85.7260273972603	73.52011099324359	34
75.7424657534247	73.53361075227248	35
