y	y_hat	y_index
64.4452054794521	73.6580584201009	153
72.4493150684931	73.63635118085685	154
67.958904109589	73.64151337960647	155
