y	y_hat	y_index
72.986301369863	73.65151080371571	309
72.7424657534247	73.65412364996057	310
61.9534246575342	73.64830142974235	311
