y	y_hat	y_index
76.3123287671233	73.55867811392311	639
82.2054794520548	73.55140745488042	640
70.2630136986301	73.55817918825821	641
