y	y_hat	y_index
70.4616438356164	73.55136247820103	645
88.4753424657534	73.54319401269568	646
78.0616438356164	73.54802588864563	647
