y	y_hat	y_index
83.1890410958904	73.62775273128226	495
59.6452054794521	73.61279018754904	496
70.7876712328767	73.62320161743884	497
