y	y_hat	y_index
68.5342465753425	73.62445270008804	306
78.1452054794521	73.61493092773048	307
69.458904109589	73.61421918252633	308
