y	y_hat	y_index
72.772602739726	73.63005853739315	285
77.4232876712329	73.61632633284786	286
54.9671232876712	73.61299071056396	287
