y	y_hat	y_index
71.5671232876712	73.59944464397728	123
70.7616438356164	73.61180338783625	124
81.4342465753425	73.6168803711122	125
