y	y_hat	y_index
64.2	73.54799612712735	549
87.6397260273973	73.5818566920601	550
74.5684931506849	73.55259704452857	551
