y	y_hat	y_index
66.4260273972603	73.66517713511165	60
63.7506849315068	73.6471695324873	61
62.258904109589	73.64300102768874	62
