y	y_hat	y_index
67.6643835616438	73.61933454056675	231
78.3698630136986	73.5954181695188	232
71.958904109589	73.6084180028453	233
