y	y_hat	y_index
71.2506849315069	73.65310321173008	219
62.9616438356164	73.64458167143334	220
70.8780821917808	73.6440363547407	221
