y	y_hat	y_index
64.9753424657534	73.6033546750634	12
74.3616438356164	73.63382781085001	13
64.4315068493151	73.61445406726753	14
