y	y_hat	y_index
79.1424657534247	73.62922140703859	513
73.2616438356164	73.6199532673282	514
64.3027397260274	73.62322575664678	515
