y	y_hat	y_index
63.4369863013699	73.61406139461909	480
68.7287671232877	73.62179767993901	481
81.4616438356164	73.62696500785002	482
