y	y_hat	y_index
73.4287671232877	73.61577027124046	243
67.4643835616438	73.61786257375378	244
75.3602739726027	73.60365829700517	245
