y	y_hat	y_index
60.1671232876712	73.603600106349	489
76.5342465753425	73.6213396267718	490
69.172602739726	73.61273285475511	491
