y	y_hat	y_index
70.1027397260274	73.56661131462828	716
87.0808219178082	73.5883608009024	717
