y	y_hat	y_index
75.8753424657534	73.5805291514229	708
71.0753424657534	73.56031729026725	709
