y	y_hat	y_index
76.1780821917808	73.53984348167656	240
80.1794520547945	73.54930303433204	241
73.6506849315069	73.53804728555279	242
