y	y_hat	y_index
76.3397260273973	73.5607862510345	543
83.2342465753425	73.55621753460804	544
64.7561643835616	73.55481335203793	545
