y	y_hat	y_index
66.3630136986301	73.66319856802949	267
68.9452054794521	73.64093135142406	268
58.2931506849315	73.64314374705992	269
