y	y_hat	y_index
67.9041095890411	73.63676571408377	705
70.4397260273973	73.65964748698092	706
62.8479452054794	73.65721832748268	707
