y	y_hat	y_index
69.3534246575342	73.61687273371126	315
81.0150684931507	73.62806053372535	316
60.6232876712329	73.61515141825157	317
