y	y_hat	y_index
76.7452054794521	73.5330271617259	734
79.7643835616438	73.55789986464023	735
