y	y_hat	y_index
58.1808219178082	73.6038654002921	435
61.7849315068493	73.60803343346954	436
76.0561643835616	73.61522760116341	437
