y	y_hat	y_index
73.8917808219178	73.53222640776487	351
76.6506849315069	73.54037701770946	352
81.2698630136986	73.5631006826688	353
