y	y_hat	y_index
71.972602739726	73.60714953732398	555
69.9260273972603	73.61701213049264	556
84.5342465753425	73.62931567346727	557
