y	y_hat	y_index
79.5232876712329	73.6204482762284	477
71.7657534246575	73.6043901867063	478
60.718372666497935	73.61087788326496	479
