y	y_hat	y_index
71.4780821917808	73.64741951812194	525
65.6561643835616	73.65262981693836	526
71.9479452054795	73.65953083103349	527
