y	y_hat	y_index
89.2780821917808	73.55081833260519	438
77.0643835616438	73.54183928345131	439
77.1397260273973	73.54391930674748	440
