y	y_hat	y_index
77.9849315068493	73.61623820480509	414
70.7671232876712	73.6008186045963	415
71.4780821917808	73.61061030063222	416
