y	y_hat	y_index
63.6616438356164	73.64292216096578	462
73.0424657534247	73.64554838843911	463
63.5506849315069	73.64898859875017	464
