y	y_hat	y_index
75.8616438356164	73.60458968985155	165
70.7643835616438	73.60625630975626	166
73.372602739726	73.62690095103028	167
