y	y_hat	y_index
72.1260273972603	73.62333314802738	78
82.5109589041096	73.62746709108085	79
60.6205479452055	73.59615167126327	80
