y	y_hat	y_index
83.1506849315069	73.6157392640845	546
71.7506849315069	73.61934099439819	547
71.5260273972603	73.6158309102296	548
