y	y_hat	y_index
72.1712328767123	73.62749704542766	393
73.1013698630137	73.60667430855922	394
75.7835616438356	73.62278867430429	395
