y	y_hat	y_index
84.2808219178082	73.5561997763033	465
60.0534246575343	73.53912270104084	466
78.058904109589	73.5481022387431	467
