y	y_hat	y_index
62.1205479452055	73.61185865563289	411
68.9890410958904	73.62198585025756	412
77.9397260273973	73.60971163299918	413
