y	y_hat	y_index
70.1068493150685	73.55215663322747	24
85.2808219178082	73.57475345958014	25
77.3808219178082	73.56182370239993	26
