y	y_hat	y_index
67.3013698630137	73.62846577111242	186
73.9671232876712	73.60551082227977	187
69.6671232876712	73.61917451764516	188
