y	y_hat	y_index
68.872602739726	73.61146456600159	270
78.2671232876712	73.61112806377275	271
71.158904109589	73.61236343948404	272
