y	y_hat	y_index
60.672602739726	73.60950885745528	576
75.5	73.62295222085034	577
57.6835616438356	73.61268868271515	578
