y	y_hat	y_index
73.5479452054795	73.56555437073023	564
87.5506849315069	73.5815887703051	565
72.8506849315069	73.57015398897488	566
