y	y_hat	y_index
79.2232876712329	73.54455405468491	360
56.4287671232877	73.54189283441026	361
87.2835616438356	73.5489408284858	362
