y	y_hat	y_index
80.8671232876712	73.537065402735	192
72.1698630136986	73.56076648591078	193
77.9698630136986	73.55122070503917	194
