y	y_hat	y_index
71.2808219178082	73.5610990533655	730
76.0232876712329	73.5679017712001	731
