y	y_hat	y_index
79.5698630136986	73.55613823240485	441
77.7753424657534	73.55615787356365	442
72.4849315068493	73.55617336982799	443
