y	y_hat	y_index
69.4753424657534	73.6492299900583	276
65.8753424657534	73.64930714226973	277
72.6452054794521	73.65459693588073	278
