y	y_hat	y_index
86.3630136986301	73.55865219560829	51
82.672602739726	73.55877362408815	52
71.6808219178082	73.56144759845535	53
