y	y_hat	y_index
62.2616438356164	73.54328313229297	375
82.627397260274	73.55972489044363	376
78.9479452054795	73.56713118338935	377
