y	y_hat	y_index
64.3424657534247	73.66213530771795	672
70.9534246575342	73.65488730258457	673
72.6397260273973	73.64846588023674	674
