y	y_hat	y_index
76.7041095890411	73.59647105662354	348
73.2479452054795	73.62689085420512	349
67.3205479452055	73.61146149268447	350
