y	y_hat	y_index
75.5616438356164	73.54081090067757	387
79.1671232876712	73.5338559760638	388
79.2534246575342	73.54009711883035	389
