y	y_hat	y_index
82.3917808219178	73.55808582673401	246
74.1849315068493	73.5553845234419	247
55.4164383561644	73.5436480619333	248
