y	y_hat	y_index
63.0808219178082	73.65694879695216	54
61.558904109589	73.63138872433501	55
61.9958904109589	73.65501968013928	56
