y	y_hat	y_index
79.1986301369863	73.56053812966509	135
74.7835616438356	73.57013706858822	136
71.8890410958904	73.53943349655779	137
