y	y_hat	y_index
71.8452054794521	73.55230460550392	402
80.1986301369863	73.56617717090417	403
78.3561643835616	73.55730345180127	404
