y	y_hat	y_index
83.0164383561644	73.5602281225752	426
72.8671232876712	73.54203946219975	427
74.9616438356164	73.56709209571521	428
