y	y_hat	y_index
68.9616438356164	73.61708346323692	180
76.7671232876712	73.62154876744368	181
72.4479452054795	73.60949872747358	182
