y	y_hat	y_index
56.4835616438356	73.5742648919701	15
79.4849315068493	73.5564810107513	16
73.6328767123288	73.56524502158089	17
