y	y_hat	y_index
88.2561643835616	73.56175146246464	99
72.158904109589	73.53638274736217	100
75.7808219178082	73.55077622866311	101
