y	y_hat	y_index
72.3616438356164	73.56786095648324	147
73.5780821917808	73.56826363766557	148
84.4452054794521	73.57126897312945	149
