y	y_hat	y_index
76.0424657534247	73.55380574525051	630
61.5917808219178	73.5478586299455	631
75.7424657534247	73.55437418405933	632
