y	y_hat	y_index
89.0698630136986	73.53631869473011	570
77.2260273972603	73.54483759847913	571
79.5616438356164	73.55454846059669	572
