y	y_hat	y_index
69.4808219178082	73.5570389536196	609
83.6205479452055	73.58113299996485	610
75.1643835616438	73.55025238331126	611
