y	y_hat	y_index
73.958904109589	73.54078337098116	486
83.258904109589	73.56657709257227	487
68.2780821917808	73.53724529921739	488
