y	y_hat	y_index
75.2835616438356	73.53555292498422	84
75.2424657534247	73.52793218231504	85
74.1780821917808	73.5431217540916	86
