y	y_hat	y_index
70.9232876712329	73.61478656633273	174
61.7808219178082	73.60493907507184	175
74.0095890410959	73.6167299619684	176
