y	y_hat	y_index
73.9424657534247	73.61199353729076	390
71.9041095890411	73.61209279850485	391
70.8260273972603	73.62044115652589	392
