y	y_hat	y_index
81.8821917808219	73.55230022805837	636
63.9753424657534	73.54733212844017	637
76.5616438356164	73.54175205459786	638
