y	y_hat	y_index
83.2643835616438	73.5690155634588	519
84.6671232876712	73.57449529219481	520
70.8287671232877	73.55766399808118	521
