y	y_hat	y_index
71.8424657534247	73.61071655203203	684
75.9369863013699	73.59941399466223	685
72.9849315068493	73.60023790214248	686
