y	y_hat	y_index
79.8520547945206	73.57046306711389	66
90.2561643835616	73.5600220070826	67
71.058904109589	73.55071976191678	68
