y	y_hat	y_index
74.7287671232877	73.6066493658112	594
55.8808219178082	73.6065711924658	595
68.1643835616438	73.60668195028879	596
