y	y_hat	y_index
74.0315068493151	73.55828269927116	408
76.5150684931507	73.55162320936414	409
65.0561643835616	73.5424256333331	410
