y	y_hat	y_index
65.286301369863	73.61335644653538	681
73.8438356164384	73.63005007234233	682
73.4260273972603	73.61622803999204	683
