y	y_hat	y_index
74.1342465753425	73.54720064457956	420
74.4698630136986	73.5385481775218	421
78.1808219178082	73.54500059382488	422
