y	y_hat	y_index
78.5369863013699	73.61495226893065	642
67.9986301369863	73.60428868510782	643
56.272602739726	73.59913080525752	644
