y	y_hat	y_index
73.258904109589	73.54927951129281	339
84.1643835616438	73.55134688926614	340
84.4616438356164	73.56521087805199	341
