y	y_hat	y_index
77.9342465753425	73.5570173395703	687
66.4232876712329	73.54740659027944	688
80.6397260273973	73.55332096724052	689
