y	y_hat	y_index
71.9671232876712	73.66219189882324	81
69.7095890410959	73.66311537448425	82
69.2260273972603	73.64439110434496	83
