y	y_hat	y_index
63.9821917808219	73.62390615482835	87
78.2808219178082	73.61845856239684	88
65.772602739726	73.62258452117601	89
