y	y_hat	y_index
72.8506849315069	73.64733423103307	660
57.1780821917808	73.6479886737186	661
63.4232876712329	73.65127880077341	662
