y	y_hat	y_index
82.3958904109589	73.55938327899482	273
74.7342465753425	73.5503490017924	274
72.158904109589	73.56902425418436	275
