y	y_hat	y_index
66.6397260273973	73.60924648662504	432
76.1780821917808	73.60019370766567	433
68.9479452054795	73.60981603656715	434
