y	y_hat	y_index
71.8698630136986	73.61773231459134	204
62.7616438356164	73.60068501370453	205
85.8753424657534	73.62340119951565	206
