y	y_hat	y_index
76.8506849315069	73.57344467271369	699
77.1630136986301	73.554482040558	700
70.4534246575342	73.55510242251485	701
