y	y_hat	y_index
81.8835616438356	73.58747552679965	501
73.558904109589	73.5793933390073	502
63.3452054794521	73.56488936958854	503
