y	y_hat	y_index
73.5849315068493	73.64899753312835	297
63.0780821917808	73.63011770015204	298
61.8246575342466	73.65781819843855	299
