y	y_hat	y_index
55.1616438356164	73.54736973138208	354
83.2534246575342	73.55896419991045	355
78.4397260273973	73.5562345825063	356
