y	y_hat	y_index
64.5616438356164	73.61209950235774	279
71.158904109589	73.61089663463227	280
77.0643835616438	73.60873803641688	281
