y	y_hat	y_index
77.1260273972603	73.55736751862754	195
70.1260273972603	73.55081102204272	196
81.5424657534247	73.56281572436346	197
