y	y_hat	y_index
86.3917808219178	73.5756474619574	654
72.5780821917808	73.53846102318855	655
78.9753424657534	73.55807666826578	656
