y	y_hat	y_index
65.8616438356164	73.61732416401942	69
73.2753424657534	73.6157709327754	70
79.3780821917808	73.61770214113567	71
