y	y_hat	y_index
88.7369863013699	73.55440828787063	384
75.8534246575342	73.55386298816046	385
87.758904109589	73.55365924848425	386
