y	y_hat	y_index
64.0794520547945	73.64673634483806	732
69.558904109589	73.64567970665088	733
