y	y_hat	y_index
71.1260273972603	73.56143515104702	591
74.3780821917808	73.53927860071178	592
80.1958904109589	73.55229221458885	593
