y	y_hat	y_index
74.8452054794521	73.62719873227765	27
57.6315068493151	73.60894279093621	28
71.5794520547945	73.61783539629454	29
