y	y_hat	y_index
76.6808219178082	73.53877713480335	363
86.5808219178082	73.54162127155492	364
77.4479452054795	73.53374853134169	365
