y	y_hat	y_index
73.6780821917808	73.63366931282414	255
72.5534246575342	73.64195099059826	256
72.3643835616438	73.63198370185684	257
