y	y_hat	y_index
67.9671232876712	73.60994145351202	48
84.1506849315069	73.62846952459462	49
67.5671232876712	73.60483970551059	50
