y	y_hat	y_index
56.3027397260274	73.62393518516139	483
64.5808219178082	73.61152165199682	484
79.1671232876712	73.62397523000712	485
