y	y_hat	y_index
77.758904109589	73.53991174210863	381
77.1369863013699	73.53933769459714	382
89.5616438356164	73.5404204717908	383
