y	y_hat	y_index
70.1534246575342	73.56623194680971	710
78.7479452054795	73.5854467669358	711
