y	y_hat	y_index
76.1506849315069	73.55533240041464	540
64.5643835616438	73.5544195784559	541
87.1643835616438	73.56876773607436	542
