y	y_hat	y_index
78.2671232876712	73.544401208938	459
84.3452054794521	73.53759962425593	460
81.8397260273973	73.55496958083106	461
