y	y_hat	y_index
81.7643835616438	73.56742709668586	291
88.9342465753425	73.56014785274762	292
68.7479452054795	73.54577750815398	293
