y	y_hat	y_index
79.6849315068493	73.6203321211387	651
68.8616438356164	73.63046865970425	652
64.9712328767123	73.60291387388264	653
