y	y_hat	y_index
66.6753424657534	73.56512688927586	225
73.5808219178082	73.56416438393916	226
78.8835616438356	73.55803939907247	227
