y	y_hat	y_index
84.3616438356164	73.550686534858	168
85.5369863013699	73.55893020071998	169
75.0671232876712	73.55823012452568	170
