y	y_hat	y_index
71.2369863013699	73.62589117429428	324
63.8479452054794	73.61824533568522	325
79.6890410958904	73.61061898765381	326
