y	y_hat	y_index
66.8643835616438	73.54015374799694	126
75.458904109589	73.56105815800571	127
79.2753424657534	73.55442586646474	128
