y	y_hat	y_index
73.9561643835616	73.51986541038855	728
79.9397260273973	73.53665563629173	729
