y	y_hat	y_index
71.6835616438356	73.59651138450812	156
77.872602739726	73.63399793458123	157
70.7671232876712	73.6067456459157	158
