y	y_hat	y_index
62.8698630136986	73.61439312730478	177
80.3534246575342	73.61032553096601	178
63.7506849315068	73.60926015941536	179
