y	y_hat	y_index
70.472602739726	73.5527098406177	471
76.4232876712329	73.55364980968656	472
85.1547945205479	73.56685006388533	473
