y	y_hat	y_index
77.9479452054795	73.61681756945588	405
67.3671232876712	73.59919768918682	406
65.5315068493151	73.62124269967097	407
