y	y_hat	y_index
69.6178082191781	73.61328977345238	558
82.9027397260274	73.6130095666452	559
72.3260273972603	73.62189812358011	560
