y	y_hat	y_index
67.7616438356164	73.60924676030939	492
79.2890410958904	73.60089612741639	493
69.8643835616438	73.61710280249903	494
