y	y_hat	y_index
62.1780821917808	73.65767628723094	318
58.9424657534247	73.64909148006541	319
65.5671232876712	73.65752830494064	320
