y	y_hat	y_index
69.9835616438356	73.65964654253861	0
72.5561643835616	73.6520858036117	1
71.3616438356164	73.64850857579385	2
