y	y_hat	y_index
61.8561643835616	73.6013379768352	252
69.7780821917808	73.60833147143546	253
75.8479452054795	73.6042252013713	254
