y	y_hat	y_index
61.2780821917808	73.57490526241857	714
87.6616438356164	73.59929698016285	715
