y	y_hat	y_index
73.8643835616438	73.54651461886544	207
75.0397260273973	73.54842795401878	208
91.3068493150685	73.54816297679817	209
