y	y_hat	y_index
61.2698630136986	73.60246755028824	141
74.2808219178082	73.62313705305937	142
62.8753424657534	73.59072306992702	143
