y	y_hat	y_index
55.0041095890411	73.61086065098958	534
72.4780821917808	73.614649789893	535
81.058904109589	73.62189240141154	536
