y	y_hat	y_index
90.272602739726	73.61947888351273	666
66.4561643835616	73.59077969268333	667
71.5643835616438	73.62496945198062	668
