y	y_hat	y_index
76.4410958904109	73.56124183810006	282
66.9931506849315	73.55326787228309	283
79.5643835616438	73.55627619617347	284
