y	y_hat	y_index
79.2616438356164	73.55092390254217	171
79.386301369863	73.57250487746028	172
61.7808219178082	73.53129984729723	173
