y	y_hat	y_index
67.9342465753425	73.55272842076454	693
78.5287671232877	73.55206452712711	694
88.3315068493151	73.55972739515651	695
