y	y_hat	y_index
54.2739726027397	73.61589726527735	522
74.8164383561644	73.60837096848856	523
61.9561643835616	73.62910015031504	524
