y	y_hat	y_index
83.058904109589	73.60868648141552	159
72.3657534246575	73.6114552720977	160
70.4698630136986	73.59797954282953	161
