y	y_hat	y_index
71.4671232876712	73.61826818434834	588
78.1986301369863	73.63256216418249	589
62.5698630136986	73.60509654638417	590
