y	y_hat	y_index
72.63989854950165	73.55089674373336	90
82.0780821917808	73.55193172930609	91
78.1698630136986	73.55909557735062	92
