y	y_hat	y_index
78.3452054794521	73.56554162135737	303
63.5232876712329	73.54278920829536	304
79.3643835616438	73.53824387704708	305
