y	y_hat	y_index
65.4931506849315	73.657811943218	228
73.3301369863014	73.64268647635755	229
68.2506849315069	73.65820595829254	230
