y	y_hat	y_index
80.8287671232877	73.55204409788352	102
75.1794520547945	73.54484816599786	103
80.1808219178082	73.53620435848606	104
