y	y_hat	y_index
69.9479452054795	73.54652369019976	162
75.9671232876712	73.56458239788962	163
81.4821917808219	73.55217369473984	164
