y	y_hat	y_index
61.9780821917808	73.61229151852338	300
73.2616438356164	73.60796352249774	301
80.6506849315069	73.63097751478378	302
