y	y_hat	y_index
66.7369863013699	73.65654458686906	663
58.772602739726	73.66103644149216	664
63.0	73.65230861991073	665
