y	y_hat	y_index
65.2657534246575	73.60585315909374	36
77.6616438356164	73.62233707274949	37
67.958904109589	73.61566410007619	38
