y	y_hat	y_index
70.4698630136986	73.56069556604287	516
86.6369863013699	73.57222001060073	517
77.8835616438356	73.56145180051608	518
