y	y_hat	y_index
73.2808219178082	73.55793488966046	468
76.3424657534247	73.5519328673521	469
77.7643835616438	73.54087141005029	470
