y	y_hat	y_index
65.2561643835616	73.54437294310097	456
75.6808219178082	73.53536147456977	457
74.9835616438356	73.53666279846067	458
