y	y_hat	y_index
57.0643835616438	73.5596413138415	582
87.2232876712329	73.54547739937952	583
82.7671232876712	73.56683383754623	584
