y	y_hat	y_index
79.3561643835616	73.54104487659063	399
73.9616438356164	73.53040545138191	400
75.3972602739726	73.56100250395184	401
