y	y_hat	y_index
80.3753424657534	73.5424589232162	258
74.3452054794521	73.5458804952751	259
75.058904109589	73.53535232904842	260
