y	y_hat	y_index
70.4219178082192	73.6555833914278	603
65.9424657534247	73.64156585268748	604
68.1698630136986	73.64438396302631	605
