y	y_hat	y_index
74.2698630136986	73.5660964891796	150
66.9780821917808	73.5433393089388	151
82.0616438356164	73.5675971896472	152
