y	y_hat	y_index
69.4808219178082	73.60986265494232	453
80.072602739726	73.62026351235953	454
61.686301369863	73.60652988022022	455
