y	y_hat	y_index
75.7315068493151	73.61059975417714	573
63.8178082191781	73.61365552277158	574
70.572602739726	73.62749250426411	575
