y	y_hat	y_index
55.8671232876712	73.61800547194413	657
84.5506849315069	73.62359082118331	658
62.3821917808219	73.60740597316517	659
