y	y_hat	y_index
79.5657534246575	73.53260292029802	372
75.2452054794521	73.52501476947857	373
80.9849315068493	73.5385829593446	374
