y	y_hat	y_index
61.0178082191781	73.53789111350817	507
78.4780821917808	73.55683438736352	508
77.2479452054795	73.5593833809994	509
