y	y_hat	y_index
74.9643835616438	73.53982983335705	696
73.8616438356164	73.53848349949045	697
75.1808219178082	73.54713722706946	698
