y	y_hat	y_index
77.658904109589	73.53020433776395	132
75.7808219178082	73.54686639530635	133
77.5698630136986	73.54962155670349	134
