y	y_hat	y_index
65.8205479452055	73.59592837565475	498
80.8698630136986	73.6334202923088	499
70.5616438356164	73.6051275491453	500
