y	y_hat	y_index
66.4369863013699	73.64869639713307	712
65.5671232876712	73.65521343407322	713
