y	y_hat	y_index
86.4643835616438	73.54461521237452	201
69.7808219178082	73.54947441567572	202
75.7835616438356	73.55517957399708	203
