y	y_hat	y_index
80.9534246575342	73.55720713047428	561
79.9452054794521	73.57007549046406	562
72.3808219178082	73.5448998576497	563
