y	y_hat	y_index
78.6	73.54111505022483	39
85.3780821917808	73.54669384687966	40
72.2452054794521	73.5421699166259	41
