y	y_hat	y_index
85.5397260273973	73.55621677597321	249
74.372602739726	73.54553734331847	250
67.4616438356164	73.55526417684116	251
