y	y_hat	y_index
71.9643835616438	73.62215840837068	585
71.3479452054795	73.60896341715613	586
83.0616438356164	73.62345473265042	587
