y	y_hat	y_index
69.2013698630137	73.65568545186701	648
72.2397260273973	73.6475103093477	649
70.4753424657534	73.64535825733117	650
