y	y_hat	y_index
64.0534246575342	73.64212104166647	357
73.0602739726027	73.63845846044228	358
65.3561643835616	73.63901649424112	359
