y	y_hat	y_index
55.8479452054794	73.61394596455096	510
77.0383561643836	73.62627744058017	511
72.3232876712329	73.60879897881392	512
