y	y_hat	y_index
77.8150684931507	73.5351965056463	378
75.5671232876712	73.53155054611864	379
82.0287671232877	73.54562670512273	380
