y	y_hat	y_index
82.2808219178082	73.55100233434898	597
81.1958904109589	73.55300582688037	598
61.0643835616438	73.549114398881	599
