y	y_hat	y_index
71.3835616438356	73.60667174213451	429
78.072602739726	73.62181878164336	430
70.8835616438356	73.62529904099458	431
