y	y_hat	y_index
78.1698630136986	73.55640415055608	690
79.0479452054795	73.5330236315877	691
77.3452054794521	73.54216704182933	692
