y	y_hat	y_index
77.9424657534247	73.56490614344987	264
75.3808219178082	73.55821742009311	265
67.6109589041096	73.5532517423979	266
