y	y_hat	y_index
73.9808219178082	73.53165850933976	96
84.0424657534247	73.54395132885297	97
75.572602739726	73.54703403742296	98
