y	y_hat	y_index
70.3246575342466	73.56147677057274	342
79.1698630136986	73.5389625966692	343
78.8383561643836	73.55816912016097	344
