y	y_hat	y_index
83.8205479452055	73.54840732173852	93
75.0342465753425	73.54553015009155	94
77.4808219178082	73.55249501498979	95
