y	y_hat	y_index
73.7452054794521	73.5395314748968	450
69.6534246575342	73.53458564943527	451
77.1232876712329	73.54151906182632	452
