mae_mean	mae_single
5.33924703751765	5.343103194686816
