mae_mean	mae_single
5.158795030792981	5.172037277867732
