mae_mean	mae_single
5.283507964665154	5.277545982306253
