mae_mean	mae_single
5.753535980120841	5.855147283145154
