mae_mean	mae_single
5.415728282425075	5.468660937690795
