mae_mean	mae_single
5.489761008706984	5.535411100331374
