mae_mean	mae_single
5.856778408414951	5.852310357624128
