mae_mean	mae_single
4.290768258639082	4.296012338010643
