mae_mean	mae_single
5.8596003137906205	5.778156949451764
