mae_mean	mae_single
5.401201991745212	5.343787218982063
