mae_mean	mae_single
4.799258729212995	4.8250695607805865
