mae_mean	mae_single
5.999410950873608	6.008691721259694
