mae_mean	mae_single
5.28501205003796	5.076807096306846
