mae_mean	mae_single
5.809463261140039	5.829995513975029
