mae_mean	mae_single
4.1468347122333835	4.179384845216953
