mae_mean	mae_single
5.46867085530709	5.391235088299655
