mae_mean	mae_single
4.488029732634314	4.373364696429815
