mae_mean	mae_single
5.479891796948382	5.4279606417804285
