mae_mean	mae_single
4.587006014079785	4.58506494429921
