mae_mean	mae_single
4.908271390949608	4.8269246770816405
