mae_mean	mae_single
5.189424029373312	5.183876952307795
