mae_mean	mae_single
5.2780474253740515	5.280908967731025
