mae_mean	mae_single
4.404652468970699	4.288790404729303
