mae_mean	mae_single
5.258752048367756	5.657960919136732
