mae_mean	mae_single
3.78061884369775	3.776446927044008
