mae_mean	mae_single
5.969553025669683	5.973748931359715
