mae_mean	mae_single
4.262405570210817	5.530295493336335
