mae_mean	mae_single
4.43376894280711	4.3392715075319614
