mae_mean	mae_single
7.161051839107998	7.172962484008575
