mae_mean	mae_single
6.143917318126886	6.090063139666522
