mae_mean	mae_single
8.377887741232746	8.376014272420505
