mae_mean	mae_single
5.211230226250886	5.130161777309311
