mae_mean	mae_single
9.386503601118045	9.397398950350157
