mae_mean	mae_single
5.331468310197259	6.263046534986944
