mae_mean	mae_single
4.216110593359441	4.114443853049764
