mae_mean	mae_single
2.1560034720460854	2.181266736215022
