mae_mean	mae_single
3.871124367019173	3.8190497422774
