mae_mean	mae_single
12.193482613392378	12.199489056120386
