mae_mean	mae_single
5.5305157698350955	5.959741843318909
