mae_mean	mae_single
3.31995481979043	3.1323491655379505
