mae_mean	mae_single
4.013625674918974	4.18599737003908
