mae_mean	mae_single
3.2747736580123217	3.9446180167006637
