mae_mean	mae_single
2.965503823386181	3.102599805413599
