mae_mean	mae_single
2.354484519878165	2.070265966357075
