mae_mean	mae_single
6.320977652471844	6.280336674875794
