mae_mean	mae_single
3.3157852491304567	3.283051193820351
