mae_mean	mae_single
4.32548154167458	4.789356429258355
