mae_mean	mae_single
6.841209550677225	6.841209550677225
