mae_mean	mae_single
5.705315380164653	5.583801580102555
