mae_mean	mae_single
4.5158317317306	4.653948060069941
