mae_mean	mae_single
9.262381024980726	9.134424833307975
