mae_mean	mae_single
8.611847366271611	8.622430107304943
