mae_mean	mae_single
4.120281779276013	4.226487009674709
