mae_mean	mae_single
4.263445190100735	4.192446301810951
