mae_mean	mae_single
2.7768206554982933	2.770811208164337
