mae_mean	mae_single
5.322230525916869	5.589901566026502
