mae_mean	mae_single
4.130796962826882	4.8757670112458795
