mae_mean	mae_single
10.159149086587062	10.353596710635175
