mae_mean	mae_single
3.2379263268676888	3.3137760408857324
