mae_mean	mae_single
7.832100282940644	7.818050771906447
