mae_mean	mae_single
2.872903878866149	2.5621261215373465
