mae_mean	mae_single
3.793461097642511	4.027828824280188
