mae_mean	mae_single
5.017000514251933	4.918488411659889
