mae_mean	mae_single
5.408269047932568	6.300417947836706
