mae_mean	mae_single
6.291920486722343	5.840970146323481
