mae_mean	mae_single
4.1614907747981915	3.8999762230530024
