mae_mean	mae_single
5.6537910312349595	5.196635296769036
