mae_mean	mae_single
6.935376828838656	6.95684275025999
