mae_mean	mae_single
3.5713667223407413	3.933060147136961
