mae_mean	mae_single
9.332235660577892	9.500614952425353
