mae_mean	mae_single
3.8576877798633356	3.8389975294052
