mae_mean	mae_single
6.270733099244391	7.05826138059705
