mae_mean	mae_single
7.564914071961003	7.566703522745745
