mae_mean	mae_single
9.029891909065627	9.125386052510125
