mae_mean	mae_single
4.017422244475675	4.036494655754332
