mae_mean	mae_single
6.774946098741211	6.84683241503465
