mae_mean	mae_single
1.2010040821524726	1.1939630932767642
