mae_mean	mae_single
8.22535071491943	8.476146567990419
