mae_mean	mae_single
4.018236666098166	4.044447151370956
