mae_mean	mae_single
7.318758795203294	7.247944387061779
