mae_mean	mae_single
6.916148533698949	6.901189272877801
