mae_mean	mae_single
2.428949141707695	1.5370225026398572
