mae_mean	mae_single
6.934955255351312	6.87928679409013
