mae_mean	mae_single
5.0923223555502135	4.834778666075451
