mae_mean	mae_single
2.895712720498286	2.780749232472895
