mae_mean	mae_single
6.135958068703279	6.086673067280657
