mae_mean	mae_single
6.022397078322531	6.913622094045853
