mae_mean	mae_single
8.922701753529141	10.06264795895546
