mae_mean	mae_single
2.8593662765630086	3.0808717048766
