mae_mean	mae_single
6.953876308593891	6.92343894875125
