mae_mean	mae_single
5.4154491271265925	5.47242755181954
