mae_mean	mae_single
5.628466864570195	5.621415644476296
