mae_mean	mae_single
3.397494160743946	3.368882448744737
