mae_mean	mae_single
4.305787172838573	4.21975252224848
