mae_mean	mae_single
8.157960007738396	8.205073269298211
