mae_mean	mae_single
3.4731575874875156	3.4746513296331614
