mae_mean	mae_single
7.035011928150884	7.707895276464498
