mae_mean	mae_single
5.817431438590387	5.355357890367664
