mae_mean	mae_single
5.917556877380281	6.225193464128331
