mae_mean	mae_single
9.788730344304211	9.872871796038906
