mae_mean	mae_single
3.496445080918131	3.3642275053183446
