mae_mean	mae_single
2.620971487233111	2.7221512330133257
