mae_mean	mae_single
3.811545719838795	3.788611579607116
