mae_mean	mae_single
6.041384625224841	6.270911652017863
