mae_mean	mae_single
3.7278717174015887	4.714725055422842
