mae_mean	mae_single
6.500965614520967	6.5729963383628585
