mae_mean	mae_single
1.7390276899907253	2.8896853971310463
