mae_mean	mae_single
5.700203336731936	5.698014869926254
