mae_mean	mae_single
6.944026178072217	6.975734095834227
