mae_mean	mae_single
7.837637113886018	8.478315850091482
