mae_mean	mae_single
2.3956611402514434	2.429853760275961
