mae_mean	mae_single
3.277846924278473	3.237878959805471
