mae_mean	mae_single
6.101463573012826	5.986509913244096
