mae_mean	mae_single
5.679778196133128	5.692641279964282
