mae_mean	mae_single
5.748063597282766	5.264048051310946
