mae_mean	mae_single
4.789428444599726	4.762724689210856
