mae_mean	mae_single
1.0833745781908657	1.1051134192629586
