mae_mean	mae_single
4.392255793856758	4.585929271054653
