mae_mean	mae_single
7.854931487056163	7.043680359443495
