mae_mean	mae_single
4.726829331081333	4.762282552784043
