mae_mean	mae_single
6.137880443737788	7.242483796772127
