mae_mean	mae_single
3.6591577750300295	3.752704626527636
