mae_mean	mae_single
3.9626384828859735	4.187078453904206
