mae_mean	mae_single
1.7426167806170128	1.4852563390648044
