mae_mean	mae_single
0.32060909479026617	0.2872456997019744
