mae_mean	mae_single
12.952572103551944	12.204275795287762
