mae_mean	mae_single
7.079991979844867	6.996150860643468
