mae_mean	mae_single
3.967132790870982	3.955751703885904
