mae_mean	mae_single
8.346659364211844	8.577557665416528
