mae_mean	mae_single
1.4845778390474276	1.495297077175697
