mae_mean	mae_single
2.614913230704905	2.619257829228033
