mae_mean	mae_single
4.507648542378827	4.667801468604007
