mae_mean	mae_single
5.55614544619768	6.770141785675274
