mae_mean	mae_single
4.9368538363321095	4.856358503275767
