mae_mean	mae_single
4.558283735411848	5.281641690980976
