mae_mean	mae_single
9.636511451510101	9.634898638418493
