mae_mean	mae_single
5.782710110416349	6.119373559201224
