mae_mean	mae_single
5.197428206748526	5.217485577023813
