mae_mean	mae_single
3.803643592623208	3.8081482877467514
