mae_mean	mae_single
2.8552288968280046	2.952044564501397
