mae_mean	mae_single
12.272150832783353	11.692524658103787
