mae_mean	mae_single
6.267678264420795	5.938522126071329
