mae_mean	mae_single
5.967737330580704	5.863707567979873
