mae_mean	mae_single
2.162140726901953	2.2868075993569192
