mae_mean	mae_single
9.442060500630452	9.648590423154223
