mae_mean	mae_single
4.013007954370257	3.961035942582015
