mae_mean	mae_single
7.202651012010937	7.2273670693078556
