mae_mean	mae_single
9.376867761032026	8.476618750627978
