mae_mean	mae_single
3.9173266018358106	4.389608747416361
