mae_mean	mae_single
5.110768215873719	5.089228154377973
