mae_mean	mae_single
3.391437518265723	3.1758198778670654
