mae_mean	mae_single
2.1962393403683507	1.8076041631858288
