mae_mean	mae_single
4.374401626147112	6.23583603225044
