mae_mean	mae_single
4.833493924812745	4.759170472056735
