mae_mean	mae_single
4.885728202766842	4.901104191895541
