mae_mean	mae_single
9.302796907367664	9.213574499391925
