mae_mean	mae_single
2.797818381286992	2.8184656467513065
