mae_mean	mae_single
5.785804262390239	5.135992958683777
