mae_mean	mae_single
2.647655801115983	2.6743713389226684
