mae_mean	mae_single
10.704538236600186	10.750428907618465
