mae_mean	mae_single
2.4961565279619435	2.7600135566775443
