mae_mean	mae_single
4.591989556188163	4.794334323939476
