mae_mean	mae_single
5.054324515692666	5.119033201431951
