mae_mean	mae_single
1.8477631729389496	2.0398731095038536
