mae_mean	mae_single
4.978505945150275	4.96798145256389
