mae_mean	mae_single
4.2360698880082195	4.239828388212551
