mae_mean	mae_single
8.288042533361738	8.14934782222627
