mae_mean	mae_single
4.923628815078139	4.930442958827889
