mae_mean	mae_single
8.672805330223241	8.247835544057915
