mae_mean	mae_single
2.6705022430889755	2.72270034529087
