mae_mean	mae_single
9.766615764253444	9.725087338936172
