mae_mean	mae_single
4.9110432605798024	4.93446221362738
