mae_mean	mae_single
3.3384177965374513	3.4173150457014003
