mae_mean	mae_single
4.3591798569147455	4.025704246797663
