mae_mean	mae_single
3.7686950402159405	3.39859092005724
