mae_mean	mae_single
6.541729984394607	6.614363784903726
