mae_mean	mae_single
4.294866229391938	3.646452695092904
