mae_mean	mae_single
5.527838765979287	5.52424794632924
