mae_mean	mae_single
4.433116587750523	4.507864766974275
