mae_mean	mae_single
3.120078623975175	3.173108707234315
