mae_mean	mae_single
7.4270007982987964	6.969628209147402
