mae_mean	mae_single
7.629377792103639	7.302451972631009
