mae_mean	mae_single
0.7924145133400984	0.7462376655988905
