mae_mean	mae_single
5.399878997687345	5.304813111655702
