mae_mean	mae_single
6.968962061901043	7.07757117303413
