mae_mean	mae_single
9.926575885238279	10.018558840229977
