mae_mean	mae_single
5.553452361436395	5.519737424925585
