mae_mean	mae_single
4.234227260987562	4.295530215401541
