mae_mean	mae_single
9.027629021118381	8.168908689776075
