mae_mean	mae_single
3.458931454672893	4.33469764775523
