mae_mean	mae_single
8.089842058610316	8.047081220213315
