mae_mean	mae_single
10.640596151382155	10.581945700038693
