mae_mean	mae_single
3.642477787917258	3.4761764843918193
