mae_mean	mae_single
3.9478015236138853	3.8698536778552324
