mae_mean	mae_single
8.074439362044307	8.074439362044307
