mae_mean	mae_single
4.688306752301242	4.602859524851223
