mae_mean	mae_single
5.943598842149825	5.949428187554621
