mae_mean	mae_single
7.832256459148525	8.353876695126914
