mae_mean	mae_single
5.330756229165118	5.501036269771305
