mae_mean	mae_single
4.0954632897043455	3.986379442570884
