mae_mean	mae_single
3.424922634537097	3.324069406685003
