mae_mean	mae_single
1.3483218060271582	1.338480047460905
