mae_mean	mae_single
5.298100347501371	5.2889917721684725
