mae_mean	mae_single
8.38434384369162	8.392105360131035
