mae_mean	mae_single
8.065326833371552	7.915573717357613
