mae_mean	mae_single
7.968135026326276	7.909133979503959
