mae_mean	mae_single
6.284207262031629	6.328584593446962
