mae_mean	mae_single
3.6553905174871155	1.6587546599541934
