mae_mean	mae_single
0.7161089487094093	0.897567302845971
