mae_mean	mae_single
4.967741291712888	5.003156812326343
