mae_mean	mae_single
8.652005011911053	8.614079252135596
