mae_mean	mae_single
6.145437420313937	6.158082164787348
