mae_mean	mae_single
1.65663139550765	1.6581293663140144
