mae_mean	mae_single
4.139070654282539	4.259948191908687
