mae_mean	mae_single
3.7071740151340102	3.694835155599075
