mae_mean	mae_single
7.6181760886477905	7.48176972825928
