mae_mean	mae_single
6.241070278863496	6.379734957667587
