mae_mean	mae_single
5.549046569812158	5.553519603264401
