mae_mean	mae_single
8.949165406008575	9.005430682543386
