mae_mean	mae_single
6.126927188450473	6.024379486544824
