mae_mean	mae_single
5.177767392674812	5.073576872858266
