mae_mean	mae_single
8.399395862825422	8.893815551446657
