mae_mean	mae_single
7.71756408410189	7.738120636614923
