mae_mean	mae_single
7.862281015058298	7.92550743216201
