mae_mean	mae_single
4.3130542982236575	4.165626690023582
