mae_mean	mae_single
3.800436974509116	3.9624259219925144
