mae_mean	mae_single
9.844667193336036	9.871198416152277
