mae_mean	mae_single
6.5083633564168695	6.511450512074177
