mae_mean	mae_single
9.042525060302511	9.877797983547454
