mae_mean	mae_single
3.261699827663312	3.1179934328956542
