mae_mean	mae_single
7.773339648858027	7.697991846437058
