mae_mean	mae_single
7.520180238360027	7.62383348848626
