mae_mean	mae_single
3.7360747234687843	3.670210517424858
