mae_mean	mae_single
7.8499764888786885	7.821781888124479
