mae_mean	mae_single
4.86688060722684	5.0989706421128815
