mae_mean	mae_single
7.72528745798427	7.738631753073382
