mae_mean	mae_single
4.13409708648561	3.864069667074176
