mae_mean	mae_single
11.891736750355262	11.878522379089448
