mae_mean	mae_single
8.529978609648007	8.34289249424294
