mae_mean	mae_single
5.544193302739174	5.54348292386626
