mae_mean	mae_single
10.82160798232509	11.586739620018037
