mae_mean	mae_single
4.728197540289249	5.005191181157893
