mae_mean	mae_single
4.835800663463601	4.912345175502613
