mae_mean	mae_single
7.612062493919477	8.016548579037158
