mae_mean	mae_single
7.0610532206047125	6.9403770681949934
