mae_mean	mae_single
8.687638566679757	8.687638566679757
