mae_mean	mae_single
7.7056002203269784	8.533631616892409
