mae_mean	mae_single
2.6144778174395213	4.513080636276271
