mae_mean	mae_single
7.080774790086257	6.890168615537732
