mae_mean	mae_single
3.5221875932837676	3.5728250576103426
