mae_mean	mae_single
4.15045167093615	4.0909391151753125
