mae_mean	mae_single
11.211196542780954	11.180056444377021
