mae_mean	mae_single
4.868367873973639	4.740781590758455
