mae_mean	mae_single
3.812579182620586	3.9417615810636497
