mae_mean	mae_single
7.732516378543157	7.801049549247115
