mae_mean	mae_single
1.4557273882323518	1.4863686834582193
