mae_mean	mae_single
8.029574277024139	7.98916751551737
