mae_mean	mae_single
4.2441273344359685	4.208879406180965
