mae_mean	mae_single
2.593227398203247	2.5295751494257104
