mae_mean	mae_single
4.769338106609449	4.738913498385965
