mae_mean	mae_single
7.747204406145893	7.804840787627683
