mae_mean	mae_single
5.652629621917707	5.6005706607465315
