mae_mean	mae_single
4.960047551465945	4.9803296953681295
