mae_mean	mae_single
7.417596690225547	7.436566815631821
