mae_mean	mae_single
3.6367162338644334	5.127845694753394
