mae_mean	mae_single
5.29706023955939	5.1918037529752
