mae_mean	mae_single
3.4570749074607505	3.888371356376787
