mae_mean	mae_single
5.52614828822954	6.23657100131291
