mae_mean	mae_single
5.6237185442213145	6.290622631933876
