mae_mean	mae_single
4.2825454783005386	4.208118165223898
