mae_mean	mae_single
7.269707580215996	7.424340419529223
