mae_mean	mae_single
4.06220888684931	4.056624087766963
