mae_mean	mae_single
2.7396260210544576	2.713707130993825
