mae_mean	mae_single
9.188472846993989	9.104995395736617
