y	y_hat	y_index
72.8506849315069	69.39811080894361	660
57.1780821917808	68.050314024569	661
63.4232876712329	72.59525109332698	662
