y	y_hat	y_index
74.0315068493151	76.14123431910893	408
76.5150684931507	76.97818845711559	409
65.0561643835616	75.36791563797867	410
