y	y_hat	y_index
74.9643835616438	73.6574687527541	696
73.8616438356164	70.71576071922539	697
75.1808219178082	72.34677241796584	698
