y	y_hat	y_index
65.2657534246575	74.56555640050932	36
77.6616438356164	73.31876163208207	37
67.958904109589	71.35555351860224	38
