y	y_hat	y_index
73.8917808219178	70.34315644648308	351
76.6506849315069	72.59757633053313	352
81.2698630136986	76.16891420714441	353
