y	y_hat	y_index
88.2561643835616	73.51050310405275	99
72.158904109589	68.87045122569936	100
75.7808219178082	73.49009778498306	101
