y	y_hat	y_index
73.9561643835616	70.89316592939868	728
79.9397260273973	73.15546685140394	729
