y	y_hat	y_index
65.658904109589	73.74318743916115	504
65.0328767123288	69.33691064744971	505
67.5315068493151	71.80354666893122	506
