y	y_hat	y_index
84.5356164383562	70.53661662108486	18
69.3849315068493	74.08369922789153	19
71.1561643835616	74.73939924014442	20
