y	y_hat	y_index
70.472602739726	71.66043466139875	471
76.4232876712329	77.13842798148778	472
85.1547945205479	79.5692971685897	473
