y	y_hat	y_index
68.3904109589041	73.17486915925211	633
63.8479452054794	70.37195033552952	634
76.186301369863	76.15290816916789	635
