y	y_hat	y_index
73.1616438356164	73.84801097832772	567
56.3643835616438	74.0521056088924	568
74.6534246575342	74.30430301090364	569
