y	y_hat	y_index
79.2616438356164	72.26939554025836	171
79.386301369863	79.73587438227338	172
61.7808219178082	71.31015624270373	173
