y	y_hat	y_index
70.4219178082192	75.0617041921322	603
65.9424657534247	72.20777714287428	604
68.1698630136986	69.15268068899395	605
