y	y_hat	y_index
68.872602739726	69.83820104066174	270
78.2671232876712	71.29136961482105	271
71.158904109589	72.11406360596166	272
