y	y_hat	y_index
66.6753424657534	69.75558829754794	225
73.5808219178082	75.46876482338146	226
78.8835616438356	71.66512372065549	227
