y	y_hat	y_index
70.3246575342466	72.86065141080043	342
79.1698630136986	74.35513191266907	343
78.8383561643836	74.13437114367247	344
