y	y_hat	y_index
74.4808219178082	75.84255925968067	144
82.1643835616438	70.71800369899245	145
82.6643835616438	75.8473108129838	146
