y	y_hat	y_index
82.3917808219178	70.67514760383865	246
74.1849315068493	75.24670018666569	247
55.4164383561644	69.72771218546573	248
