y	y_hat	y_index
69.9835616438356	76.20745254500386	0
72.5561643835616	74.02704347238492	1
71.3616438356164	71.51161353773954	2
