y	y_hat	y_index
73.258904109589	72.0926576830533	339
84.1643835616438	72.95113780106588	340
84.4616438356164	78.71698214705549	341
