y	y_hat	y_index
61.0178082191781	70.54691863000387	507
78.4780821917808	69.51360233434463	508
77.2479452054795	80.56347767786554	509
