y	y_hat	y_index
83.1890410958904	76.86538925136165	495
59.6452054794521	75.37881555912139	496
70.7876712328767	74.68642434441182	497
