y	y_hat	y_index
71.727397260274	72.85987565334216	72
71.8561643835616	69.76828491282808	73
66.3780821917808	73.11758878735041	74
