y	y_hat	y_index
83.2643835616438	75.26336970973236	519
84.6671232876712	78.55533302666035	520
70.8287671232877	79.89182538431822	521
