y	y_hat	y_index
80.3753424657534	75.74454672691313	258
74.3452054794521	75.33702935446937	259
75.058904109589	76.49973805536595	260
