y	y_hat	y_index
62.8698630136986	69.0098287055741	177
80.3534246575342	72.30741105831295	178
63.7506849315068	74.60468373304558	179
