y	y_hat	y_index
81.8835616438356	78.46756786087593	501
73.558904109589	75.77050780886913	502
63.3452054794521	72.21808977165053	503
