y	y_hat	y_index
66.8643835616438	72.23389776371206	126
75.458904109589	73.85643033587719	127
79.2753424657534	75.26985711644338	128
