y	y_hat	y_index
61.8616438356164	70.78534502810756	474
68.1561643835616	72.33026371949182	475
76.2698630136986	73.16802654905794	476
