y	y_hat	y_index
64.0794520547945	69.95776763135237	732
69.558904109589	72.42939178532535	733
