y	y_hat	y_index
73.8342465753425	72.67594749539661	321
74.3890410958904	69.10822135082032	322
70.8041095890411	72.69545273052	323
