y	y_hat	y_index
75.5616438356164	68.60448194886219	387
79.1671232876712	72.45425294246802	388
79.2534246575342	72.01657070378846	389
