y	y_hat	y_index
64.9753424657534	72.95313897185596	12
74.3616438356164	74.95216343508622	13
64.4315068493151	72.49577065196024	14
