y	y_hat	y_index
84.2808219178082	73.5484699308097	465
60.0534246575343	68.86276102260393	466
78.058904109589	72.40240487318086	467
