y	y_hat	y_index
69.0561643835616	71.96727496957028	216
59.4041095890411	68.88100177991076	217
73.4232876712329	72.1364392418757	218
