y	y_hat	y_index
71.0041095890411	76.9834405452079	528
76.4753424657534	74.70047064494987	529
68.4643835616438	71.91840495507982	530
