y	y_hat	y_index
72.63989854950165	74.26305720959668	90
82.0780821917808	74.03399857047725	91
78.1698630136986	74.6603379135269	92
