y	y_hat	y_index
75.758904109589	72.4468603685591	327
61.7671232876712	71.29107483177393	328
80.8534246575342	70.99467772678382	329
