y	y_hat	y_index
71.8698630136986	69.9768806221234	204
62.7616438356164	73.45500553058038	205
85.8753424657534	74.26570605217793	206
