y	y_hat	y_index
64.4452054794521	76.31641197625417	153
72.4493150684931	73.14890881055636	154
67.958904109589	72.63229466257197	155
