y	y_hat	y_index
86.3917808219178	75.66408026035758	654
72.5780821917808	72.34488651911492	655
78.9753424657534	71.06047723981247	656
