y	y_hat	y_index
76.7452054794521	74.3573970833668	734
79.7643835616438	74.31753875405747	735
