y	y_hat	y_index
64.7698630136986	74.70007316967154	45
77.7643835616438	71.43827588765079	46
60.7616438356164	72.07074454663241	47
