y	y_hat	y_index
67.9342465753425	72.72692929640807	693
78.5287671232877	74.76656512667988	694
88.3315068493151	75.64641562745389	695
