y	y_hat	y_index
86.3630136986301	73.95886659646949	51
82.672602739726	70.89129224974619	52
71.6808219178082	72.62902754936601	53
