y	y_hat	y_index
67.7616438356164	70.39907291510086	492
79.2890410958904	74.73546763431956	493
69.8643835616438	75.06577190906916	494
