y	y_hat	y_index
61.9780821917808	70.24543664095947	300
73.2616438356164	74.4956322829409	301
80.6506849315069	77.23466630949436	302
