y	y_hat	y_index
72.1630136986301	71.7741605848021	615
83.8506849315069	80.66768996421283	616
72.4424657534247	71.04441964802382	617
