y	y_hat	y_index
73.9424657534247	70.38648893838072	390
71.9041095890411	73.43945361177535	391
70.8260273972603	70.6894978931875	392
