y	y_hat	y_index
66.7328767123288	72.52074434719424	189
80.5041095890411	72.35609245700296	190
59.9506849315068	70.28432634043418	191
