y	y_hat	y_index
66.4260273972603	72.74262217359279	60
63.7506849315068	72.8556722852543	61
62.258904109589	71.99035351058386	62
