y	y_hat	y_index
76.3424657534247	72.17866883122657	702
74.7041095890411	76.88381479600157	703
80.4616438356164	70.55879858339523	704
