y	y_hat	y_index
76.7041095890411	70.46696214186755	348
73.2479452054795	74.84952339328991	349
67.3205479452055	75.4740909977169	350
