y	y_hat	y_index
75.8260273972603	72.60112474839876	237
75.1342465753425	71.24997553379016	238
66.7178082191781	74.26581913706474	239
