y	y_hat	y_index
78.3452054794521	71.94326789631265	303
63.5232876712329	74.08249112257948	304
79.3643835616438	68.32881761439617	305
