y	y_hat	y_index
76.1506849315069	72.94062476052702	540
64.5643835616438	73.8718092860327	541
87.1643835616438	72.83437323898687	542
