y	y_hat	y_index
84.2698630136986	78.17447799002045	129
71.172602739726	72.48056715297602	130
82.9561643835616	71.5473145227566	131
