y	y_hat	y_index
68.9616438356164	75.529307984978	180
76.7671232876712	75.39555368560461	181
72.4479452054795	68.94944140904593	182
