y	y_hat	y_index
84.1397260273973	73.38596733306814	552
75.3260273972603	73.09415250491223	553
78.4013698630137	73.48379145794883	554
