y	y_hat	y_index
69.9506849315069	78.54946265890167	288
70.7260273972603	69.73404781443408	289
71.3424657534247	74.40004022328203	290
