y	y_hat	y_index
68.0479452054795	70.59086836174899	75
81.6397260273973	73.48926987453359	76
68.2753424657534	73.4762641991243	77
