y	y_hat	y_index
74.2698630136986	74.93240676699818	150
66.9780821917808	73.26730172464583	151
82.0616438356164	70.60553291567118	152
