y	y_hat	y_index
73.958904109589	73.6986026058772	486
83.258904109589	75.57076428023504	487
68.2780821917808	71.23978956030834	488
