y	y_hat	y_index
84.2205479452055	73.91890407271623	210
72.3534246575342	72.97405233270781	211
79.672602739726	79.47335224198685	212
