y	y_hat	y_index
65.2561643835616	76.54046031404738	456
75.6808219178082	73.94446677534759	457
74.9835616438356	73.81962009591425	458
