y	y_hat	y_index
83.1506849315069	76.0854310039311	546
71.7506849315069	74.22900673311611	547
71.5260273972603	75.52994686326709	548
