y	y_hat	y_index
81.8821917808219	72.69666753521682	636
63.9753424657534	72.7664463778838	637
76.5616438356164	71.65013861704095	638
