y	y_hat	y_index
71.5671232876712	70.55330942581074	123
70.7616438356164	74.40379750195217	124
81.4342465753425	70.19903338486056	125
