y	y_hat	y_index
69.4808219178082	70.55654468357919	453
80.072602739726	74.87315187032422	454
61.686301369863	72.29652832840083	455
