y	y_hat	y_index
73.5479452054795	73.6382538329156	564
87.5506849315069	74.55894884284183	565
72.8506849315069	74.70415805085656	566
