y	y_hat	y_index
79.1424657534247	78.0582956978303	513
73.2616438356164	74.01875917966886	514
64.3027397260274	73.6450694785853	515
