y	y_hat	y_index
76.3561643835616	73.47982196085887	537
69.1780821917808	68.55310782743692	538
82.6424657534247	78.30034908815276	539
