y	y_hat	y_index
60.672602739726	72.86377555179853	576
75.5	73.68539225817915	577
57.6835616438356	73.21178266995034	578
