y	y_hat	y_index
75.1452054794521	72.27874893382912	423
75.6369863013699	73.21948536657356	424
74.7534246575342	70.67714626602799	425
