y	y_hat	y_index
61.2698630136986	71.40175687217801	141
74.2808219178082	77.57003282834854	142
62.8753424657534	73.04108074190853	143
