y	y_hat	y_index
67.0835616438356	71.94211762137967	114
80.8643835616438	72.52541571365126	115
56.9643835616438	71.92637053946132	116
