y	y_hat	y_index
74.6013698630137	70.81900550928795	333
76.2835616438356	72.00082715531349	334
73.958904109589	76.85997681980248	335
