y	y_hat	y_index
75.8890410958904	78.592449873529	33
85.7260273972603	70.27647623434233	34
75.7424657534247	70.33063123281278	35
