y	y_hat	y_index
65.086301369863	72.17274987721441	183
69.1657534246575	73.9184666151818	184
71.6835616438356	70.79034133840342	185
