y	y_hat	y_index
83.8205479452055	78.5408828075106	93
75.0342465753425	73.59965554724499	94
77.4808219178082	75.50793992210575	95
