y	y_hat	y_index
72.2068493150685	73.64736685723061	718
72.7780821917808	73.73957281392363	719
