y	y_hat	y_index
73.7452054794521	73.17574087569838	450
69.6534246575342	74.36679567247981	451
77.1232876712329	74.01266814607125	452
