y	y_hat	y_index
66.3630136986301	77.17914097445518	267
68.9452054794521	71.61737934535952	268
58.2931506849315	73.71438389772929	269
