y	y_hat	y_index
77.9849315068493	72.96388691525559	414
70.7671232876712	70.11694808913457	415
71.4780821917808	73.7498298049984	416
