y	y_hat	y_index
61.0424657534247	70.97929734902803	444
68.058904109589	69.48668647752972	445
74.9260273972603	73.5824316967797	446
