y	y_hat	y_index
71.9643835616438	73.07217594374092	585
71.3479452054795	72.6700923087738	586
83.0616438356164	74.77748315398559	587
