y	y_hat	y_index
71.2808219178082	72.13598412438567	730
76.0232876712329	72.55416842400646	731
