y	y_hat	y_index
70.1808219178082	70.83715285180351	675
64.9561643835616	72.1311637914606	676
67.3671232876712	71.98714795858535	677
