y	y_hat	y_index
69.4753424657534	74.33904187709332	276
65.8753424657534	73.192766742094	277
72.6452054794521	75.197211573511	278
