y	y_hat	y_index
72.7835616438356	72.49046051736822	198
82.1753424657534	75.68867325722259	199
74.2671232876712	70.7721257190581	200
