y	y_hat	y_index
83.058904109589	74.78693910180749	159
72.3657534246575	71.97680155564775	160
70.4698630136986	73.84797000001812	161
