y	y_hat	y_index
76.3123287671233	70.9284532210705	639
82.2054794520548	76.55082770471131	640
70.2630136986301	73.59277173903298	641
