y	y_hat	y_index
78.1698630136986	80.03225679484333	690
79.0479452054795	71.08432673435466	691
77.3452054794521	76.9969051769245	692
