y	y_hat	y_index
80.8287671232877	75.59043007852704	102
75.1794520547945	75.23165532664132	103
80.1808219178082	74.06043145654607	104
