y	y_hat	y_index
70.1616438356164	72.07627893803956	669
81.0835616438356	72.9037794203371	670
59.1671232876712	70.1777417462022	671
