y	y_hat	y_index
68.2808219178082	72.74380381782161	627
80.5767123287671	76.07535606799104	628
74.2643835616438	72.8519273584146	629
