y	y_hat	y_index
78.2671232876712	70.80197051789841	459
84.3452054794521	72.5014444466569	460
81.8397260273973	75.55870400102127	461
