y	y_hat	y_index
75.7315068493151	71.81811849326931	573
63.8178082191781	71.47745609754365	574
70.572602739726	74.53286868333909	575
