y	y_hat	y_index
89.5835616438356	80.9954942741418	63
67.7328767123288	73.57917348589723	64
61.5369863013699	73.87072741869511	65
