y	y_hat	y_index
78.986301369863	76.43516656190887	105
72.2095890410959	73.28548086617691	106
78.9657534246575	72.76845908365569	107
