y	y_hat	y_index
69.6178082191781	75.1368376543233	558
82.9027397260274	74.00545822864738	559
72.3260273972603	74.49323276267295	560
