y	y_hat	y_index
63.9821917808219	70.62067729028426	87
78.2808219178082	73.38047113548578	88
65.772602739726	71.58189677919026	89
