y	y_hat	y_index
71.8452054794521	72.506935842247	402
80.1986301369863	77.43847408230883	403
78.3561643835616	76.5609677310618	404
