y	y_hat	y_index
85.4698630136986	71.03871200558976	724
78.7397260273973	75.94718230296291	725
