y	y_hat	y_index
63.0808219178082	70.63960254357366	54
61.558904109589	70.98605881046689	55
61.9958904109589	72.13753026522309	56
