y	y_hat	y_index
80.9534246575342	75.38531352553986	561
79.9452054794521	76.1667511112532	562
72.3808219178082	71.89384664516602	563
