y	y_hat	y_index
67.3013698630137	73.35829910906293	186
73.9671232876712	75.04040204143907	187
69.6671232876712	74.38031985869577	188
