y	y_hat	y_index
62.1205479452055	73.99975287321756	411
68.9890410958904	73.60044843618547	412
77.9397260273973	72.47406191009455	413
