y	y_hat	y_index
69.3534246575342	74.81500219742057	315
81.0150684931507	74.62070725781201	316
60.6232876712329	72.08736784258194	317
