y	y_hat	y_index
65.286301369863	73.50441065550159	681
73.8438356164384	74.94103588374699	682
73.4260273972603	76.51300910376995	683
