y	y_hat	y_index
86.4643835616438	72.72517534088283	201
69.7808219178082	72.38750593794198	202
75.7835616438356	75.53790657522507	203
