y	y_hat	y_index
70.1534246575342	73.60722388953097	710
78.7479452054795	75.28759462255476	711
