y	y_hat	y_index
69.2013698630137	72.53585971015872	648
72.2397260273973	72.18997093054986	649
70.4753424657534	69.40585389260357	650
