y	y_hat	y_index
83.9643835616438	79.7163285418202	312
84.8671232876712	71.2973979901914	313
70.9643835616438	70.7149726439796	314
