y	y_hat	y_index
85.458904109589	71.54171776898457	579
65.3698630136986	72.77438905283796	580
78.5808219178082	78.41937878022799	581
