y	y_hat	y_index
76.8506849315069	80.47695985272941	699
77.1630136986301	72.14712358247418	700
70.4534246575342	74.88879919090002	701
