y	y_hat	y_index
64.0534246575342	69.55149215980126	357
73.0602739726027	70.72691776394662	358
65.3561643835616	71.70522866588246	359
