y	y_hat	y_index
89.2780821917808	71.23835823941509	438
77.0643835616438	74.69613245041648	439
77.1397260273973	69.41709780789424	440
