y	y_hat	y_index
82.3958904109589	75.75023585281518	273
74.7342465753425	73.96725853295148	274
72.158904109589	76.31932484864427	275
