y	y_hat	y_index
73.5849315068493	72.84489871142193	297
63.0780821917808	71.8361777199486	298
61.8246575342466	75.8764586772875	299
