y	y_hat	y_index
65.8205479452055	75.29396854781335	498
80.8698630136986	75.87769552316061	499
70.5616438356164	71.42836039009171	500
