y	y_hat	y_index
88.5698630136986	75.14554409279273	261
76.8657534246575	70.6861562580612	262
87.7698630136986	70.5573266028507	263
