y	y_hat	y_index
55.8671232876712	69.77863776331826	657
84.5506849315069	69.83969159950703	658
62.3821917808219	70.34013181335212	659
