y	y_hat	y_index
60.0232876712329	69.81111474343092	366
81.7013698630137	73.99207615059808	367
71.0506849315069	71.93434571224468	368
