y	y_hat	y_index
57.7369863013699	68.90973799267455	678
72.0013698630137	71.88363938610105	679
75.572602739726	72.26244308626276	680
