y	y_hat	y_index
77.758904109589	68.55569876466505	381
77.1369863013699	71.43887990183086	382
89.5616438356164	72.54116712593292	383
