y	y_hat	y_index
71.8424657534247	69.83104638081399	684
75.9369863013699	70.27944241207746	685
72.9849315068493	73.9346798815446	686
