y	y_hat	y_index
72.772602739726	78.67649353363419	285
77.4232876712329	73.36470070261888	286
54.9671232876712	69.8687731252342	287
