y	y_hat	y_index
79.5232876712329	77.25657044657333	477
71.7657534246575	75.59893675376368	478
60.718372666497935	72.37114274487304	479
