y	y_hat	y_index
71.3835616438356	74.45411131102684	429
78.072602739726	76.07805238087943	430
70.8835616438356	75.60356110078774	431
