y	y_hat	y_index
78.0616438356164	72.12847646609279	417
69.9986301369863	74.02799577020643	418
80.2712328767123	73.27587701370291	419
