y	y_hat	y_index
67.9479452054795	74.94145529940417	42
70.086301369863	71.60278077716052	43
82.17005428820563	72.37565307038935	44
