y	y_hat	y_index
73.6616438356164	72.94888031514168	336
73.6465753424658	68.71333915052752	337
75.0671232876712	72.13502417039517	338
