y	y_hat	y_index
55.0041095890411	69.01326208627755	534
72.4780821917808	74.22179097347517	535
81.058904109589	78.39812405730645	536
