y	y_hat	y_index
79.2452054794521	68.96588061192121	720
81.8671232876712	75.69574672536324	721
