y	y_hat	y_index
57.0643835616438	70.1608806502997	582
87.2232876712329	74.86105554427262	583
82.7671232876712	72.55064225222159	584
