y	y_hat	y_index
55.1616438356164	70.61736964057613	354
83.2534246575342	74.71487546785974	355
78.4397260273973	74.6468579470893	356
