y	y_hat	y_index
70.3369863013699	73.6460029598042	6
66.4616438356164	73.94122251656349	7
75.8643835616438	74.75158052841225	8
