y	y_hat	y_index
64.5616438356164	73.18860942810801	279
71.158904109589	75.00398959690565	280
77.0643835616438	72.4204885009581	281
