y	y_hat	y_index
77.8150684931507	71.80319586079105	378
75.5671232876712	71.93863196812904	379
82.0287671232877	76.07684645494392	380
