y	y_hat	y_index
64.3424657534247	72.74425276232466	672
70.9534246575342	75.49484830814711	673
72.6397260273973	70.77237517791384	674
