y	y_hat	y_index
73.4287671232877	71.4083977386864	243
67.4643835616438	72.59946712913481	244
75.3602739726027	69.66809048979339	245
