y	y_hat	y_index
76.4410958904109	78.67486155514469	282
66.9931506849315	73.29279948440251	283
79.5643835616438	75.68058606300096	284
