y	y_hat	y_index
56.4835616438356	72.65260695956923	15
79.4849315068493	72.63306733671203	16
73.6328767123288	73.45623706257022	17
