y	y_hat	y_index
62.1780821917808	73.43235623953387	318
58.9424657534247	70.32990001049913	319
65.5671232876712	72.70514263855853	320
