y	y_hat	y_index
71.4671232876712	73.35114822669885	588
78.1986301369863	79.34627315226216	589
62.5698630136986	70.10475783924639	590
