y	y_hat	y_index
69.4808219178082	77.6359634170447	609
83.6205479452055	79.67169703669026	610
75.1643835616438	73.74543034225907	611
