y	y_hat	y_index
79.8520547945206	77.51060285293482	66
90.2561643835616	72.03730095641312	67
71.058904109589	74.58731157192716	68
