y	y_hat	y_index
75.8780821917808	76.90350090271309	3
71.2671232876712	74.61282065870861	4
61.0808219178082	71.58984849023634	5
