y	y_hat	y_index
84.3616438356164	72.74367789684831	168
85.5369863013699	75.27983244469021	169
75.0671232876712	74.10605560136054	170
