y	y_hat	y_index
72.986301369863	74.01408007400431	309
72.7424657534247	71.78182835667907	310
61.9534246575342	72.44948088104184	311
