y	y_hat	y_index
70.9232876712329	70.94751247239374	174
61.7808219178082	68.55641750807521	175
74.0095890410959	78.59015194259557	176
