y	y_hat	y_index
66.6397260273973	68.11581170055804	432
76.1780821917808	72.12581228442814	433
68.9479452054795	69.88760004110435	434
