y	y_hat	y_index
70.1027397260274	74.67021712662275	716
87.0808219178082	83.6134548294522	717
