y	y_hat	y_index
61.2780821917808	71.74101146119004	714
87.6616438356164	76.48135714037547	715
