y	y_hat	y_index
59.6616438356164	67.04803112731176	345
87.6534246575342	73.92293091695008	346
70.5123287671233	70.63777210510258	347
