y	y_hat	y_index
83.9095890410959	77.33216469957574	108
77.3616438356164	72.49917908315359	109
79.1082191780822	69.74324250601123	110
