y	y_hat	y_index
79.3561643835616	71.1443972619471	399
73.9616438356164	73.72368449570799	400
75.3972602739726	75.2813000450115	401
