y	y_hat	y_index
75.1452054794521	72.408257503538	621
67.7561643835616	73.43382246388191	622
61.972602739726	72.52092964090711	623
