y	y_hat	y_index
72.1712328767123	79.89371961501587	393
73.1013698630137	72.23891121973249	394
75.7835616438356	73.87917178266599	395
