y	y_hat	y_index
70.8616438356164	71.64281745152866	330
84.7424657534247	78.44724222199429	331
62.7643835616438	72.35642275289418	332
