y	y_hat	y_index
75.4452054794521	73.25140834908959	120
65.2424657534247	72.32873185053207	121
78.686301369863	72.80339105025489	122
