y	y_hat	y_index
77.1260273972603	74.40155857220866	195
70.1260273972603	70.45899706130606	196
81.5424657534247	72.98653114146458	197
