y	y_hat	y_index
72.1260273972603	73.04039798788136	78
82.5109589041096	75.63315701363344	79
60.6205479452055	69.05318260790598	80
