y	y_hat	y_index
70.4698630136986	77.29942407360011	516
86.6369863013699	79.00822737818274	517
77.8835616438356	70.73392859089147	518
