y	y_hat	y_index
90.272602739726	77.31546770916168	666
66.4561643835616	71.77565805385767	667
71.5643835616438	75.54054493146005	668
