y	y_hat	y_index
73.6780821917808	73.21166733729885	255
72.5534246575342	72.85824656091718	256
72.3643835616438	72.17379303513795	257
