y	y_hat	y_index
73.9808219178082	71.08938980765768	96
84.0424657534247	73.23945979136577	97
75.572602739726	75.65413333608105	98
