y	y_hat	y_index
58.1808219178082	69.8957144702444	435
61.7849315068493	71.29631739629717	436
76.0561643835616	74.16564216446473	437
