y	y_hat	y_index
79.2232876712329	72.92949421636479	360
56.4287671232877	68.67432021517507	361
87.2835616438356	72.18931856224822	362
