y	y_hat	y_index
66.7369863013699	69.03025655358984	663
58.772602739726	73.35880620569907	664
63.0	78.23414099160755	665
