y	y_hat	y_index
69.9479452054795	73.17858352580684	162
75.9671232876712	76.04167392921966	163
81.4821917808219	74.84002499530634	164
