y	y_hat	y_index
62.7808219178082	72.55046623174681	234
81.3232876712329	73.67319638321906	235
76.0616438356164	74.62875765147396	236
