y	y_hat	y_index
79.5657534246575	72.24588230881774	372
75.2452054794521	69.06286841852818	373
80.9849315068493	71.63261141766961	374
