y	y_hat	y_index
74.7287671232877	73.22536915082996	594
55.8808219178082	74.31522579225332	595
68.1643835616438	69.40974137655509	596
