y	y_hat	y_index
75.8616438356164	72.64829949613016	165
70.7643835616438	68.75779377483266	166
73.372602739726	73.69595813224548	167
