y	y_hat	y_index
88.7369863013699	75.59869914850233	384
75.8534246575342	75.89414522665209	385
87.758904109589	72.61173032968308	386
