y	y_hat	y_index
83.0164383561644	74.05281482316457	426
72.8671232876712	74.25880441424366	427
74.9616438356164	73.8823113356723	428
