y	y_hat	y_index
77.9342465753425	77.25185820137301	687
66.4232876712329	70.50221371880741	688
80.6397260273973	74.47360708518953	689
