y	y_hat	y_index
68.5342465753425	75.5751257963245	306
78.1452054794521	70.17933368631186	307
69.458904109589	69.50315463822255	308
