y	y_hat	y_index
73.8643835616438	74.40108818710506	207
75.0397260273973	71.61041567294758	208
91.3068493150685	71.04954620884655	209
