y	y_hat	y_index
65.8616438356164	74.81937537649385	69
73.2753424657534	74.11921133811217	70
79.3780821917808	72.53254289558055	71
