y	y_hat	y_index
79.6849315068493	75.91188513092116	651
68.8616438356164	72.74503595990775	652
64.9712328767123	72.21801825163149	653
