y	y_hat	y_index
72.7013698630137	71.15758140567722	57
77.8342465753425	72.41307222360084	58
79.7643835616438	76.71409298110959	59
