y	y_hat	y_index
72.8643835616438	73.48359564187986	722
73.8041095890411	72.83849264259696	723
