y	y_hat	y_index
76.1753424657534	77.35406916817651	117
68.3068493150685	76.09914075084109	118
75.3452054794521	73.01013849699997	119
