y	y_hat	y_index
79.5808219178082	80.23378168995282	213
68.0506849315069	73.26192048322879	214
80.1835616438356	73.10859407303116	215
