y	y_hat	y_index
76.0424657534247	71.86485512890617	630
61.5917808219178	72.84614372824488	631
75.7424657534247	77.76278653835026	632
