y	y_hat	y_index
80.3013698630137	74.35194429826906	531
73.0534246575342	74.2336330501807	532
69.1986301369863	75.36834594284672	533
