y	y_hat	y_index
79.1986301369863	76.6973209740124	135
74.7835616438356	75.66491715078108	136
71.8890410958904	72.5513418440525	137
