y	y_hat	y_index
56.3027397260274	72.47320459698187	483
64.5808219178082	70.78091288578318	484
79.1671232876712	73.62928840449767	485
