y	y_hat	y_index
60.1671232876712	72.63795941901877	489
76.5342465753425	74.92953083751921	490
69.172602739726	72.19766088075096	491
