y	y_hat	y_index
73.2808219178082	70.31082847265212	468
76.3424657534247	76.46389271340847	469
77.7643835616438	72.84429723751671	470
