y	y_hat	y_index
66.4369863013699	72.53085283770656	712
65.5671232876712	71.4123628026739	713
