y	y_hat	y_index
75.8753424657534	72.79841125876476	708
71.0753424657534	69.75979499200534	709
