y	y_hat	y_index
70.4616438356164	71.18195783535393	645
88.4753424657534	71.57805119619739	646
78.0616438356164	69.61633340487066	647
