y	y_hat	y_index
71.4780821917808	75.78641446794613	525
65.6561643835616	72.88941762816546	526
71.9479452054795	77.76377247188103	527
