y	y_hat	y_index
76.3397260273973	77.77496614142504	543
83.2342465753425	74.30025994835279	544
64.7561643835616	70.96538250723277	545
