y	y_hat	y_index
74.8452054794521	75.0017355129382	27
57.6315068493151	72.67621613347119	28
71.5794520547945	74.2090092636018	29
