y	y_hat	y_index
55.8479452054794	70.42784622872959	510
77.0383561643836	77.64943864695282	511
72.3232876712329	73.12670909600527	512
