y	y_hat	y_index
68.2205479452055	72.96807374385929	726
70.8342465753425	71.2731755730952	727
