y	y_hat	y_index
70.1068493150685	71.90803300176626	24
85.2808219178082	76.22942241575635	25
77.3808219178082	72.2667135288072	26
