y	y_hat	y_index
74.1342465753425	73.98145976879931	420
74.4698630136986	74.50806193217834	421
78.1808219178082	75.12168390825853	422
