y	y_hat	y_index
76.6808219178082	73.60580324960087	363
86.5808219178082	72.40337290775777	364
77.4479452054795	74.17678423170558	365
