y	y_hat	y_index
71.4753424657534	72.95676085194094	600
74.6616438356164	75.04144340868956	601
76.0095890410959	73.50362483565954	602
