y	y_hat	y_index
69.4178082191781	78.82020441466427	618
65.9890410958904	72.79903410881005	619
83.1808219178082	76.24051887390836	620
