y	y_hat	y_index
63.6616438356164	71.3601624525139	462
73.0424657534247	75.63525188323098	463
63.5506849315069	71.69569244574492	464
