y	y_hat	y_index
67.6643835616438	73.55538244455647	231
78.3698630136986	72.39970915221708	232
71.958904109589	71.45921151615515	233
