y	y_hat	y_index
67.9041095890411	73.82669396824909	705
70.4397260273973	69.92296809046468	706
62.8479452054794	75.91149973290169	707
