y	y_hat	y_index
71.2506849315069	76.1105281539635	219
62.9616438356164	71.37813537137205	220
70.8780821917808	72.10914942395935	221
