y	y_hat	y_index
78.6	70.84035861458065	39
85.3780821917808	75.27578700962972	40
72.2452054794521	75.13171451297852	41
