y	y_hat	y_index
73.558904109589	70.17718967515603	369
65.086301369863	73.51811300381634	370
70.6671232876712	70.89447424404182	371
