y	y_hat	y_index
78.4671232876712	70.48019426310182	222
74.5424657534247	69.32500058166777	223
76.0369863013699	77.4376957269645	224
