y	y_hat	y_index
72.3616438356164	72.96004867492799	147
73.5780821917808	74.64001277388655	148
84.4452054794521	77.88666283770607	149
