y	y_hat	y_index
77.658904109589	74.37072974169979	132
75.7808219178082	74.20627391151223	133
77.5698630136986	72.71880640728071	134
