y	y_hat	y_index
59.4616438356164	69.04805659895878	624
70.8178082191781	72.11598970899738	625
67.7397260273973	72.13209884088629	626
