y	y_hat	y_index
54.2739726027397	72.8904623002725	522
74.8164383561644	70.03833723042216	523
61.9561643835616	69.03902082004774	524
