y	y_hat	y_index
78.5369863013699	71.78470627046225	642
67.9986301369863	70.78680378226478	643
56.272602739726	69.97376228197756	644
