y	y_hat	y_index
69.1876712328767	70.83569288072387	9
77.5616438356164	74.92850040725077	10
59.7616438356164	68.26769547003605	11
