y	y_hat	y_index
69.5534246575342	78.56559342175846	30
71.3808219178082	72.22330049672354	31
60.6616438356164	80.10684378523713	32
