y	y_hat	y_index
71.972602739726	72.68131833868021	555
69.9260273972603	73.89845936018853	556
84.5342465753425	78.79592137476239	557
