y	y_hat	y_index
89.0698630136986	71.01373637806128	570
77.2260273972603	73.27807958064521	571
79.5616438356164	79.00517757278871	572
