y	y_hat	y_index
79.5698630136986	72.42476131282793	441
77.7753424657534	72.14117987825178	442
72.4849315068493	73.00697404689835	443
