y	y_hat	y_index
81.0643835616438	73.47750726019459	21
79.0342465753425	73.36355120799006	22
71.7452054794521	74.12132448940311	23
