y	y_hat	y_index
77.9479452054795	72.7783904597118	405
67.3671232876712	70.20937975978336	406
65.5315068493151	69.80608550054828	407
