y	y_hat	y_index
83.3780821917808	69.63010897191714	138
60.6835616438356	73.10142627107344	139
84.7506849315069	72.05880646795256	140
