y	y_hat	y_index
67.9671232876712	74.55989858291173	48
84.1506849315069	73.23859489535653	49
67.5671232876712	70.89433649049694	50
