y	y_hat	y_index
64.2	70.13520216717774	549
87.6397260273973	75.30024591205513	550
74.5684931506849	71.98154650742313	551
