y	y_hat	y_index
82.3698630136986	78.14070527171303	294
84.4671232876712	71.15118767461382	295
75.7643835616438	73.78438684743614	296
