y	y_hat	y_index
77.9424657534247	77.29873122322503	264
75.3808219178082	74.93179320871776	265
67.6109589041096	73.70517908557382	266
