y	y_hat	y_index
76.1780821917808	69.71593353623126	240
80.1794520547945	71.3581164713057	241
73.6506849315069	70.13113437728285	242
