y	y_hat	y_index
80.2794520547945	71.90382897551463	396
77.6616438356164	68.97696459038377	397
61.0	71.02258473884264	398
