y	y_hat	y_index
71.2369863013699	72.35236736379566	324
63.8479452054794	70.22593870890692	325
79.6890410958904	74.20597103671996	326
