y	y_hat	y_index
71.1260273972603	75.29139788561166	591
74.3780821917808	73.78938004280033	592
80.1958904109589	72.15962747798852	593
