y	y_hat	y_index
85.5397260273973	75.88857356779445	249
74.372602739726	73.47050930223695	250
67.4616438356164	71.21641225835285	251
