y	y_hat	y_index
71.258904109589	75.52489056201544	612
57.6616438356164	72.67875545456893	613
72.7671232876712	76.99693655795028	614
