y	y_hat	y_index
74.4616438356164	72.12714274286239	111
69.0452054794521	74.09716169912534	112
77.5369863013699	77.06052915209781	113
