y	y_hat	y_index
65.6616438356164	71.13196882683332	447
54.9205479452055	68.86552774753683	448
81.3506849315069	76.86158464607632	449
