y	y_hat	y_index
62.2616438356164	70.10100475964522	375
82.627397260274	75.22219682382217	376
78.9479452054795	73.38637607944418	377
