y	y_hat	y_index
61.8561643835616	72.07562223182305	252
69.7780821917808	70.55722565333049	253
75.8479452054795	72.78162625838692	254
