y	y_hat	y_index
75.2835616438356	72.11771033481038	84
75.2424657534247	68.98722186812225	85
74.1780821917808	72.19786646258112	86
