y	y_hat	y_index
63.4369863013699	73.92258386573516	480
68.7287671232877	77.01080117483644	481
81.4616438356164	74.21085946086069	482
