y	y_hat	y_index
88.2643835616438	76.51112023660576	606
73.7821917808219	73.9331375135865	607
82.4534246575342	70.8613328665149	608
