y	y_hat	y_index
65.4931506849315	75.77203807355767	228
73.3301369863014	71.13208296392213	229
68.2506849315069	72.73511661420635	230
