y	y_hat	y_index
82.2808219178082	70.98428518880257	597
81.1958904109589	72.89657953726767	598
61.0643835616438	70.83472699185958	599
