y	y_hat	y_index
71.6835616438356	70.73132546682673	156
77.872602739726	78.56374398809187	157
70.7671232876712	70.2621738669177	158
