mae_mean	mae_single
5.964140241707456	5.964272268818486
