mae_mean	mae_single
5.1194105152691884	5.120755842910305
