mae_mean	mae_single
5.339514403677792	5.219442349417609
