mae_mean	mae_single
5.232432370465334	5.240828210396673
