mae_mean	mae_single
5.210364687483535	5.381936280733351
