mae_mean	mae_single
5.804766801950342	5.799359977725882
