mae_mean	mae_single
6.043527908904053	6.35822810656501
