mae_mean	mae_single
5.395213965040956	5.403456987649364
