mae_mean	mae_single
5.070432921453257	4.985826198710941
