mae_mean	mae_single
5.324807648661607	5.357627004434156
