mae_mean	mae_single
5.921944800224618	5.941131073997583
