mae_mean	mae_single
5.60359702845802	5.481274374786903
