mae_mean	mae_single
6.175690996696198	6.579963803454049
