mae_mean	mae_single
4.46504041215812	4.522945153872109
