mae_mean	mae_single
4.94851339050812	4.7886025217182
