mae_mean	mae_single
4.277617159555723	4.27585264838452
