mae_mean	mae_single
5.801912850227799	5.857121477063717
