mae_mean	mae_single
5.344110018158353	6.069096271465979
