mae_mean	mae_single
5.020123863208838	4.966490726016562
