mae_mean	mae_single
4.7221111281714006	4.720400944477877
