mae_mean	mae_single
4.065230355553533	4.204410554107152
