mae_mean	mae_single
6.125642690937419	6.113517747817604
