mae_mean	mae_single
5.981595428098425	6.462097731255185
