mae_mean	mae_single
6.212169188856737	6.199250356584192
