mae_mean	mae_single
5.207625626647985	5.127331187238379
