mae_mean	mae_single
4.730994787037529	4.709745538949728
