mae_mean	mae_single
5.1029539775957735	5.196468523699378
