mae_mean	mae_single
5.261037702131472	5.278920100041418
