mae_mean	mae_single
5.907843481194929	5.850609665729253
