mae_mean	mae_single
5.289118645338312	5.343002973969842
