mae_mean	mae_single
5.848478332884278	5.837863372326343
