mae_mean	mae_single
4.797469304306128	4.837025379889181
