mae_mean	mae_single
5.513220409625752	5.509206984484528
