mae_mean	mae_single
4.537704026187266	4.6104081458568915
