mae_mean	mae_single
4.255747914403665	4.2494080608218745
