mae_mean	mae_single
5.0365663506151295	5.063936288197841
