mae_mean	mae_single
4.292147882555652	4.361385417095574
