mae_mean	mae_single
5.378418685584572	5.405224769496591
