mae_mean	mae_single
5.492075771997025	5.525156580657564
