mae_mean	mae_single
4.632018518236126	4.659713483357932
