mae_mean	mae_single
5.36917250483423	5.365511964377588
