mae_mean	mae_single
5.190008596139889	5.35555576400419
