mae_mean	mae_single
5.219168479140161	5.216441632335349
