mae_mean	mae_single
5.125564227354259	5.125564227354259
