mae_mean	mae_single
5.009024904823019	4.85983723395904
