mae_mean	mae_single
5.511916357139971	5.425448736148873
