mae_mean	mae_single
4.5539055849752685	4.528704824155019
