mae_mean	mae_single
5.340476845589335	5.28694254223482
