mae_mean	mae_single
6.322181079390914	6.341156915530997
