mae_mean	mae_single
5.354489400258335	5.502323068437695
