mae_mean	mae_single
4.273713467813596	4.26513514836659
