mae_mean	mae_single
4.780604104149516	4.788014258533838
