mae_mean	mae_single
5.5394824936869655	5.260927783004266
