mae_mean	mae_single
5.519732841881235	5.310819113781658
