mae_mean	mae_single
5.9701980719993815	5.954428896324655
