mae_mean	mae_single
5.931315566596231	5.937654653933123
