mae_mean	mae_single
6.112636026950947	6.131952194818718
