mae_mean	mae_single
4.536959502213931	4.688539296180619
