mae_mean	mae_single
5.629056837472785	5.62950974084845
