mae_mean	mae_single
5.756155690598853	5.80065478344857
