mae_mean	mae_single
4.843491539178463	4.852722159410164
