mae_mean	mae_single
5.377064452477171	5.772216615130037
