mae_mean	mae_single
5.622815991485563	5.629614918527019
