mae_mean	mae_single
6.062554098480617	6.084405365794302
