mae_mean	mae_single
5.611588952631363	5.610319310713855
