mae_mean	mae_single
5.421712911958665	5.2586675755445444
