mae_mean	mae_single
5.332319196291173	5.335536402035888
