mae_mean	mae_single
5.462476965903735	5.656012714118688
