mae_mean	mae_single
5.195144522908198	5.18360373828088
