mae_mean	mae_single
4.825426820349927	4.883535279134377
