mae_mean	mae_single
5.433420809369567	5.436715895785982
