mae_mean	mae_single
4.8256024007366385	4.8282272410408815
