mae_mean	mae_single
5.403653454346319	5.5217336122867176
