mae_mean	mae_single
5.076633981060109	5.514975049172202
