mae_mean	mae_single
5.555894475890616	5.5667235731184395
