mae_mean	mae_single
5.803446762696699	5.713749818869789
