mae_mean	mae_single
5.221906319362218	5.2165512194756465
