mae_mean	mae_single
4.229324220312361	4.391650436902803
