mae_mean	mae_single
4.733053281424742	4.733053281424742
