mae_mean	mae_single
4.724907105089732	4.724907105089732
