mae_mean	mae_single
4.94293748467605	4.92423725767884
