mae_mean	mae_single
5.4384354544503095	5.436067365505546
