mae_mean	mae_single
4.841870219226931	5.1006843879580614
