mae_mean	mae_single
4.971730731033115	5.012023927238133
