mae_mean	mae_single
6.06356104758704	6.040084554013977
