mae_mean	mae_single
5.126382016712094	4.9412392624251495
