y	y_hat	y_index
66.8643835616438	73.55236121082653	126
75.458904109589	73.5578013692304	127
79.2753424657534	73.55699932464087	128
