y	y_hat	y_index
86.3630136986301	73.56452778449244	51
82.672602739726	73.56053517652838	52
71.6808219178082	73.55657335143115	53
