y	y_hat	y_index
71.9671232876712	73.6568989443067	81
69.7095890410959	73.65520310667068	82
69.2260273972603	73.64832136444306	83
