y	y_hat	y_index
70.1068493150685	73.56103726774876	24
85.2808219178082	73.56047049585122	25
77.3808219178082	73.56065405901938	26
