y	y_hat	y_index
64.2	73.55787599342821	549
87.6397260273973	73.56319570261593	550
74.5684931506849	73.55604096330688	551
