y	y_hat	y_index
70.1808219178082	73.65655127608287	675
64.9561643835616	73.65484773547084	676
67.3671232876712	73.64947900502736	677
