y	y_hat	y_index
83.0164383561644	73.56028929082274	426
72.8671232876712	73.55150185876568	427
74.9616438356164	73.56267109103612	428
