y	y_hat	y_index
85.4698630136986	73.54986304194601	724
78.7397260273973	73.55136990794689	725
