y	y_hat	y_index
78.2671232876712	73.54526982199724	459
84.3452054794521	73.54599495924573	460
81.8397260273973	73.54377538634607	461
