y	y_hat	y_index
74.9643835616438	73.53946456471625	696
73.8616438356164	73.54533206297388	697
75.1808219178082	73.53906010278023	698
