y	y_hat	y_index
84.2205479452055	73.55796943243794	210
72.3534246575342	73.56019644052988	211
79.672602739726	73.5602511872463	212
