y	y_hat	y_index
61.2698630136986	73.61318730261092	141
74.2808219178082	73.61885883407345	142
62.8753424657534	73.60855541723588	143
