y	y_hat	y_index
70.3246575342466	73.55563858797848	342
79.1698630136986	73.55202437688374	343
78.8383561643836	73.55817069441339	344
