y	y_hat	y_index
84.5356164383562	73.61298254413762	18
69.3849315068493	73.61281352805236	19
71.1561643835616	73.61263815948361	20
