y	y_hat	y_index
79.3561643835616	73.540218908254	399
73.9616438356164	73.53921043693177	400
75.3972602739726	73.54943698180332	401
