y	y_hat	y_index
72.1630136986301	73.6123977786988	615
83.8506849315069	73.61846416210108	616
72.4424657534247	73.61617749260148	617
