y	y_hat	y_index
73.958904109589	73.55496549128831	486
83.258904109589	73.5596035263478	487
68.2780821917808	73.5531901371501	488
