y	y_hat	y_index
68.3904109589041	73.61415451592754	633
63.8479452054794	73.61126832311265	634
76.186301369863	73.61373426140084	635
