y	y_hat	y_index
63.6616438356164	73.64900792322531	462
73.0424657534247	73.65451548403767	463
63.5506849315069	73.65289737156357	464
