y	y_hat	y_index
56.4835616438356	73.56986687088839	15
79.4849315068493	73.56986412644065	16
73.6328767123288	73.56985969010915	17
