y	y_hat	y_index
71.972602739726	73.61525083799167	555
69.9260273972603	73.60964036498629	556
84.5342465753425	73.61944552598256	557
