y	y_hat	y_index
61.0424657534247	73.61147028601872	444
68.058904109589	73.61675278012717	445
74.9260273972603	73.61363701491092	446
