y	y_hat	y_index
55.8479452054794	73.61346007989334	510
77.0383561643836	73.61784428180351	511
72.3232876712329	73.61214611813182	512
