y	y_hat	y_index
78.5369863013699	73.61742326316923	642
67.9986301369863	73.61066868799657	643
56.272602739726	73.60954950425679	644
