y	y_hat	y_index
71.2369863013699	73.61580996224096	324
63.8479452054794	73.61783744857529	325
79.6890410958904	73.61776871283507	326
