y	y_hat	y_index
76.8506849315069	73.56465579480758	699
77.1630136986301	73.55735236996948	700
70.4534246575342	73.55751390059022	701
