y	y_hat	y_index
76.1753424657534	73.55742816550492	117
68.3068493150685	73.55588652846308	118
75.3452054794521	73.55407636318239	119
