y	y_hat	y_index
81.8821917808219	73.56085102221971	636
63.9753424657534	73.55509621186583	637
76.5616438356164	73.55227641356579	638
