y	y_hat	y_index
73.5479452054795	73.56842229920107	564
87.5506849315069	73.5774013486456	565
72.8506849315069	73.567873109209	566
