y	y_hat	y_index
65.2561643835616	73.55213319180706	456
75.6808219178082	73.55224966660192	457
74.9835616438356	73.55643422395991	458
