y	y_hat	y_index
69.6178082191781	73.61280669916417	558
82.9027397260274	73.61393203115699	559
72.3260273972603	73.61875119096807	560
