y	y_hat	y_index
57.7369863013699	73.60874278744522	678
72.0013698630137	73.61501501598515	679
75.572602739726	73.61413989042885	680
