y	y_hat	y_index
74.0315068493151	73.55590126863822	408
76.5150684931507	73.55608014947248	409
65.0561643835616	73.55214476938514	410
