y	y_hat	y_index
77.9342465753425	73.55489696058444	687
66.4232876712329	73.55186685385496	688
80.6397260273973	73.55627964146595	689
