y	y_hat	y_index
66.7369863013699	73.65870629613934	663
58.772602739726	73.65700564232021	664
63.0	73.65776791125482	665
