y	y_hat	y_index
66.3630136986301	73.65426873407607	267
68.9452054794521	73.65032339112688	268
58.2931506849315	73.65383987857176	269
