y	y_hat	y_index
78.0616438356164	73.5561656362839	417
69.9986301369863	73.55616743825118	418
80.2712328767123	73.55616178750532	419
