y	y_hat	y_index
75.758904109589	73.56191286579855	327
61.7671232876712	73.55316958158161	328
80.8534246575342	73.56087710467895	329
