y	y_hat	y_index
88.7369863013699	73.54613591420119	384
75.8534246575342	73.54105466886296	385
87.758904109589	73.54655516954426	386
