y	y_hat	y_index
84.3616438356164	73.54195913464604	168
85.5369863013699	73.5424533988184	169
75.0671232876712	73.54848503627096	170
