y	y_hat	y_index
65.8205479452055	73.60761742004759	498
80.8698630136986	73.619828189419	499
70.5616438356164	73.60987393462311	500
