y	y_hat	y_index
69.4178082191781	73.61562552473491	618
65.9890410958904	73.61433245177416	619
83.1808219178082	73.61998213407868	620
