y	y_hat	y_index
84.2698630136986	73.5610450078674	129
71.172602739726	73.55910735755354	130
82.9561643835616	73.55650534732396	131
