y	y_hat	y_index
68.872602739726	73.61562826763569	270
78.2671232876712	73.61579383532634	271
71.158904109589	73.61744848335879	272
