y	y_hat	y_index
55.1616438356164	73.55314750006823	354
83.2534246575342	73.56087440346903	355
78.4397260273973	73.55453385140868	356
