y	y_hat	y_index
77.9849315068493	73.61648418859339	414
70.7671232876712	73.61171203115677	415
71.4780821917808	73.6139334944832	416
