y	y_hat	y_index
60.0232876712329	73.61236288811932	366
81.7013698630137	73.62074120982356	367
71.0506849315069	73.61796137936003	368
