y	y_hat	y_index
81.0643835616438	73.5575503301582	21
79.0342465753425	73.55784629022567	22
71.7452054794521	73.5566074335724	23
