y	y_hat	y_index
69.3534246575342	73.61974571377618	315
81.0150684931507	73.61412843162118	316
60.6232876712329	73.61382313822745	317
