y	y_hat	y_index
62.1780821917808	73.65136300811889	318
58.9424657534247	73.64861544226258	319
65.5671232876712	73.65394712305697	320
