y	y_hat	y_index
66.4369863013699	73.6465535230211	712
65.5671232876712	73.64805310552207	713
