y	y_hat	y_index
73.5849315068493	73.64834854989132	297
63.0780821917808	73.64270213518719	298
61.8246575342466	73.64983482778595	299
