y	y_hat	y_index
69.9835616438356	73.65940553201375	0
72.5561643835616	73.65364976221923	1
71.3616438356164	73.65231647885798	2
