y	y_hat	y_index
88.2643835616438	73.53732157604227	606
73.7821917808219	73.53906919462212	607
82.4534246575342	73.53827136948482	608
