y	y_hat	y_index
89.5835616438356	73.62299728234203	63
67.7328767123288	73.61185292187893	64
61.5369863013699	73.61528611086793	65
