y	y_hat	y_index
74.6013698630137	73.54243317597435	333
76.2835616438356	73.5346950909917	334
73.958904109589	73.54143910800744	335
