y	y_hat	y_index
73.8342465753425	73.56003368301198	321
74.3890410958904	73.55618931917711	322
70.8041095890411	73.55705026168623	323
