y	y_hat	y_index
76.7452054794521	73.54748386474579	734
79.7643835616438	73.55600029994734	735
