y	y_hat	y_index
79.5698630136986	73.55194706675923	441
77.7753424657534	73.5561009413155	442
72.4849315068493	73.56289788442217	443
