y	y_hat	y_index
76.3424657534247	73.53797127739556	702
74.7041095890411	73.53962348762204	703
80.4616438356164	73.54008593976988	704
