y	y_hat	y_index
75.1452054794521	73.5402989125777	423
75.6369863013699	73.54262120651211	424
74.7534246575342	73.54159799795454	425
