y	y_hat	y_index
81.8835616438356	73.57889498817242	501
73.558904109589	73.57218869116379	502
63.3452054794521	73.56596175862855	503
