y	y_hat	y_index
70.9232876712329	73.61393187274948	174
61.7808219178082	73.61125786280675	175
74.0095890410959	73.6138676683324	176
