y	y_hat	y_index
75.7315068493151	73.61226415204553	573
63.8178082191781	73.61333017582298	574
70.572602739726	73.62014182614921	575
