y	y_hat	y_index
80.9534246575342	73.5574085945691	561
79.9452054794521	73.56170892901342	562
72.3808219178082	73.55640925436064	563
