y	y_hat	y_index
78.1698630136986	73.5456989844914	690
79.0479452054795	73.54066934191803	691
77.3452054794521	73.54269667676583	692
