y	y_hat	y_index
75.2835616438356	73.5374211623635	84
75.2424657534247	73.53835559894462	85
74.1780821917808	73.54104623126513	86
