y	y_hat	y_index
85.458904109589	73.55325592382734	579
65.3698630136986	73.55268111305918	580
78.5808219178082	73.5634815959982	581
