y	y_hat	y_index
69.2013698630137	73.6532177373819	648
72.2397260273973	73.6535022357836	649
70.4753424657534	73.65331042311784	650
