y	y_hat	y_index
83.9095890410959	73.54693213415422	108
77.3616438356164	73.53665756034825	109
79.1082191780822	73.53962987540466	110
