y	y_hat	y_index
83.1506849315069	73.61716449132226	546
71.7506849315069	73.61088455855875	547
71.5260273972603	73.61270478163098	548
