y	y_hat	y_index
75.8890410958904	73.54192965294621	33
85.7260273972603	73.53807518194978	34
75.7424657534247	73.54310404988306	35
