y	y_hat	y_index
70.4616438356164	73.55585297162605	645
88.4753424657534	73.55377122547476	646
78.0616438356164	73.55500457877946	647
