y	y_hat	y_index
70.1616438356164	73.6093695259457	669
81.0835616438356	73.61902912874868	670
59.1671232876712	73.6107111758317	671
