y	y_hat	y_index
86.4643835616438	73.55336947347088	201
69.7808219178082	73.55405362507094	202
75.7835616438356	73.55477399568369	203
