y	y_hat	y_index
71.9643835616438	73.61481959915136	585
71.3479452054795	73.61608705879777	586
83.0616438356164	73.61636227078814	587
