y	y_hat	y_index
70.8616438356164	73.61542138037186	330
84.7424657534247	73.61780749841597	331
62.7643835616438	73.6090501513652	332
