y	y_hat	y_index
64.7698630136986	73.61197926888973	45
77.7643835616438	73.617894786474	46
60.7616438356164	73.61667683189432	47
