y	y_hat	y_index
84.1397260273973	73.542110989731	552
75.3260273972603	73.54180083182771	553
78.4013698630137	73.54116447482838	554
