y	y_hat	y_index
65.8616438356164	73.61935555943366	69
73.2753424657534	73.62071557842546	70
79.3780821917808	73.61417592711982	71
