y	y_hat	y_index
86.3917808219178	73.56065367187175	654
72.5780821917808	73.55168121923958	655
78.9753424657534	73.55682720392298	656
