y	y_hat	y_index
83.1890410958904	73.61715872532316	495
59.6452054794521	73.61487243233417	496
70.7876712328767	73.6147089569605	497
