y	y_hat	y_index
73.9808219178082	73.54086327701627	96
84.0424657534247	73.54403281605245	97
75.572602739726	73.54139443596453	98
