y	y_hat	y_index
79.6849315068493	73.61724115510368	651
68.8616438356164	73.62251714189888	652
64.9712328767123	73.61173269509975	653
