y	y_hat	y_index
63.9821917808219	73.61868398269287	87
78.2808219178082	73.61821261578481	88
65.772602739726	73.62053352805708	89
