y	y_hat	y_index
71.258904109589	73.65546385337986	612
57.6616438356164	73.65069200021034	613
72.7671232876712	73.65482946882142	614
