y	y_hat	y_index
67.3013698630137	73.6178911663013	186
73.9671232876712	73.61394572909703	187
69.6671232876712	73.61894212403777	188
