y	y_hat	y_index
62.1205479452055	73.61244088674192	411
68.9890410958904	73.61858482473347	412
77.9397260273973	73.6131300790774	413
