y	y_hat	y_index
76.0424657534247	73.55925147764918	630
61.5917808219178	73.55560235733701	631
75.7424657534247	73.56192658377849	632
