y	y_hat	y_index
76.4410958904109	73.55675788106642	282
66.9931506849315	73.5533124023611	283
79.5643835616438	73.55597830283259	284
