y	y_hat	y_index
78.3452054794521	73.55952915295494	303
63.5232876712329	73.55504367156028	304
79.3643835616438	73.55163593022347	305
