y	y_hat	y_index
71.2506849315069	73.65266960170808	219
62.9616438356164	73.65100483910835	220
70.8780821917808	73.65186001983844	221
