y	y_hat	y_index
75.5616438356164	73.54127035279865	387
79.1671232876712	73.53662997779956	388
79.2534246575342	73.53687730993214	389
