y	y_hat	y_index
69.9479452054795	73.5570825097362	162
75.9671232876712	73.5640553930452	163
81.4821917808219	73.55502388194394	164
