y	y_hat	y_index
75.8616438356164	73.61334542504166	165
70.7643835616438	73.61147900001485	166
73.372602739726	73.6189542050091	167
