y	y_hat	y_index
75.8260273972603	73.56077993272663	237
75.1342465753425	73.55503284637574	238
66.7178082191781	73.5574243468608	239
