y	y_hat	y_index
67.0835616438356	73.60943215113306	114
80.8643835616438	73.6133176713933	115
56.9643835616438	73.61009037208632	116
