y	y_hat	y_index
78.6	73.55976315519477	39
85.3780821917808	73.55643872360734	40
72.2452054794521	73.55327206249011	41
