y	y_hat	y_index
64.9753424657534	73.61200172481837	12
74.3616438356164	73.61859742947462	13
64.4315068493151	73.6159772592911	14
