y	y_hat	y_index
73.7452054794521	73.55442798726726	450
69.6534246575342	73.55339979021434	451
77.1232876712329	73.55062365483364	452
