y	y_hat	y_index
80.8671232876712	73.55114626224828	192
72.1698630136986	73.55823493449282	193
77.9698630136986	73.55571555671104	194
