y	y_hat	y_index
65.658904109589	73.64974692421922	504
65.0328767123288	73.64862624540775	505
67.5315068493151	73.65188305615342	506
