y	y_hat	y_index
89.2780821917808	73.54279070001348	438
77.0643835616438	73.54031105607226	439
77.1397260273973	73.54432721275897	440
