y	y_hat	y_index
67.7616438356164	73.6100646252102	492
79.2890410958904	73.61445330374188	493
69.8643835616438	73.61779083502626	494
