y	y_hat	y_index
57.0643835616438	73.55536010980242	582
87.2232876712329	73.5547438735852	583
82.7671232876712	73.56177790002755	584
