y	y_hat	y_index
88.5698630136986	73.54440027451447	261
76.8657534246575	73.54549965109298	262
87.7698630136986	73.54253709076008	263
