y	y_hat	y_index
77.758904109589	73.54053228152864	381
77.1369863013699	73.53731998236637	382
89.5616438356164	73.54008624227306	383
