y	y_hat	y_index
73.8643835616438	73.53998235625698	207
75.0397260273973	73.54487594641711	208
91.3068493150685	73.54529359569148	209
