y	y_hat	y_index
85.5397260273973	73.56011112496735	249
74.372602739726	73.55650558422164	250
67.4616438356164	73.55409074633694	251
