y	y_hat	y_index
67.9342465753425	73.55907912554729	693
78.5287671232877	73.55701933824089	694
88.3315068493151	73.55681181258099	695
