y	y_hat	y_index
83.9643835616438	73.55884502523375	312
84.8671232876712	73.55568532268681	313
70.9643835616438	73.55321859267208	314
