y	y_hat	y_index
72.8506849315069	73.65243819095339	660
57.1780821917808	73.6494499066655	661
63.4232876712329	73.65494606622188	662
