y	y_hat	y_index
77.9479452054795	73.61376826253075	405
67.3671232876712	73.61310177736144	406
65.5315068493151	73.61641071946133	407
