y	y_hat	y_index
70.4219178082192	73.65081237152394	603
65.9424657534247	73.65043436577449	604
68.1698630136986	73.64786324620135	605
