y	y_hat	y_index
76.3561643835616	73.55660778723268	537
69.1780821917808	73.55219161223516	538
82.6424657534247	73.55551460312996	539
