y	y_hat	y_index
73.258904109589	73.55277835557018	339
84.1643835616438	73.55467754862327	340
84.4616438356164	73.55672569463835	341
