y	y_hat	y_index
71.3835616438356	73.61326578006468	429
78.072602739726	73.615947616924	430
70.8835616438356	73.61775608977713	431
