y	y_hat	y_index
80.3013698630137	73.61872845504999	531
73.0534246575342	73.62110404154456	532
69.1986301369863	73.61144791682582	533
