y	y_hat	y_index
74.8452054794521	73.61640636593678	27
57.6315068493151	73.61177733197087	28
71.5794520547945	73.61315908408456	29
