y	y_hat	y_index
67.6643835616438	73.61553339824229	231
78.3698630136986	73.61008218472547	232
71.958904109589	73.61538793031235	233
