y	y_hat	y_index
54.2739726027397	73.61407014861756	522
74.8164383561644	73.61449998762005	523
61.9561643835616	73.61949181262456	524
