y	y_hat	y_index
82.3698630136986	73.54414148587558	294
84.4671232876712	73.54010698754644	295
75.7643835616438	73.5367560328192	296
