y	y_hat	y_index
72.772602739726	73.61631127254897	285
77.4232876712329	73.61465864961453	286
54.9671232876712	73.61831892302895	287
