y	y_hat	y_index
73.6616438356164	73.54343808299157	336
73.6465753424658	73.54397450503266	337
75.0671232876712	73.53980426298037	338
