y	y_hat	y_index
61.2780821917808	73.56874416532072	714
87.6616438356164	73.58223527838842	715
