y	y_hat	y_index
67.9479452054795	73.6111900443793	42
70.086301369863	73.61317479292374	43
82.17005428820563	73.6221969176611	44
