y	y_hat	y_index
71.4780821917808	73.65253612541467	525
65.6561643835616	73.65065740033972	526
71.9479452054795	73.65615506623725	527
