y	y_hat	y_index
77.1260273972603	73.55536045041652	195
70.1260273972603	73.55266704688052	196
81.5424657534247	73.55792522253323	197
