y	y_hat	y_index
70.472602739726	73.55818981201959	471
76.4232876712329	73.5551228762187	472
85.1547945205479	73.55864976575133	473
