y	y_hat	y_index
67.9041095890411	73.64776830562873	705
70.4397260273973	73.65279763894996	706
62.8479452054794	73.65468073901457	707
