y	y_hat	y_index
79.5232876712329	73.61926629458713	477
71.7657534246575	73.60884334728114	478
60.718372666497935	73.6130623903365	479
