y	y_hat	y_index
68.0479452054795	73.61649341889782	75
81.6397260273973	73.61562519302537	76
68.2753424657534	73.61668424924214	77
