y	y_hat	y_index
75.4452054794521	73.55508564245496	120
65.2424657534247	73.55890426046294	121
78.686301369863	73.55475139648854	122
