y	y_hat	y_index
73.8917808219178	73.53972472538985	351
76.6506849315069	73.53972780998247	352
81.2698630136986	73.53973118479529	353
