y	y_hat	y_index
79.2452054794521	73.54847240696918	720
81.8671232876712	73.55303511302517	721
