y	y_hat	y_index
70.1534246575342	73.57025797527942	710
78.7479452054795	73.57374171587836	711
