y	y_hat	y_index
60.672602739726	73.6134808605085	576
75.5	73.61638445653719	577
57.6835616438356	73.6121785845539	578
