y	y_hat	y_index
76.1506849315069	73.5577382210346	540
64.5643835616438	73.55545265993013	541
87.1643835616438	73.56460556755837	542
