y	y_hat	y_index
74.4808219178082	73.54239774547008	144
82.1643835616438	73.5421428253879	145
82.6643835616438	73.54143672416852	146
