y	y_hat	y_index
64.3424657534247	73.64984657754547	672
70.9534246575342	73.65644386026892	673
72.6397260273973	73.65070299708674	674
