y	y_hat	y_index
72.2068493150685	73.64951145720623	718
72.7780821917808	73.64636592146137	719
