y	y_hat	y_index
88.2561643835616	73.56128573710035	99
72.158904109589	73.55030527513881	100
75.7808219178082	73.55505345911067	101
