y	y_hat	y_index
69.0561643835616	73.65400510147767	216
59.4041095890411	73.65064582013028	217
73.4232876712329	73.65612260922273	218
