y	y_hat	y_index
69.4808219178082	73.60993810992868	453
80.072602739726	73.61223615478652	454
61.686301369863	73.61269151826671	455
