y	y_hat	y_index
69.1876712328767	73.6148088568653	9
77.5616438356164	73.6191405271316	10
59.7616438356164	73.61266548931852	11
