y	y_hat	y_index
76.1780821917808	73.53789967683365	240
80.1794520547945	73.54199324483578	241
73.6506849315069	73.54079174011332	242
