y	y_hat	y_index
77.658904109589	73.54117929730344	132
75.7808219178082	73.54292129317889	133
77.5698630136986	73.54002253286896	134
