y	y_hat	y_index
73.1616438356164	73.61248643714917	567
56.3643835616438	73.6130784435414	568
74.6534246575342	73.61458199489331	569
