y	y_hat	y_index
55.8671232876712	73.61471894034767	657
84.5506849315069	73.61537197938945	658
62.3821917808219	73.61053913587891	659
