y	y_hat	y_index
61.0178082191781	73.55229652467808	507
78.4780821917808	73.55939462188515	508
77.2479452054795	73.55831961575737	509
