y	y_hat	y_index
80.8287671232877	73.54834020507745	102
75.1794520547945	73.54246807720955	103
80.1808219178082	73.53889656928547	104
