y	y_hat	y_index
61.8561643835616	73.61764803333845	252
69.7780821917808	73.6139010795291	253
75.8479452054795	73.6127038882557	254
