y	y_hat	y_index
75.1452054794521	73.61663883899722	621
67.7561643835616	73.61805568836695	622
61.972602739726	73.61438995973586	623
