y	y_hat	y_index
76.3123287671233	73.55246785885839	639
82.2054794520548	73.55721908484766	640
70.2630136986301	73.55677814842974	641
