y	y_hat	y_index
64.4452054794521	73.65215311170172	153
72.4493150684931	73.65361970220397	154
67.958904109589	73.65088895424859	155
