y	y_hat	y_index
66.4260273972603	73.65194089092722	60
63.7506849315068	73.65074992068052	61
62.258904109589	73.65191714932575	62
