y	y_hat	y_index
80.3753424657534	73.54421263825445	258
74.3452054794521	73.54568341604505	259
75.058904109589	73.53704942391393	260
