y	y_hat	y_index
68.5342465753425	73.6192944817028	306
78.1452054794521	73.61660517275642	307
69.458904109589	73.61858780632087	308
