y	y_hat	y_index
77.9424657534247	73.56247176250271	264
75.3808219178082	73.55988504994139	265
67.6109589041096	73.55598966246531	266
