y	y_hat	y_index
72.986301369863	73.65594618722038	309
72.7424657534247	73.65239840597278	310
61.9534246575342	73.64963640899744	311
