y	y_hat	y_index
79.1986301369863	73.55785418756554	135
74.7835616438356	73.56016958008529	136
71.8890410958904	73.55333695715764	137
