y	y_hat	y_index
73.9561643835616	73.54201704443243	728
79.9397260273973	73.54707257910175	729
