y	y_hat	y_index
61.8616438356164	73.61623310368252	474
68.1561643835616	73.61578125180299	475
76.2698630136986	73.61834754546545	476
