y	y_hat	y_index
78.986301369863	73.55816006791835	105
72.2095890410959	73.55726022595496	106
78.9657534246575	73.55698709345073	107
