y	y_hat	y_index
63.0808219178082	73.65184000554785	54
61.558904109589	73.64908871287717	55
61.9958904109589	73.65128159445214	56
