y	y_hat	y_index
82.2808219178082	73.55795063180923	597
81.1958904109589	73.55913142542035	598
61.0643835616438	73.55497130888801	599
