y	y_hat	y_index
58.1808219178082	73.61288430276461	435
61.7849315068493	73.61614662213175	436
76.0561643835616	73.61386648576598	437
