y	y_hat	y_index
81.7643835616438	73.56059463876248	291
88.9342465753425	73.55831087756016	292
68.7479452054795	73.5547612307234	293
