y	y_hat	y_index
71.4753424657534	73.55103181193041	600
74.6616438356164	73.55837452471891	601
76.0095890410959	73.5575069930612	602
