y	y_hat	y_index
72.3616438356164	73.57332913909879	147
73.5780821917808	73.57086907468185	148
84.4452054794521	73.57473948594719	149
