y	y_hat	y_index
90.272602739726	73.61641509682897	666
66.4561643835616	73.60734598984934	667
71.5643835616438	73.62007034719896	668
