y	y_hat	y_index
65.6616438356164	73.60954413338959	447
54.9205479452055	73.61671777572438	448
81.3506849315069	73.61321823692798	449
