y	y_hat	y_index
71.8698630136986	73.61395690549395	204
62.7616438356164	73.60900594188806	205
85.8753424657534	73.61911489941726	206
