y	y_hat	y_index
83.8205479452055	73.54707392843612	93
75.0342465753425	73.53938733869737	94
77.4808219178082	73.54240649611273	95
