y	y_hat	y_index
72.1260273972603	73.61909865519405	78
82.5109589041096	73.62140305307959	79
60.6205479452055	73.61016945261059	80
