y	y_hat	y_index
65.2657534246575	73.61299483439002	36
77.6616438356164	73.61891521383906	37
67.958904109589	73.61448685200017	38
