y	y_hat	y_index
71.2808219178082	73.56853415074036	730
76.0232876712329	73.57250214520873	731
