y	y_hat	y_index
71.4671232876712	73.61429768638224	588
78.1986301369863	73.62225961025736	589
62.5698630136986	73.61196809709446	590
