y	y_hat	y_index
59.6616438356164	73.60787265846358	345
87.6534246575342	73.6126927108957	346
70.5123287671233	73.6127209667451	347
