y	y_hat	y_index
67.9671232876712	73.61383475899643	48
84.1506849315069	73.62131177286626	49
67.5671232876712	73.61330011643963	50
