y	y_hat	y_index
68.2205479452055	73.64956455697268	726
70.8342465753425	73.6430974387458	727
