y	y_hat	y_index
69.4808219178082	73.55408600713378	609
83.6205479452055	73.56472452844315	610
75.1643835616438	73.55610104113767	611
