y	y_hat	y_index
70.4698630136986	73.55595953978009	516
86.6369863013699	73.5593857061253	517
77.8835616438356	73.55733868292069	518
