y	y_hat	y_index
73.4287671232877	73.6152250727765	243
67.4643835616438	73.619948835708	244
75.3602739726027	73.61394423348834	245
