y	y_hat	y_index
79.8520547945206	73.56177247587611	66
90.2561643835616	73.55911446305451	67
71.058904109589	73.55654325716148	68
