y	y_hat	y_index
65.286301369863	73.61483399832765	681
73.8438356164384	73.6172214679543	682
73.4260273972603	73.61100198024536	683
