y	y_hat	y_index
73.6780821917808	73.64498765752943	255
72.5534246575342	73.64905738367112	256
72.3643835616438	73.64443630250972	257
