y	y_hat	y_index
71.727397260274	73.65159530749574	72
71.8561643835616	73.65569656838917	73
66.3780821917808	73.64920049342965	74
