y	y_hat	y_index
79.1424657534247	73.618928480028	513
73.2616438356164	73.61403149117524	514
64.3027397260274	73.61431673102842	515
