y	y_hat	y_index
72.1712328767123	73.6179373798742	393
73.1013698630137	73.61298719815044	394
75.7835616438356	73.61196395874546	395
