y	y_hat	y_index
79.2232876712329	73.55541855344119	360
56.4287671232877	73.55145852226269	361
87.2835616438356	73.55558661639901	362
