y	y_hat	y_index
69.9506849315069	73.65240616453492	288
70.7260273972603	73.65011865726946	289
71.3424657534247	73.64753168550894	290
