y	y_hat	y_index
73.9424657534247	73.61352276263126	390
71.9041095890411	73.61416963761262	391
70.8260273972603	73.61038405080834	392
