y	y_hat	y_index
77.8150684931507	73.53888649518595	378
75.5671232876712	73.53739767484814	379
82.0287671232877	73.54492586618422	380
