y	y_hat	y_index
68.9616438356164	73.615703745511	180
76.7671232876712	73.61257978653049	181
72.4479452054795	73.60938874483011	182
