y	y_hat	y_index
66.6753424657534	73.56990528326835	225
73.5808219178082	73.57301883339314	226
78.8835616438356	73.56558933703573	227
