y	y_hat	y_index
55.0041095890411	73.61354496320635	534
72.4780821917808	73.6107788272821	535
81.058904109589	73.6139269840662	536
