y	y_hat	y_index
56.3027397260274	73.61415872998509	483
64.5808219178082	73.61636210400785	484
79.1671232876712	73.6159807282442	485
