y	y_hat	y_index
79.5657534246575	73.54399694811933	372
75.2452054794521	73.53515679873644	373
80.9849315068493	73.53709475095717	374
