y	y_hat	y_index
71.1260273972603	73.55658086917306	591
74.3780821917808	73.55396704459547	592
80.1958904109589	73.55532956637606	593
