y	y_hat	y_index
76.3397260273973	73.56097516142677	543
83.2342465753425	73.5568151758727	544
64.7561643835616	73.56043471535693	545
