y	y_hat	y_index
72.7013698630137	73.55931339815314	57
77.8342465753425	73.55987201660092	58
79.7643835616438	73.56276282928437	59
