y	y_hat	y_index
74.2698630136986	73.55549818225832	150
66.9780821917808	73.55569616917094	151
82.0616438356164	73.55748257491608	152
