y	y_hat	y_index
79.2616438356164	73.55663393295129	171
79.386301369863	73.56028287617092	172
61.7808219178082	73.55087584308122	173
