y	y_hat	y_index
71.8424657534247	73.61227767835284	684
75.9369863013699	73.61681419662247	685
72.9849315068493	73.6113379679447	686
