y	y_hat	y_index
84.2808219178082	73.55965695396912	465
60.0534246575343	73.5529801171075	466
78.058904109589	73.55112432369609	467
