y	y_hat	y_index
76.6808219178082	73.53944348123729	363
86.5808219178082	73.5380036582311	364
77.4479452054795	73.53814155029809	365
