y	y_hat	y_index
64.5616438356164	73.61195235083764	279
71.158904109589	73.61051465294564	280
77.0643835616438	73.6119925980468	281
