y	y_hat	y_index
62.7808219178082	73.55166539162775	234
81.3232876712329	73.55621547851884	235
76.0616438356164	73.55355241078347	236
