y	y_hat	y_index
61.9780821917808	73.61679410337854	300
73.2616438356164	73.6125393719714	301
80.6506849315069	73.62231012003046	302
