y	y_hat	y_index
71.5671232876712	73.61161773299067	123
70.7616438356164	73.6093106830445	124
81.4342465753425	73.61365405379063	125
