y	y_hat	y_index
83.058904109589	73.61479298462235	159
72.3657534246575	73.61413269792071	160
70.4698630136986	73.61039947803613	161
