y	y_hat	y_index
83.2643835616438	73.55971420515604	519
84.6671232876712	73.5651056486184	520
70.8287671232877	73.5554788623059	521
