y	y_hat	y_index
65.4931506849315	73.65339552102472	228
73.3301369863014	73.65335487591601	229
68.2506849315069	73.65330630543538	230
