y	y_hat	y_index
71.6835616438356	73.61083987975468	156
77.872602739726	73.62421742573032	157
70.7671232876712	73.61340796184254	158
