y	y_hat	y_index
69.4753424657534	73.65308816246673	276
65.8753424657534	73.65163928917923	277
72.6452054794521	73.65439317890066	278
