y	y_hat	y_index
70.3369863013699	73.61393348288303	6
66.4616438356164	73.6135351571703	7
75.8643835616438	73.61355013851559	8
