y	y_hat	y_index
75.8753424657534	73.57244674529498	708
71.0753424657534	73.56501388632833	709
