y	y_hat	y_index
73.558904109589	73.64131582541286	369
65.086301369863	73.6451568659251	370
70.6671232876712	73.64748132341464	371
