y	y_hat	y_index
74.4616438356164	73.556395908735	111
69.0452054794521	73.55387662132765	112
77.5369863013699	73.55255885581829	113
