y	y_hat	y_index
89.0698630136986	73.53748153212419	570
77.2260273972603	73.54082520825276	571
79.5616438356164	73.54233434482364	572
