y	y_hat	y_index
59.4616438356164	73.65139241144347	624
70.8178082191781	73.65242307376059	625
67.7397260273973	73.65115250057352	626
