y	y_hat	y_index
68.2808219178082	73.56048732081162	627
80.5767123287671	73.56191845055369	628
74.2643835616438	73.56219548303007	629
