y	y_hat	y_index
70.1027397260274	73.56947749897371	716
87.0808219178082	73.57465473838907	717
