y	y_hat	y_index
78.4671232876712	73.54825035311762	222
74.5424657534247	73.53565825577738	223
76.0369863013699	73.54560959458121	224
