y	y_hat	y_index
62.2616438356164	73.55100209747788	375
82.627397260274	73.55738981456875	376
78.9479452054795	73.55893224715524	377
