y	y_hat	y_index
74.7287671232877	73.61389373506026	594
55.8808219178082	73.61586067685312	595
68.1643835616438	73.61293759644272	596
