y	y_hat	y_index
82.3958904109589	73.55922379277301	273
74.7342465753425	73.55787844287984	274
72.158904109589	73.56363126207722	275
