y	y_hat	y_index
82.3917808219178	73.56383887092359	246
74.1849315068493	73.55286918011046	247
55.4164383561644	73.55183047947722	248
