y	y_hat	y_index
74.1342465753425	73.54161782667522	420
74.4698630136986	73.54002265138502	421
78.1808219178082	73.54422478103346	422
