y	y_hat	y_index
66.6397260273973	73.61523812886254	432
76.1780821917808	73.6122251654092	433
68.9479452054795	73.61260167466082	434
