y	y_hat	y_index
62.8698630136986	73.61529869318704	177
80.3534246575342	73.6117229163073	178
63.7506849315068	73.61704296845684	179
