y	y_hat	y_index
63.4369863013699	73.62045059244141	480
68.7287671232877	73.61578287180119	481
81.4616438356164	73.61385820321404	482
