y	y_hat	y_index
64.0534246575342	73.65117210280945	357
73.0602739726027	73.64942665477672	358
65.3561643835616	73.64873792599572	359
