y	y_hat	y_index
71.0041095890411	73.62093977385513	528
76.4753424657534	73.61961826115791	529
68.4643835616438	73.60786115549747	530
