y	y_hat	y_index
76.7041095890411	73.6082852637457	348
73.2479452054795	73.61721415604012	349
67.3205479452055	73.61065412742187	350
