y	y_hat	y_index
73.2808219178082	73.55750505423778	468
76.3424657534247	73.55946431250413	469
77.7643835616438	73.5522666637206	470
