y	y_hat	y_index
69.5534246575342	73.65267603389806	30
71.3808219178082	73.6531529907208	31
60.6616438356164	73.65241827063699	32
