y	y_hat	y_index
66.7328767123288	73.61393823377587	189
80.5041095890411	73.61223258839397	190
59.9506849315068	73.60862991898759	191
