y	y_hat	y_index
79.5808219178082	73.56327522472111	213
68.0506849315069	73.56446279479367	214
80.1835616438356	73.55403023386124	215
