y	y_hat	y_index
72.63989854950165	73.55590722279923	90
82.0780821917808	73.5568229504249	91
78.1698630136986	73.55813220797803	92
