y	y_hat	y_index
83.3780821917808	73.55316401200116	138
60.6835616438356	73.55759211157381	139
84.7506849315069	73.5632059827198	140
