y	y_hat	y_index
72.8643835616438	73.5715941498069	722
73.8041095890411	73.57667518047394	723
