y	y_hat	y_index
80.2794520547945	73.55333109790517	396
77.6616438356164	73.55445945925779	397
61.0	73.55243903956793	398
