y	y_hat	y_index
60.1671232876712	73.61312069749604	489
76.5342465753425	73.6228278882925	490
69.172602739726	73.6148637249368	491
