y	y_hat	y_index
71.8452054794521	73.55782771562511	402
80.1986301369863	73.55762980961981	403
78.3561643835616	73.55466553634994	404
