y	y_hat	y_index
64.0794520547945	73.64617537436017	732
69.558904109589	73.65031440799811	733
