y	y_hat	y_index
65.086301369863	73.65224426518246	183
69.1657534246575	73.65349544450507	184
71.6835616438356	73.6459755366526	185
