mae_mean	mae_single
5.481871073647837	5.6185913004464885
