mae_mean	mae_single
5.074198578553972	5.0189783411697615
