mae_mean	mae_single
5.452701433462629	5.459497509231626
