mae_mean	mae_single
4.65616374417275	4.8055426509005
