mae_mean	mae_single
5.718970795161298	5.705628229983966
