mae_mean	mae_single
4.8459767398427696	4.87247932098516
