mae_mean	mae_single
5.681381092773539	5.865980808652941
