mae_mean	mae_single
6.040926068624126	6.0195350080495595
