mae_mean	mae_single
5.552886480987735	5.487273315767354
