mae_mean	mae_single
4.828216207416435	4.87415835490318
