mae_mean	mae_single
5.184508313527451	5.221280466920105
