{"c_mean": 5.569292144857988, "c_single": 3.1622776601683795, "mae_mean": 4.53684188996795, "mae_single": 3.1407838835704602}