mae_mean	mae_single
5.800087105084337	5.867792132310638
