mae_mean	mae_single
4.513638057147817	4.4456780913516365
