mae_mean	mae_single
5.995123167529894	6.097608584186227
