mae_mean	mae_single
5.90446965541244	5.951317510812785
