mae_mean	mae_single
5.281989506134726	5.3834198277745555
