mae_mean	mae_single
5.402335059456002	5.403175985363551
