mae_mean	mae_single
5.678006393607836	5.630506829463489
