mae_mean	mae_single
5.612117470411753	5.6776734384406575
