mae_mean	mae_single
5.125905765531497	5.101636933272948
