mae_mean	mae_single
5.875462099417487	5.774952594369392
