mae_mean	mae_single
5.731117131530621	5.695147586842856
