mae_mean	mae_single
5.481999208738242	5.604664975761753
