mae_mean	mae_single
4.451743984511026	4.479023029865616
