mae_mean	mae_single
5.539469002503032	5.584267922631425
