mae_mean	mae_single
4.542822572655512	4.5531402043467155
