mae_mean	mae_single
4.537879309120041	4.959404144222494
