mae_mean	mae_single
6.747098628201509	6.762994009554095
