mae_mean	mae_single
4.9981324597893835	5.212559149027914
