mae_mean	mae_single
4.71993699482768	4.737243469310347
