mae_mean	mae_single
4.39544329696865	4.420264106227155
