mae_mean	mae_single
6.075588967517227	6.173114436632317
