mae_mean	mae_single
5.345176739597218	5.302991655948839
