mae_mean	mae_single
5.658942295921233	5.774043687089473
