mae_mean	mae_single
5.124284529287453	5.115580382647113
