mae_mean	mae_single
6.004776925812541	5.991379743930949
