mae_mean	mae_single
5.257439634722646	5.348646210729155
