mae_mean	mae_single
4.291971927559084	4.291971927559084
