mae_mean	mae_single
5.144511492787448	5.163573029108712
