mae_mean	mae_single
5.89547149967433	5.83693538863909
