mae_mean	mae_single
5.5070965551552655	5.486073136988906
