mae_mean	mae_single
5.0850331622515155	5.04770332862374
