mae_mean	mae_single
4.676892273454222	4.501415538824686
