mae_mean	mae_single
5.238072580875108	5.246636510024611
