mae_mean	mae_single
5.8013885013082245	5.7952081755579306
