mae_mean	mae_single
4.895706867560055	4.8845765425858545
