mae_mean	mae_single
5.453118299085822	5.512867281337792
