mae_mean	mae_single
5.3056042620656285	5.2144060215800305
