mae_mean	mae_single
5.470015151766562	5.382980031051192
