mae_mean	mae_single
5.603394944813268	5.667616781496616
