mae_mean	mae_single
5.446163443686142	5.429177681770914
