mae_mean	mae_single
5.413526924452899	5.412244018826948
