mae_mean	mae_single
4.806052480368102	4.873758073975601
