mae_mean	mae_single
5.346858560089844	5.3597738169631945
