mae_mean	mae_single
5.648804149363585	5.650407185652068
