mae_mean	mae_single
4.92816487116132	5.006700738342343
