mae_mean	mae_single
4.343864212953563	4.358062746421383
