mae_mean	mae_single
5.909395098686654	5.9522263061570895
