mae_mean	mae_single
5.739351823713806	5.813476301484886
