mae_mean	mae_single
5.505737225161911	5.533972464858002
