mae_mean	mae_single
6.109392262912846	5.748304042086284
