mae_mean	mae_single
4.4369945696245106	4.673388625303406
