mae_mean	mae_single
5.012989718045606	5.012989718045606
