mae_mean	mae_single
4.777528835441907	4.777528835441907
