mae_mean	mae_single
5.439542513659884	5.439370060646777
