mae_mean	mae_single
5.623400767760875	5.9003026891407995
