mae_mean	mae_single
5.500341191340548	5.529368605307492
