mae_mean	mae_single
4.69672898615601	4.8555917497274494
