mae_mean	mae_single
5.703111440461546	5.703111440461546
