mae_mean	mae_single
5.13013828785573	5.134861454362097
