mae_mean	mae_single
6.116211770693631	6.130508969125836
