mae_mean	mae_single
5.649426044695093	5.65187259127297
