mae_mean	mae_single
5.162522104177802	5.19873533962599
