mae_mean	mae_single
5.6958726804954845	5.6976920412366905
