mae_mean	mae_single
5.761048310927336	5.926360760350283
