mae_mean	mae_single
5.018023745707859	5.294244136956069
