mae_mean	mae_single
5.189852132252642	5.340953314602732
