mae_mean	mae_single
5.7060714749081605	5.736642532582894
