mae_mean	mae_single
4.956835272882765	4.949740949004333
