mae_mean	mae_single
4.748278904559347	4.96399538819146
