mae_mean	mae_single
4.008101880961307	3.978870858101227
