mae_mean	mae_single
5.753016511841283	5.71103804001506
