mae_mean	mae_single
4.73412363116532	4.686171017662337
