mae_mean	mae_single
5.722298268224458	5.799875346056206
