mae_mean	mae_single
5.526358989003124	5.5206559548111676
