mae_mean	mae_single
2.124986214689372	2.3823434125789142
