mae_mean	mae_single
6.427483923405546	6.321734811776527
