mae_mean	mae_single
3.660765297444854	3.428527676451201
