mae_mean	mae_single
9.07466205290065	9.094984691403113
