mae_mean	mae_single
3.739352351123818	3.7172782102763953
