mae_mean	mae_single
2.4051886530418565	2.302681555928634
