mae_mean	mae_single
4.125530265574203	4.496535789617904
