mae_mean	mae_single
8.228203965637135	7.848623324270832
