mae_mean	mae_single
5.686021366371809	5.675437055013542
