mae_mean	mae_single
2.7465771757249136	2.7151629728937223
