mae_mean	mae_single
8.765415680634328	8.178002539952487
