mae_mean	mae_single
1.1964588356976076	0.7520158323789587
