mae_mean	mae_single
2.4601251992208355	3.3678997125288817
