mae_mean	mae_single
5.7864752504072	5.9143232727622435
