mae_mean	mae_single
8.96024438243609	9.65440201438529
