mae_mean	mae_single
2.867192453295118	2.581838484801281
