mae_mean	mae_single
7.995819623449314	7.758338870747444
