mae_mean	mae_single
2.9110818451309797	2.800569926118532
