mae_mean	mae_single
2.9838191675756156	2.8501248491165847
