mae_mean	mae_single
4.38874458617975	4.134598900800635
