mae_mean	mae_single
4.465322119248313	3.8429959434165255
