mae_mean	mae_single
5.472199237738233	5.516753018909786
