mae_mean	mae_single
4.180057133698351	4.341063860329996
