mae_mean	mae_single
6.174265508549716	6.174265508549716
