mae_mean	mae_single
1.967239986898169	2.823464826986708
