mae_mean	mae_single
6.277143605240556	6.141078994917808
