mae_mean	mae_single
1.1976642023475108	1.2863362645581635
