mae_mean	mae_single
6.901346954939356	6.814219616957402
