mae_mean	mae_single
5.117274969946791	5.543555407781355
