mae_mean	mae_single
5.8355728920029195	5.434706642379941
