mae_mean	mae_single
4.449067614796363	4.46387143134362
