mae_mean	mae_single
6.259611547343229	6.179789185759908
