mae_mean	mae_single
4.552883911450536	4.372588218914672
