mae_mean	mae_single
4.995023535516033	4.9189779749441485
