mae_mean	mae_single
13.7821050269887	13.549688909842267
