mae_mean	mae_single
6.835238808568204	6.747008643239806
