mae_mean	mae_single
4.636490281589086	4.529399021721868
