mae_mean	mae_single
3.0082529682249564	3.0066568911545013
