mae_mean	mae_single
5.540076567192514	5.451830758702717
