mae_mean	mae_single
6.161424058760962	6.212052928631337
