mae_mean	mae_single
5.058764707935022	5.624168187144936
