mae_mean	mae_single
4.540107123773964	4.534376646224241
