mae_mean	mae_single
5.074107009438919	4.893318874761675
