mae_mean	mae_single
6.036648693831893	6.264611998911619
