mae_mean	mae_single
2.7093798849587927	2.1624251134791876
