mae_mean	mae_single
3.6325688396599296	3.4831328695148662
