mae_mean	mae_single
4.540455738632502	4.897639410139789
