mae_mean	mae_single
2.424129867309688	2.4871061638888583
