mae_mean	mae_single
3.7244792026424327	4.594607897470259
