mae_mean	mae_single
4.528723824819544	4.745573349120323
