mae_mean	mae_single
3.110638995866914	3.110638995866914
