mae_mean	mae_single
1.4383325376945209	1.3332702334796878
