mae_mean	mae_single
10.592489532887086	10.48304615647426
