mae_mean	mae_single
2.055764509463662	2.0620502233265463
