mae_mean	mae_single
2.8592414207046395	2.8724957187163938
