mae_mean	mae_single
6.9043997019070575	6.9043997019070575
