mae_mean	mae_single
6.347972680195561	6.370943903547321
