mae_mean	mae_single
4.708250102930687	4.5898871190750485
