mae_mean	mae_single
5.759357299012284	6.187574685855846
