mae_mean	mae_single
5.057992483264566	6.033150548281337
