mae_mean	mae_single
6.021730477566422	6.230149982659209
