mae_mean	mae_single
7.7299064927153625	7.2829744611233735
