mae_mean	mae_single
6.112578900078162	5.744887307427585
