mae_mean	mae_single
3.061086954572834	4.443764276342303
