mae_mean	mae_single
4.614399984158837	4.318274220363328
