mae_mean	mae_single
5.815843104165711	5.571517086910743
