mae_mean	mae_single
2.46807728003967	2.46807728003967
