mae_mean	mae_single
3.468959280718977	3.765002761380323
