mae_mean	mae_single
3.9546881147376496	3.7433671852927404
