mae_mean	mae_single
3.2717191497727782	3.422756910912715
