mae_mean	mae_single
6.398745923527575	6.707202641022927
