mae_mean	mae_single
2.2232441175073063	2.1247052614339736
