mae_mean	mae_single
4.811531489097916	4.772740447892867
