mae_mean	mae_single
2.6327623553006796	2.778903976431972
