mae_mean	mae_single
5.900626059805892	5.905971941920977
