mae_mean	mae_single
1.3608683660061967	1.2172972172158485
