mae_mean	mae_single
5.933236393120391	6.043216669876813
