mae_mean	mae_single
8.250919777139993	7.924133947817931
