mae_mean	mae_single
4.923607163313193	4.690338539060164
