mae_mean	mae_single
6.682856039320892	6.6073615972102
