mae_mean	mae_single
3.376284689721525	3.081123858324702
