mae_mean	mae_single
1.902790869977191	2.084256825378811
