mae_mean	mae_single
5.635509362429933	5.895739915035999
