mae_mean	mae_single
3.001366865298882	2.8154790076822658
