mae_mean	mae_single
2.7548980762647517	2.638619458825815
