mae_mean	mae_single
3.995757133583704	4.267852692634146
