mae_mean	mae_single
7.393454197607601	7.685662587848654
