mae_mean	mae_single
8.341396382748028	8.339867695412336
