mae_mean	mae_single
9.362864005835577	10.47141698671395
