mae_mean	mae_single
7.708662586838147	7.680367995179322
