mae_mean	mae_single
1.863132468581109	1.8103229702562231
