mae_mean	mae_single
4.080463915867061	3.8974292542855786
