mae_mean	mae_single
6.363986422616357	6.185487381708344
