mae_mean	mae_single
7.978559005274572	8.22806973168324
