mae_mean	mae_single
6.0648444350708575	5.990019372778382
