mae_mean	mae_single
2.8283547302801346	2.8283547302801346
