mae_mean	mae_single
2.502419368485789	3.251962967481191
