mae_mean	mae_single
2.7386497472337274	4.706611345038017
