mae_mean	mae_single
5.43247382135754	5.43247382135754
