mae_mean	mae_single
5.64924708220002	5.599273006151246
