mae_mean	mae_single
3.2100572262877543	3.0298368465588084
