mae_mean	mae_single
6.38917723510779	8.083248719426322
