mae_mean	mae_single
5.1600086898067685	4.888799981253778
