mae_mean	mae_single
3.885218586538201	3.885218586538201
