mae_mean	mae_single
4.618553694553635	4.846867253730442
