mae_mean	mae_single
6.730631056769075	6.764928404091336
