mae_mean	mae_single
3.7195941748592296	3.5911413003211266
