mae_mean	mae_single
6.474429200219409	5.329148276964152
