mae_mean	mae_single
1.5013471376285328	2.1895233566985532
