mae_mean	mae_single
7.084885493340042	7.317929358314475
