mae_mean	mae_single
1.155212053753483	1.155212053753483
