mae_mean	mae_single
8.318674373581553	7.84130551392748
