mae_mean	mae_single
5.730682255311592	5.339775038478417
