mae_mean	mae_single
7.982951421231192	7.3595614116009545
