mae_mean	mae_single
3.533510626026645	3.533510626026645
