mae_mean	mae_single
7.138476004213246	7.073306899193757
