mae_mean	mae_single
7.953356772158313	7.754648971355529
