mae_mean	mae_single
5.779972856063348	5.779972856063348
