mae_mean	mae_single
0.9901549006693031	0.6445172591599686
