mae_mean	mae_single
7.352937552334718	7.156412881209637
