mae_mean	mae_single
6.292212050217046	6.860074085316242
