mae_mean	mae_single
4.118260857578117	3.676410067769614
