mae_mean	mae_single
6.815469551880938	6.5986557914174995
