mae_mean	mae_single
3.8332238308357724	3.9452410657949835
