mae_mean	mae_single
4.727695231768777	4.724061073799935
