mae_mean	mae_single
5.581049490129217	5.5173706709709665
