mae_mean	mae_single
2.3477433078629795	2.3935346144615863
