mae_mean	mae_single
7.814450197377705	7.814450197377705
