mae_mean	mae_single
4.128233309542831	4.1490401645783
