mae_mean	mae_single
9.547389974121131	9.055578714298756
