mae_mean	mae_single
6.573985932975148	6.161198845578478
