mae_mean	mae_single
3.944111449878046	3.9868949430271905
