mae_mean	mae_single
5.1284576007540466	6.394439320430048
