mae_mean	mae_single
4.533241044233923	5.043053135978643
