mae_mean	mae_single
7.092074157235103	7.095987812096188
