mae_mean	mae_single
5.724325176019811	5.4292133227988275
