mae_mean	mae_single
3.3532252019666586	4.027301576016541
