mae_mean	mae_single
3.591091773080128	3.815711935099472
