mae_mean	mae_single
4.715918120308676	5.026469009188304
