mae_mean	mae_single
8.792489801626061	8.921061630269506
