mae_mean	mae_single
6.818033067997161	7.150168745105137
