mae_mean	mae_single
6.252740775294427	6.0072925384666815
