mae_mean	mae_single
4.486315215750655	4.671667426130763
