mae_mean	mae_single
5.251222954569191	5.307407679736912
