mae_mean	mae_single
5.532034235260248	5.616782432025936
