mae_mean	mae_single
5.948621764092749	6.40458173617301
