mae_mean	mae_single
4.4346802556341105	4.531523064936806
