mae_mean	mae_single
2.5177646724802494	3.119589554786169
