mae_mean	mae_single
9.249225234697755	9.286638122344039
