mae_mean	mae_single
2.192380183772883	2.3922341931935214
