mae_mean	mae_single
3.169118882357291	3.169118882357291
