mae_mean	mae_single
7.429945763694785	7.273225060248606
