mae_mean	mae_single
5.6657100529446724	6.230825393399416
