mae_mean	mae_single
4.124669456826581	4.053195912193985
