mae_mean	mae_single
2.02518532271228	1.8888573268789628
