mae_mean	mae_single
6.542550725958736	5.553901496096754
