mae_mean	mae_single
5.626421071724953	5.687249706737528
