mae_mean	mae_single
9.882379187813216	9.634303943197521
