mae_mean	mae_single
5.041906917074901	5.004520080136142
