mae_mean	mae_single
3.3342282758571806	3.528483294531474
