mae_mean	mae_single
2.9009601295277982	3.3757872923799446
