mae_mean	mae_single
5.021218879509689	5.005802912613774
