mae_mean	mae_single
4.009190845245915	4.015003155373013
