mae_mean	mae_single
3.5304576186977954	3.381296538059658
