mae_mean	mae_single
6.181821453672313	6.297390220715887
