mae_mean	mae_single
2.0258635470271193	2.2177366281645305
