mae_mean	mae_single
3.5291557406179663	3.0759032080256694
