mae_mean	mae_single
0.9476425376042575	0.8585394990746522
