mae_mean	mae_single
3.875616422073795	3.920381988362365
