mae_mean	mae_single
2.864724017161256	2.775046359473644
