mae_mean	mae_single
3.7037995291773953	4.461679407372901
