mae_mean	mae_single
3.7994976741742	3.81741678947949
