mae_mean	mae_single
6.738267122667888	6.936354721495785
