mae_mean	mae_single
5.329416423277276	5.176344274176349
