mae_mean	mae_single
4.361145175370216	4.35905068027579
