mae_mean	mae_single
2.284447385417503	1.966227392404439
