mae_mean	mae_single
5.96201208815184	6.136910393651621
