mae_mean	mae_single
4.711762556692999	4.711762556692999
