mae_mean	mae_single
4.0648333336900295	3.9350290724784975
