mae_mean	mae_single
4.095584375048024	5.724717333581613
