mae_mean	mae_single
5.296709569318618	4.285489331964119
