mae_mean	mae_single
11.273738407260415	10.910959913148025
