mae_mean	mae_single
5.273076779269336	5.2829726999018005
