mae_mean	mae_single
5.331567140492699	4.950413610693171
