mae_mean	mae_single
9.049974684417231	9.043322894155125
