mae_mean	mae_single
4.298845845001584	3.9639403182288837
