mae_mean	mae_single
8.979014184785273	9.045077778917387
