mae_mean	mae_single
9.291716503979188	9.041377335645839
