mae_mean	mae_single
4.532776258851162	4.293270585964531
