mae_mean	mae_single
3.7928807122187274	3.571425024497183
