mae_mean	mae_single
6.256942643409047	5.690964291661835
