mae_mean	mae_single
6.660024592989676	6.734005718234523
