mae_mean	mae_single
2.0824866838132103	2.0824866838132103
