mae_mean	mae_single
2.906188357120589	2.8236628362360157
