mae_mean	mae_single
1.5985364314932298	2.4686551855146868
