mae_mean	mae_single
5.065053012898811	5.32900597454091
