mae_mean	mae_single
4.6182165277748295	4.448926287501223
