mae_mean	mae_single
5.113744878841213	5.031021556823371
