mae_mean	mae_single
7.9009650277004555	8.33846009888633
