mae_mean	mae_single
4.970793081446658	4.727985312573992
