mae_mean	mae_single
4.043415446454735	3.905471101734529
