mae_mean	mae_single
3.487105235032189	3.2389015907106207
