mae_mean	mae_single
5.217898249529294	4.929480636060347
