mae_mean	mae_single
6.218791269846055	5.824826382932528
