mae_mean	mae_single
5.2715564270496245	5.233118149266301
