mae_mean	mae_single
3.892234460418422	3.4034165233187346
