mae_mean	mae_single
0.3252929895124268	0.6780303611203706
