mae_mean	mae_single
5.027406174785786	4.9590132938458
