mae_mean	mae_single
5.697357640908781	5.754899012469565
