mae_mean	mae_single
3.9897490735834062	4.030608206270874
