mae_mean	mae_single
7.596328687388365	7.596328687388365
