mae_mean	mae_single
3.826890748398057	3.826890748398057
