mae_mean	mae_single
8.592639719130297	8.829022242018418
