mae_mean	mae_single
6.535604440996754	6.504787121411478
