mae_mean	mae_single
6.750327696285136	7.517951823359662
