mae_mean	mae_single
8.996471148048235	8.960971979555126
