mae_mean	mae_single
1.3983300954151379	1.3190382689425018
