mae_mean	mae_single
4.746433286825384	4.749789482799751
