mae_mean	mae_single
4.2851965903071045	4.2644246570715625
