mae_mean	mae_single
6.031118510838293	5.9511164481278955
