mae_mean	mae_single
2.0899912646827232	2.591966205572419
