mae_mean	mae_single
8.322499790131038	8.07991294555553
