mae_mean	mae_single
2.312695422703854	2.3419686862776294
