mae_mean	mae_single
5.985000429927865	6.239567149740684
