mae_mean	mae_single
4.660606587595855	4.222003196158899
