mae_mean	mae_single
3.4086964201062053	3.536538978826537
