mae_mean	mae_single
2.6836104387641533	1.9826236526323509
