mae_mean	mae_single
7.91620859876527	7.508821815783388
