mae_mean	mae_single
3.0317020612384247	3.0485990056667966
