mae_mean	mae_single
4.289855196916567	4.2661968062854685
