mae_mean	mae_single
5.366147488653586	5.366147488653586
