mae_mean	mae_single
5.764110876103492	5.637544913589991
