mae_mean	mae_single
4.2453994068910434	4.158757553359682
