mae_mean	mae_single
6.126990590232201	5.730289845634275
