mae_mean	mae_single
9.19591778867872	8.968510753908733
