mae_mean	mae_single
3.7869402237436325	3.7869402237436325
