mae_mean	mae_single
6.386560677352622	6.369489494050174
