mae_mean	mae_single
5.347549185787599	5.35874892483822
