mae_mean	mae_single
7.688831379504404	7.8960079720176495
