mae_mean	mae_single
5.363730463577315	5.443968908042362
