mae_mean	mae_single
7.447251350823208	7.6188193806166185
