mae_mean	mae_single
3.4928700255448084	3.4928700255448084
