mae_mean	mae_single
8.18783132109798	7.974062927872676
