mae_mean	mae_single
4.508030039264379	4.395591026588714
