mae_mean	mae_single
3.1468164279781043	2.4447945048973403
