mae_mean	mae_single
2.9608536399647227	3.3749888862570927
