mae_mean	mae_single
5.999857556720073	5.987055406313559
