mae_mean	mae_single
6.598765169205649	6.8258258209142895
