mae_mean	mae_single
10.06079128087218	10.069432248405093
