mae_mean	mae_single
7.052093341613404	6.999274368559298
