y	y_hat	y_index
68.3904109589041	68.39198861423115	633
63.8479452054794	70.96806519346168	634
76.186301369863	74.42543809327817	635
