y	y_hat	y_index
60.672602739726	69.15112803086834	576
75.5	74.51246000848911	577
57.6835616438356	71.00648242334748	578
