y	y_hat	y_index
71.972602739726	71.87174608394793	555
69.9260273972603	74.66065808829444	556
84.5342465753425	83.78033651641138	557
