y	y_hat	y_index
63.0808219178082	72.43518960282645	54
61.558904109589	72.41611347931526	55
61.9958904109589	71.43145091965404	56
