y	y_hat	y_index
71.2506849315069	74.49552031551451	219
62.9616438356164	70.1449489831761	220
70.8780821917808	74.57469196900554	221
