y	y_hat	y_index
63.4369863013699	71.44956453314362	480
68.7287671232877	73.1859818473285	481
81.4616438356164	77.31120708985338	482
