y	y_hat	y_index
71.8452054794521	71.39230147944724	402
80.1986301369863	82.02160463956531	403
78.3561643835616	74.92367027621391	404
