y	y_hat	y_index
72.8643835616438	69.98760408453343	722
73.8041095890411	72.23440083113687	723
