y	y_hat	y_index
70.9232876712329	76.08513708241516	174
61.7808219178082	66.81633994749924	175
74.0095890410959	72.17938394623145	176
