y	y_hat	y_index
75.8753424657534	75.9379818274913	708
71.0753424657534	70.48739584846643	709
