y	y_hat	y_index
64.2	68.77817437240888	549
87.6397260273973	86.59946539946166	550
74.5684931506849	72.97136219190385	551
