y	y_hat	y_index
67.3013698630137	74.36626914135609	186
73.9671232876712	73.79984021330326	187
69.6671232876712	73.02631379105426	188
