y	y_hat	y_index
72.1712328767123	83.7472855250467	393
73.1013698630137	70.34118457729703	394
75.7835616438356	77.33745241774037	395
