y	y_hat	y_index
89.0698630136986	73.13678903435257	570
77.2260273972603	75.3310563311959	571
79.5616438356164	79.00871711033021	572
