y	y_hat	y_index
82.3917808219178	77.47586312796506	246
74.1849315068493	75.32230214448124	247
55.4164383561644	73.22322034105464	248
