y	y_hat	y_index
65.6616438356164	70.94164016622207	447
54.9205479452055	67.30618543472715	448
81.3506849315069	72.02690530748953	449
