y	y_hat	y_index
89.2780821917808	75.43461283837055	438
77.0643835616438	75.86451414422376	439
77.1397260273973	73.4248424723443	440
