y	y_hat	y_index
68.5342465753425	74.84449862672518	306
78.1452054794521	69.54557105021063	307
69.458904109589	73.09448198998177	308
