y	y_hat	y_index
72.7835616438356	72.59815840055838	198
82.1753424657534	74.61056694183002	199
74.2671232876712	73.77757052769707	200
