y	y_hat	y_index
79.2616438356164	71.52860933140526	171
79.386301369863	83.67236786529796	172
61.7808219178082	69.74179469713114	173
