y	y_hat	y_index
76.3561643835616	70.95342753400013	537
69.1780821917808	66.73506698054031	538
82.6424657534247	77.94804641313162	539
