y	y_hat	y_index
89.5835616438356	80.53310863968201	63
67.7328767123288	73.8050019303671	64
61.5369863013699	73.35145063353384	65
