y	y_hat	y_index
74.2698630136986	70.59210966469308	150
66.9780821917808	69.27020569353459	151
82.0616438356164	76.8580830784484	152
