y	y_hat	y_index
66.7328767123288	72.78707274284262	189
80.5041095890411	76.23360473706357	190
59.9506849315068	66.7180569717418	191
