y	y_hat	y_index
71.5671232876712	67.70136194010927	123
70.7616438356164	77.13691600790314	124
81.4342465753425	75.25868238197647	125
