y	y_hat	y_index
65.286301369863	69.15272687147602	681
73.8438356164384	75.088900372509	682
73.4260273972603	75.71876897969568	683
