y	y_hat	y_index
76.3123287671233	75.66454070748628	639
82.2054794520548	70.36924538620057	640
70.2630136986301	74.68551966042865	641
