y	y_hat	y_index
71.1260273972603	73.20475355355597	591
74.3780821917808	70.22525377640194	592
80.1958904109589	74.05085418591082	593
