y	y_hat	y_index
66.4260273972603	75.90645850854345	60
63.7506849315068	73.04647325169016	61
62.258904109589	71.35783419006005	62
