y	y_hat	y_index
71.727397260274	75.6541122250182	72
71.8561643835616	70.02307910536469	73
66.3780821917808	65.89042238328229	74
