y	y_hat	y_index
57.0643835616438	70.48987086083609	582
87.2232876712329	75.45717627653855	583
82.7671232876712	79.8701299640511	584
