y	y_hat	y_index
79.8520547945206	79.41679489406332	66
90.2561643835616	74.5397637058958	67
71.058904109589	72.90681620162613	68
