y	y_hat	y_index
61.8616438356164	75.94793281770094	474
68.1561643835616	71.85343951237189	475
76.2698630136986	75.27459248256375	476
