y	y_hat	y_index
65.8205479452055	67.58747745821836	498
80.8698630136986	77.18001237008828	499
70.5616438356164	76.2636462035709	500
