y	y_hat	y_index
73.5849315068493	74.60863254459252	297
63.0780821917808	70.69068764857983	298
61.8246575342466	72.34803307176222	299
