y	y_hat	y_index
72.772602739726	76.81340363894635	285
77.4232876712329	74.44558107489742	286
54.9671232876712	75.09853984536706	287
