y	y_hat	y_index
61.8561643835616	69.761155287811	252
69.7780821917808	64.67816157940918	253
75.8479452054795	69.22520454422431	254
