y	y_hat	y_index
73.8342465753425	75.18960133352599	321
74.3890410958904	72.98873222306271	322
70.8041095890411	71.51408211929038	323
