y	y_hat	y_index
77.9342465753425	77.42394598920026	687
66.4232876712329	73.50962881546111	688
80.6397260273973	78.10751368860318	689
