y	y_hat	y_index
75.2835616438356	70.88183683771709	84
75.2424657534247	71.84429307555551	85
74.1780821917808	75.81863399172742	86
