y	y_hat	y_index
80.9534246575342	76.84375919864131	561
79.9452054794521	81.6993488193421	562
72.3808219178082	70.34634365068906	563
