y	y_hat	y_index
69.4753424657534	71.9853052254954	276
65.8753424657534	78.05098831421233	277
72.6452054794521	78.21057996010659	278
