y	y_hat	y_index
61.2698630136986	66.51297783407259	141
74.2808219178082	74.34492658949644	142
62.8753424657534	68.67952156122335	143
