y	y_hat	y_index
74.8452054794521	79.8866343766701	27
57.6315068493151	70.76184476347608	28
71.5794520547945	70.14440554318321	29
