y	y_hat	y_index
73.7452054794521	71.40034713601281	450
69.6534246575342	67.58786105782916	451
77.1232876712329	73.40556995950085	452
