y	y_hat	y_index
71.9671232876712	75.13001924201578	81
69.7095890410959	76.59404032659938	82
69.2260273972603	72.26211568352288	83
