y	y_hat	y_index
76.7452054794521	72.82762465808388	734
79.7643835616438	76.9755139790787	735
