y	y_hat	y_index
77.1260273972603	72.90192047855669	195
70.1260273972603	70.74109741160304	196
81.5424657534247	75.60836736723066	197
