y	y_hat	y_index
71.8698630136986	71.44773036003477	204
62.7616438356164	70.33129007894196	205
85.8753424657534	76.67507459680803	206
