y	y_hat	y_index
64.9753424657534	68.97116955829463	12
74.3616438356164	76.51619125240563	13
64.4315068493151	66.49708158168582	14
