y	y_hat	y_index
65.658904109589	71.20226088161947	504
65.0328767123288	73.08232940581752	505
67.5315068493151	73.13493515437864	506
