y	y_hat	y_index
70.1616438356164	72.28342863339056	669
81.0835616438356	76.61690646482958	670
59.1671232876712	69.4579465260659	671
