y	y_hat	y_index
59.4616438356164	68.57782713461424	624
70.8178082191781	68.96818654802004	625
67.7397260273973	72.8165686146042	626
