y	y_hat	y_index
77.758904109589	75.33826866945677	381
77.1369863013699	76.06403223465715	382
89.5616438356164	80.92498700309717	383
