y	y_hat	y_index
73.8643835616438	72.2183651794959	207
75.0397260273973	74.24463991606964	208
91.3068493150685	82.26728156334988	209
