y	y_hat	y_index
70.3369863013699	75.80717837687084	6
66.4616438356164	75.13597763613414	7
75.8643835616438	71.35253562812431	8
