y	y_hat	y_index
76.3424657534247	68.16732828643285	702
74.7041095890411	79.19893165335328	703
80.4616438356164	76.07353926780502	704
