y	y_hat	y_index
55.8479452054794	72.03044483540376	510
77.0383561643836	85.48164914161474	511
72.3232876712329	73.4754142214683	512
