y	y_hat	y_index
67.7616438356164	73.44404939332307	492
79.2890410958904	69.89950042743213	493
69.8643835616438	74.51439513440431	494
