y	y_hat	y_index
71.0041095890411	78.2785177962175	528
76.4753424657534	72.63401563190531	529
68.4643835616438	67.92446284305369	530
