y	y_hat	y_index
70.1027397260274	73.79311930589401	716
87.0808219178082	81.54240152935714	717
