y	y_hat	y_index
70.472602739726	72.28724856540678	471
76.4232876712329	72.829924472486	472
85.1547945205479	84.3955100165846	473
