y	y_hat	y_index
71.9643835616438	72.77202607748214	585
71.3479452054795	74.87434863899584	586
83.0616438356164	75.04090721223672	587
