y	y_hat	y_index
73.258904109589	68.82671274509347	339
84.1643835616438	75.00108624513932	340
84.4616438356164	80.21126722433816	341
