y	y_hat	y_index
67.6643835616438	74.24786332628835	231
78.3698630136986	68.51097663612079	232
71.958904109589	72.79460986440348	233
