y	y_hat	y_index
84.2698630136986	77.28120867598585	129
71.172602739726	74.69321894307055	130
82.9561643835616	72.05000691197915	131
