y	y_hat	y_index
71.258904109589	76.2634126674475	612
57.6616438356164	71.63733116126338	613
72.7671232876712	77.23027799629884	614
