y	y_hat	y_index
72.2068493150685	76.02820506794134	718
72.7780821917808	75.17800443064178	719
