y	y_hat	y_index
66.3630136986301	75.82235711272641	267
68.9452054794521	69.93223158041285	268
58.2931506849315	71.83424004022238	269
