y	y_hat	y_index
62.2616438356164	70.77073040616364	375
82.627397260274	77.68113697665363	376
78.9479452054795	80.55625498984097	377
