y	y_hat	y_index
56.4835616438356	73.23386832530473	15
79.4849315068493	72.65869880402731	16
73.6328767123288	72.45665676519994	17
