y	y_hat	y_index
58.1808219178082	72.75459272245702	435
61.7849315068493	71.79970795801526	436
76.0561643835616	75.62052249113229	437
