y	y_hat	y_index
67.9671232876712	69.79404914540243	48
84.1506849315069	79.22167887208423	49
67.5671232876712	72.48789475177256	50
