y	y_hat	y_index
79.5808219178082	81.0750362676029	213
68.0506849315069	74.0995172365484	214
80.1835616438356	74.56037454013256	215
