y	y_hat	y_index
83.9643835616438	75.31787210262529	312
84.8671232876712	69.68029635845075	313
70.9643835616438	68.50147490797978	314
