y	y_hat	y_index
73.8917808219178	72.12462566742772	351
76.6506849315069	78.47080982887731	352
81.2698630136986	82.4781922563178	353
