y	y_hat	y_index
66.8643835616438	69.88071282120302	126
75.458904109589	73.28335948018615	127
79.2753424657534	73.08857421805928	128
