y	y_hat	y_index
77.8150684931507	73.03623229517356	378
75.5671232876712	72.79682728550306	379
82.0287671232877	74.40160519962791	380
