y	y_hat	y_index
82.3698630136986	77.49200448536185	294
84.4671232876712	70.93501220581618	295
75.7643835616438	74.75106557117735	296
