y	y_hat	y_index
74.4616438356164	74.25257100695043	111
69.0452054794521	72.52728519105042	112
77.5369863013699	70.01008178826274	113
