y	y_hat	y_index
69.3534246575342	69.72482808801774	315
81.0150684931507	77.20935922427479	316
60.6232876712329	70.88076943916721	317
