y	y_hat	y_index
65.8616438356164	75.33386440394159	69
73.2753424657534	73.03228706315788	70
79.3780821917808	76.70865823407301	71
