y	y_hat	y_index
76.4410958904109	77.26571981217675	282
66.9931506849315	73.21076788707197	283
79.5643835616438	75.2081316630275	284
