y	y_hat	y_index
68.2808219178082	72.55323549257136	627
80.5767123287671	73.56743612761746	628
74.2643835616438	72.19887049316752	629
