y	y_hat	y_index
75.1452054794521	78.07184680914494	621
67.7561643835616	76.14995371875158	622
61.972602739726	70.70074019280585	623
