y	y_hat	y_index
69.5534246575342	78.71915466586061	30
71.3808219178082	71.6918136824097	31
60.6616438356164	72.3412020875287	32
