y	y_hat	y_index
66.7369863013699	71.80876884823049	663
58.772602739726	74.83157512801051	664
63.0	70.51141498721829	665
