y	y_hat	y_index
77.9849315068493	76.16520260113631	414
70.7671232876712	72.77729541386331	415
71.4780821917808	71.22537812566732	416
