y	y_hat	y_index
83.3780821917808	69.85311223270405	138
60.6835616438356	71.42591852644567	139
84.7506849315069	75.19679655141248	140
