y	y_hat	y_index
78.3452054794521	76.44889544851424	303
63.5232876712329	70.06587472335572	304
79.3643835616438	71.98861136355562	305
