y	y_hat	y_index
73.558904109589	67.1180391904267	369
65.086301369863	74.51131572527734	370
70.6671232876712	72.50312219251224	371
