y	y_hat	y_index
84.1397260273973	74.49368772395015	552
75.3260273972603	73.9858563318988	553
78.4013698630137	76.08353846492003	554
