y	y_hat	y_index
75.1452054794521	75.58335856038607	423
75.6369863013699	67.01378394690786	424
74.7534246575342	71.07858187225708	425
