y	y_hat	y_index
81.0643835616438	75.94855260301927	21
79.0342465753425	75.87862014167573	22
71.7452054794521	74.0612153090147	23
