y	y_hat	y_index
79.5232876712329	74.62813052566209	477
71.7657534246575	73.73149037396223	478
60.718372666497935	70.15490003569502	479
