y	y_hat	y_index
83.0164383561644	77.26001827225849	426
72.8671232876712	71.19672289406797	427
74.9616438356164	80.9307897158522	428
