y	y_hat	y_index
79.1986301369863	75.47368979235691	135
74.7835616438356	79.20336012443897	136
71.8890410958904	72.0089964994519	137
