y	y_hat	y_index
76.8506849315069	80.66434079271995	699
77.1630136986301	77.4886914068309	700
70.4534246575342	74.9156684480057	701
