y	y_hat	y_index
71.6835616438356	70.96212378105149	156
77.872602739726	82.19597501842401	157
70.7671232876712	72.76554306977802	158
