y	y_hat	y_index
59.6616438356164	68.32975093486841	345
87.6534246575342	76.5098920814674	346
70.5123287671233	75.26418305509841	347
