y	y_hat	y_index
79.5657534246575	74.01760113844927	372
75.2452054794521	71.60567722490964	373
80.9849315068493	74.9986345978063	374
