y	y_hat	y_index
78.4671232876712	75.17626674242038	222
74.5424657534247	69.54779293440306	223
76.0369863013699	75.22740948192707	224
