y	y_hat	y_index
69.4808219178082	71.96008514943343	453
80.072602739726	78.44988142324524	454
61.686301369863	68.06292689839145	455
