y	y_hat	y_index
70.4616438356164	72.42962255072185	645
88.4753424657534	73.80524681372259	646
78.0616438356164	72.4098809116683	647
