y	y_hat	y_index
72.8506849315069	75.71554385045744	660
57.1780821917808	65.66568535827682	661
63.4232876712329	68.16926805174711	662
