y	y_hat	y_index
73.5479452054795	78.55451928788504	564
87.5506849315069	79.66798512054224	565
72.8506849315069	70.39872418835347	566
