y	y_hat	y_index
76.1506849315069	78.58833904562313	540
64.5643835616438	72.70907621770075	541
87.1643835616438	82.36135752955485	542
