y	y_hat	y_index
85.5397260273973	81.94114821681326	249
74.372602739726	70.94212815132704	250
67.4616438356164	67.70498103856247	251
