y	y_hat	y_index
69.9835616438356	67.70817573984057	0
72.5561643835616	73.41515438611869	1
71.3616438356164	70.9066432350757	2
