y	y_hat	y_index
76.0424657534247	73.36695180693366	630
61.5917808219178	73.83287931199315	631
75.7424657534247	73.29965243876948	632
