y	y_hat	y_index
72.7013698630137	71.31525389641202	57
77.8342465753425	72.2227547929093	58
79.7643835616438	74.77471990992757	59
