y	y_hat	y_index
79.1424657534247	73.7814628233863	513
73.2616438356164	76.39947673755569	514
64.3027397260274	78.14565794651934	515
