y	y_hat	y_index
75.758904109589	83.0694014931414	327
61.7671232876712	69.73118341925264	328
80.8534246575342	82.52660838900042	329
