y	y_hat	y_index
72.3616438356164	74.48619856977285	147
73.5780821917808	73.30504240737835	148
84.4452054794521	77.21262831914773	149
