y	y_hat	y_index
67.9041095890411	70.10405290897964	705
70.4397260273973	75.92690633436717	706
62.8479452054794	71.25201296930292	707
