y	y_hat	y_index
73.6780821917808	69.18517301268903	255
72.5534246575342	73.69599742500147	256
72.3643835616438	76.23625826215664	257
