y	y_hat	y_index
70.4219178082192	74.67783101081095	603
65.9424657534247	68.98636801620675	604
68.1698630136986	68.08930288140989	605
