y	y_hat	y_index
63.6616438356164	71.1894673383887	462
73.0424657534247	72.12038153978935	463
63.5506849315069	72.09790737393328	464
