y	y_hat	y_index
71.4780821917808	72.0495945630036	525
65.6561643835616	73.47797530713311	526
71.9479452054795	74.15515378876513	527
