y	y_hat	y_index
75.7315068493151	73.170967146302	573
63.8178082191781	72.41891788402921	574
70.572602739726	72.99712484632042	575
