y	y_hat	y_index
80.3013698630137	73.53234917761598	531
73.0534246575342	73.84728203992788	532
69.1986301369863	73.26260133541628	533
