y	y_hat	y_index
72.1260273972603	80.55854252718389	78
82.5109589041096	77.71086994482826	79
60.6205479452055	72.07255575291198	80
