y	y_hat	y_index
78.1698630136986	72.95729786483881	690
79.0479452054795	72.52361846033426	691
77.3452054794521	73.08739595197903	692
