y	y_hat	y_index
67.9479452054795	64.57714501178691	42
70.086301369863	72.54046132339387	43
82.17005428820563	79.41729017331518	44
