y	y_hat	y_index
86.3630136986301	81.1426805577434	51
82.672602739726	72.74520095338029	52
71.6808219178082	77.24628609629697	53
