y	y_hat	y_index
70.8616438356164	76.68214841446576	330
84.7424657534247	76.666200564706	331
62.7643835616438	72.81646805776933	332
