y	y_hat	y_index
75.8780821917808	78.5664637866884	3
71.2671232876712	71.40837014344316	4
61.0808219178082	67.20265096985548	5
