y	y_hat	y_index
61.9780821917808	72.4162086878214	300
73.2616438356164	71.74642051382574	301
80.6506849315069	78.45628038841213	302
