y	y_hat	y_index
83.1506849315069	77.56579079527202	546
71.7506849315069	75.18699910848787	547
71.5260273972603	76.48663884683201	548
