y	y_hat	y_index
80.8287671232877	78.83448223966076	102
75.1794520547945	71.70540274618584	103
80.1808219178082	70.45399707134737	104
