y	y_hat	y_index
79.6849315068493	79.69458590600954	651
68.8616438356164	76.31250473878424	652
64.9712328767123	71.69380326969056	653
