y	y_hat	y_index
64.0794520547945	75.36847926720871	732
69.558904109589	72.0725708070535	733
