y	y_hat	y_index
65.4931506849315	71.2658487541687	228
73.3301369863014	70.649051510124	229
68.2506849315069	74.70928063043227	230
