y	y_hat	y_index
76.3397260273973	78.531721938878	543
83.2342465753425	76.90070536437699	544
64.7561643835616	72.21887653094723	545
