y	y_hat	y_index
77.9479452054795	74.41093129308344	405
67.3671232876712	69.09976983220913	406
65.5315068493151	73.78593651017424	407
