y	y_hat	y_index
67.0835616438356	70.78438897861885	114
80.8643835616438	73.59953284362231	115
56.9643835616438	69.70160059194042	116
