y	y_hat	y_index
78.986301369863	78.60871677333213	105
72.2095890410959	75.24337200868824	106
78.9657534246575	73.19386012506222	107
