y	y_hat	y_index
69.4808219178082	77.80152390133372	609
83.6205479452055	82.1390845209733	610
75.1643835616438	72.07001143439678	611
