y	y_hat	y_index
88.2643835616438	75.05166127052712	606
73.7821917808219	75.83331527289818	607
82.4534246575342	73.78159342490343	608
