y	y_hat	y_index
71.2808219178082	70.23367764641196	730
76.0232876712329	77.8528084752257	731
