y	y_hat	y_index
75.8890410958904	72.94014101206821	33
85.7260273972603	71.53753349398906	34
75.7424657534247	70.69949714769533	35
