y	y_hat	y_index
71.8424657534247	71.58483348143467	684
75.9369863013699	73.48546281232584	685
72.9849315068493	69.42411347383523	686
