y	y_hat	y_index
64.7698630136986	67.36503240285317	45
77.7643835616438	75.44817662439561	46
60.7616438356164	69.4499906419154	47
