y	y_hat	y_index
65.2657534246575	68.83881821184744	36
77.6616438356164	76.7208100516404	37
67.958904109589	69.81996418249118	38
