y	y_hat	y_index
81.8821917808219	73.9916143777961	636
63.9753424657534	72.94098285168108	637
76.5616438356164	73.22596845426266	638
