y	y_hat	y_index
75.8616438356164	73.23142932201068	165
70.7643835616438	69.93451970371886	166
73.372602739726	74.10751465444076	167
