y	y_hat	y_index
84.2808219178082	79.29300768230605	465
60.0534246575343	71.61681982552189	466
78.058904109589	76.08731698742957	467
