y	y_hat	y_index
71.2369863013699	77.56469469476606	324
63.8479452054794	71.34971599312294	325
79.6890410958904	72.26386379690999	326
