y	y_hat	y_index
80.8671232876712	70.29862145555313	192
72.1698630136986	74.02596391410891	193
77.9698630136986	74.7407709976391	194
