y	y_hat	y_index
71.4671232876712	75.70176670723225	588
78.1986301369863	77.85638482679701	589
62.5698630136986	72.97804489049636	590
