y	y_hat	y_index
71.3835616438356	72.25198420795444	429
78.072602739726	78.35278135055208	430
70.8835616438356	79.73764529646223	431
