y	y_hat	y_index
62.8698630136986	74.40918339424752	177
80.3534246575342	76.19173345449434	178
63.7506849315068	71.17566110843245	179
