y	y_hat	y_index
80.3753424657534	71.30260340357702	258
74.3452054794521	78.56492800135328	259
75.058904109589	70.39636440388296	260
