y	y_hat	y_index
77.9424657534247	77.79141490444674	264
75.3808219178082	72.07114143343041	265
67.6109589041096	77.01979316150354	266
