y	y_hat	y_index
85.4698630136986	74.70011138794946	724
78.7397260273973	76.81353229275531	725
