y	y_hat	y_index
74.9643835616438	74.0798383802382	696
73.8616438356164	71.21966951997234	697
75.1808219178082	75.11434880781533	698
