y	y_hat	y_index
68.9616438356164	74.15548180218414	180
76.7671232876712	75.50405319876593	181
72.4479452054795	72.0515111047	182
