y	y_hat	y_index
82.2808219178082	72.29920661633476	597
81.1958904109589	76.2463519963642	598
61.0643835616438	69.19972398408888	599
