y	y_hat	y_index
68.872602739726	70.88748609619478	270
78.2671232876712	72.20797235537293	271
71.158904109589	72.08897041671861	272
