y	y_hat	y_index
65.2561643835616	72.70435046329192	456
75.6808219178082	67.76737433368385	457
74.9835616438356	71.06274353747364	458
