y	y_hat	y_index
69.1876712328767	71.49566101145722	9
77.5616438356164	74.18017059894537	10
59.7616438356164	74.51858947600766	11
