y	y_hat	y_index
67.9342465753425	70.08351853875665	693
78.5287671232877	75.03574502386024	694
88.3315068493151	77.23065244176905	695
