y	y_hat	y_index
83.058904109589	75.60249116037849	159
72.3657534246575	75.72684013606454	160
70.4698630136986	71.01318402431195	161
