y	y_hat	y_index
74.6013698630137	74.53495170118447	333
76.2835616438356	71.28740612446934	334
73.958904109589	77.62957596378645	335
