y	y_hat	y_index
62.7808219178082	69.72504258998545	234
81.3232876712329	71.4442101926268	235
76.0616438356164	69.69522250825366	236
