y	y_hat	y_index
78.2671232876712	74.00385868569205	459
84.3452054794521	77.03339912371453	460
81.8397260273973	78.28907623388932	461
