y	y_hat	y_index
76.1753424657534	76.49150439304354	117
68.3068493150685	72.90941804533122	118
75.3452054794521	77.0036153732179	119
