y	y_hat	y_index
79.3561643835616	73.64014675593415	399
73.9616438356164	70.15595993110533	400
75.3972602739726	79.33450438908605	401
