y	y_hat	y_index
84.5356164383562	72.8221402909003	18
69.3849315068493	68.70782717647523	19
71.1561643835616	73.98790493404839	20
