y	y_hat	y_index
69.9506849315069	76.79743470477635	288
70.7260273972603	72.58704001109466	289
71.3424657534247	71.33166306916675	290
