y	y_hat	y_index
55.0041095890411	66.99320591427343	534
72.4780821917808	73.38166000375084	535
81.058904109589	76.77860271873193	536
