y	y_hat	y_index
61.2780821917808	74.24695834268297	714
87.6616438356164	82.48119588071728	715
