y	y_hat	y_index
64.4452054794521	71.97197189869539	153
72.4493150684931	69.56155349710282	154
67.958904109589	71.45384696372268	155
