y	y_hat	y_index
69.6178082191781	71.05837766588454	558
82.9027397260274	75.43067589460837	559
72.3260273972603	71.01257141506716	560
