y	y_hat	y_index
82.3958904109589	83.92716128020922	273
74.7342465753425	75.330180474883	274
72.158904109589	78.73457972938158	275
