y	y_hat	y_index
69.4178082191781	72.61700975577524	618
65.9890410958904	71.41940515736188	619
83.1808219178082	76.33036144645652	620
