y	y_hat	y_index
66.6397260273973	72.1179121373503	432
76.1780821917808	69.16855969321026	433
68.9479452054795	70.05856537350944	434
