y	y_hat	y_index
79.5698630136986	69.2764576713155	441
77.7753424657534	77.1137595839175	442
72.4849315068493	76.30076477256989	443
