y	y_hat	y_index
86.3917808219178	83.0990380034198	654
72.5780821917808	71.09494763625571	655
78.9753424657534	76.19792582233573	656
