y	y_hat	y_index
73.4287671232877	72.4500914469015	243
67.4643835616438	72.97003759118088	244
75.3602739726027	72.02944622920765	245
