y	y_hat	y_index
73.6616438356164	75.08336876608718	336
73.6465753424658	72.68252358989376	337
75.0671232876712	71.37734400257716	338
