y	y_hat	y_index
70.1068493150685	70.36280565618902	24
85.2808219178082	83.353316086682	25
77.3808219178082	76.72135647724215	26
