y	y_hat	y_index
73.9808219178082	66.2205845412513	96
84.0424657534247	75.98762035264829	97
75.572602739726	77.82271139509196	98
