y	y_hat	y_index
86.4643835616438	75.2817558551407	201
69.7808219178082	69.27876918030069	202
75.7835616438356	71.6490117500382	203
