y	y_hat	y_index
70.1808219178082	72.1420825010839	675
64.9561643835616	77.3505061146859	676
67.3671232876712	71.49579314955409	677
