y	y_hat	y_index
80.2794520547945	73.52050337108447	396
77.6616438356164	76.07412425014897	397
61.0	70.99126843105702	398
