y	y_hat	y_index
78.0616438356164	77.92927248457764	417
69.9986301369863	77.5878103424227	418
80.2712328767123	77.01048854085289	419
