y	y_hat	y_index
72.63989854950165	74.11724223152376	90
82.0780821917808	76.49792441585274	91
78.1698630136986	72.85335610116903	92
