y	y_hat	y_index
76.6808219178082	78.29769672791022	363
86.5808219178082	77.1250130195893	364
77.4479452054795	74.66597933047592	365
