y	y_hat	y_index
81.7643835616438	83.23625303900846	291
88.9342465753425	74.21068364883425	292
68.7479452054795	65.77584590402904	293
