y	y_hat	y_index
70.1534246575342	68.64748924617516	710
78.7479452054795	78.27357081549994	711
