y	y_hat	y_index
83.1890410958904	83.53381427035609	495
59.6452054794521	72.43316263074529	496
70.7876712328767	76.53157705776897	497
