y	y_hat	y_index
64.0534246575342	70.96857260575084	357
73.0602739726027	71.04513819410268	358
65.3561643835616	69.28147042776625	359
