y	y_hat	y_index
79.2452054794521	73.87600370623002	720
81.8671232876712	80.29840649945533	721
