y	y_hat	y_index
66.6753424657534	73.18171800160505	225
73.5808219178082	70.63209676556791	226
78.8835616438356	70.14412902671496	227
