y	y_hat	y_index
61.0178082191781	67.51525207929402	507
78.4780821917808	80.21949197411058	508
77.2479452054795	73.2922988468551	509
