y	y_hat	y_index
55.1616438356164	69.90248398072157	354
83.2534246575342	76.79830288489636	355
78.4397260273973	74.66818857474719	356
