y	y_hat	y_index
77.658904109589	71.67431065642111	132
75.7808219178082	79.37015884389373	133
77.5698630136986	75.1745461722018	134
