y	y_hat	y_index
69.0561643835616	71.81819000270225	216
59.4041095890411	69.49127887375914	217
73.4232876712329	72.03318271461545	218
