y	y_hat	y_index
79.2232876712329	72.4558141716766	360
56.4287671232877	70.56452299577502	361
87.2835616438356	76.40932241721796	362
