y	y_hat	y_index
64.5616438356164	71.31096593954825	279
71.158904109589	71.9312530012666	280
77.0643835616438	70.96573318593136	281
