y	y_hat	y_index
72.1630136986301	71.59526322262197	615
83.8506849315069	82.8369942673595	616
72.4424657534247	77.79911088138073	617
