y	y_hat	y_index
75.8260273972603	80.89295846222203	237
75.1342465753425	75.51977454891919	238
66.7178082191781	73.09768353027383	239
