y	y_hat	y_index
76.1780821917808	70.99762590621059	240
80.1794520547945	74.56260244910209	241
73.6506849315069	75.09477078784546	242
