y	y_hat	y_index
62.1780821917808	73.06614675504976	318
58.9424657534247	73.08214763687417	319
65.5671232876712	70.72175068356931	320
