y	y_hat	y_index
66.4369863013699	68.29618003922656	712
65.5671232876712	72.81369737271561	713
