y	y_hat	y_index
78.5369863013699	73.82486081836434	642
67.9986301369863	68.15994987845728	643
56.272602739726	68.69149014355995	644
