y	y_hat	y_index
90.272602739726	77.06644582598054	666
66.4561643835616	69.58349958747075	667
71.5643835616438	76.50711391569449	668
