y	y_hat	y_index
72.986301369863	69.06270702256028	309
72.7424657534247	75.97066170296914	310
61.9534246575342	75.0164357286907	311
