y	y_hat	y_index
73.2808219178082	75.58731296334574	468
76.3424657534247	74.73700141087294	469
77.7643835616438	73.08216689824934	470
