y	y_hat	y_index
88.5698630136986	76.12940067195774	261
76.8657534246575	72.92265573598034	262
87.7698630136986	76.40574734002334	263
