y	y_hat	y_index
75.4452054794521	75.32625259557851	120
65.2424657534247	75.63454659277357	121
78.686301369863	71.08738901158979	122
