y	y_hat	y_index
85.458904109589	72.00630812610261	579
65.3698630136986	71.34830431110488	580
78.5808219178082	82.89841043321134	581
