y	y_hat	y_index
73.9561643835616	68.7772814771336	728
79.9397260273973	72.6047236470072	729
