y	y_hat	y_index
83.2643835616438	78.17784643591907	519
84.6671232876712	84.00680957017164	520
70.8287671232877	76.94598062427636	521
