y	y_hat	y_index
83.8205479452055	79.42393212512954	93
75.0342465753425	78.19461872389273	94
77.4808219178082	73.53813839392708	95
