y	y_hat	y_index
83.9095890410959	74.6432884399171	108
77.3616438356164	81.3602088435425	109
79.1082191780822	74.86636611117832	110
