y	y_hat	y_index
56.3027397260274	73.3832525978069	483
64.5808219178082	69.43376566176956	484
79.1671232876712	79.04176724640791	485
