y	y_hat	y_index
73.9424657534247	73.39216998198843	390
71.9041095890411	73.97417262251	391
70.8260273972603	79.10337511133493	392
