y	y_hat	y_index
68.2205479452055	72.65641572025126	726
70.8342465753425	64.20604587986777	727
