y	y_hat	y_index
73.958904109589	69.62248702765638	486
83.258904109589	79.35223835218457	487
68.2780821917808	66.05984932602128	488
