y	y_hat	y_index
78.6	70.40341034142605	39
85.3780821917808	71.32011132274062	40
72.2452054794521	68.12229660218804	41
