y	y_hat	y_index
64.3424657534247	75.15897224150702	672
70.9534246575342	66.60150278800586	673
72.6397260273973	70.46823581681791	674
