y	y_hat	y_index
70.4698630136986	72.79594284118751	516
86.6369863013699	76.74253763509375	517
77.8835616438356	77.81733701245659	518
