y	y_hat	y_index
74.7287671232877	71.49229457407422	594
55.8808219178082	69.06047320722048	595
68.1643835616438	72.20235892700953	596
