y	y_hat	y_index
88.7369863013699	80.09665630397055	384
75.8534246575342	72.4701673047669	385
87.758904109589	79.9861959521387	386
