y	y_hat	y_index
70.3246575342466	77.81705643228136	342
79.1698630136986	74.21549644148521	343
78.8383561643836	77.42946055097084	344
