y	y_hat	y_index
84.2205479452055	71.93658005452804	210
72.3534246575342	74.74480723401817	211
79.672602739726	79.26573468253007	212
