y	y_hat	y_index
62.1205479452055	71.11760672339096	411
68.9890410958904	71.09875081912108	412
77.9397260273973	73.29282566510587	413
