y	y_hat	y_index
60.0232876712329	69.8446425147748	366
81.7013698630137	78.12798474447402	367
71.0506849315069	75.10347428192244	368
