y	y_hat	y_index
54.2739726027397	73.32363174252448	522
74.8164383561644	67.17462364634204	523
61.9561643835616	76.61100561492056	524
