y	y_hat	y_index
84.3616438356164	78.57632234450013	168
85.5369863013699	81.36355118309733	169
75.0671232876712	78.72973389417986	170
