y	y_hat	y_index
76.7041095890411	67.86063297815593	348
73.2479452054795	75.93467724993995	349
67.3205479452055	73.88369482237476	350
