y	y_hat	y_index
74.1342465753425	77.88767957819717	420
74.4698630136986	71.37981482134909	421
78.1808219178082	77.51704500755501	422
