y	y_hat	y_index
74.0315068493151	77.359342811408	408
76.5150684931507	77.12107200354554	409
65.0561643835616	70.14708381574872	410
