y	y_hat	y_index
71.4753424657534	70.33884583441352	600
74.6616438356164	79.49986417892909	601
76.0095890410959	76.11246270752468	602
