y	y_hat	y_index
75.5616438356164	71.42787799550047	387
79.1671232876712	76.29165402120479	388
79.2534246575342	78.21182844782408	389
