y	y_hat	y_index
73.1616438356164	70.29897034718603	567
56.3643835616438	68.43721031769991	568
74.6534246575342	78.54935522876939	569
