y	y_hat	y_index
55.8671232876712	72.04774916370374	657
84.5506849315069	81.48004879800841	658
62.3821917808219	70.01166291859914	659
