y	y_hat	y_index
69.2013698630137	68.58721175587013	648
72.2397260273973	67.55877546369905	649
70.4753424657534	67.28538694575481	650
