y	y_hat	y_index
74.4808219178082	67.34265642731134	144
82.1643835616438	75.47955426116323	145
82.6643835616438	82.35209068254224	146
