y	y_hat	y_index
60.1671232876712	64.87112270132596	489
76.5342465753425	75.55837188275162	490
69.172602739726	69.39444859417488	491
