y	y_hat	y_index
57.7369863013699	70.62956536976992	678
72.0013698630137	73.94947973229418	679
75.572602739726	72.52725541295098	680
