y	y_hat	y_index
68.0479452054795	76.84379396770794	75
81.6397260273973	75.94642020181108	76
68.2753424657534	78.74221099868339	77
