y	y_hat	y_index
65.086301369863	78.01572133910587	183
69.1657534246575	64.91623401613384	184
71.6835616438356	71.06279184224096	185
