y	y_hat	y_index
88.2561643835616	72.93784403020838	99
72.158904109589	72.14642957875996	100
75.7808219178082	75.75979189215008	101
