y	y_hat	y_index
63.9821917808219	73.28418186415178	87
78.2808219178082	72.7410246352854	88
65.772602739726	78.51856873990948	89
