y	y_hat	y_index
69.9479452054795	71.13104461121837	162
75.9671232876712	77.07121198110102	163
81.4821917808219	79.265338467105	164
