y	y_hat	y_index
61.0424657534247	70.81268815217335	444
68.058904109589	74.98357693318363	445
74.9260273972603	72.52896335175451	446
