y	y_hat	y_index
81.8835616438356	79.98718770789748	501
73.558904109589	66.55311356267342	502
63.3452054794521	74.948757422303	503
