mae_mean	mae_single
5.81290167821753	5.887120881584076
