mae_mean	mae_single
5.120600140413111	5.120600140413111
