mae_mean	mae_single
4.780081073754817	4.791385398934116
