mae_mean	mae_single
5.18128234994216	5.246295868558813
