mae_mean	mae_single
5.282734359892049	5.285113131584862
