mae_mean	mae_single
5.155854105428782	5.15103373527613
