mae_mean	mae_single
5.267173225325828	5.272262686996426
