mae_mean	mae_single
5.430189685510247	5.450061164182283
