mae_mean	mae_single
5.915576101779894	5.907433666295802
