mae_mean	mae_single
4.308875965232945	4.308875965232945
