mae_mean	mae_single
4.756430507233074	4.756430507233074
