mae_mean	mae_single
4.994684221767833	4.963305397499553
