mae_mean	mae_single
4.5229098454891945	4.563277635884548
