mae_mean	mae_single
4.587691537250598	4.668726498640345
