mae_mean	mae_single
5.493076640468645	5.547593683756682
