mae_mean	mae_single
5.303166811590988	5.36862946800438
