mae_mean	mae_single
5.250246387820333	5.255298905275927
