mae_mean	mae_single
4.990721843335157	5.300044302548876
