mae_mean	mae_single
5.451857338368646	5.538932030122643
