mae_mean	mae_single
5.390385783700275	5.228781001581851
