mae_mean	mae_single
6.491369076277764	6.556670950920235
