mae_mean	mae_single
4.305818132535095	4.376835545805549
