mae_mean	mae_single
5.606056220158811	6.003654118230036
