mae_mean	mae_single
5.374937805291569	5.431826391743456
