mae_mean	mae_single
5.618136538529667	5.6246067104922615
