mae_mean	mae_single
6.075827219661596	6.075827219661596
