mae_mean	mae_single
5.186692174858699	5.710340965626988
