mae_mean	mae_single
6.001971513586611	6.00585626837307
