mae_mean	mae_single
4.706696280749863	4.7607444501734495
