mae_mean	mae_single
5.356405392451023	5.344852490332936
