mae_mean	mae_single
4.970884466677433	5.147887260084914
