mae_mean	mae_single
4.911487663452882	4.860420262585173
