mae_mean	mae_single
5.319253647958649	5.338959435102137
