mae_mean	mae_single
5.37040660295586	5.428303606630788
