mae_mean	mae_single
6.2976938719710445	6.30576364048359
