mae_mean	mae_single
5.017690890024026	5.4447651402250745
