mae_mean	mae_single
5.377766308302293	5.37837887540802
