mae_mean	mae_single
5.5043793911822165	5.530481542821469
