mae_mean	mae_single
5.295827702842058	5.2737123822612
