mae_mean	mae_single
5.4857951622412395	5.483211529459245
