mae_mean	mae_single
5.304905931775077	5.311287146107269
