mae_mean	mae_single
6.347363812460822	6.457859057098161
