mae_mean	mae_single
4.57173377232261	4.645770239278949
