mae_mean	mae_single
5.591052901714983	5.6272832311736485
