mae_mean	mae_single
5.639859563906402	5.6383954318208485
