mae_mean	mae_single
5.057842309756765	5.056777172417619
