mae_mean	mae_single
5.603567631377947	5.909840289352473
