mae_mean	mae_single
4.746766293128821	4.745946556450659
