mae_mean	mae_single
4.876861391665609	4.918682566478304
