mae_mean	mae_single
4.509020939482608	4.318768418495192
