mae_mean	mae_single
4.289343074811913	4.297492561461095
