mae_mean	mae_single
4.852344961272491	4.815506832924823
