mae_mean	mae_single
5.745267302975975	5.77084157666362
