mae_mean	mae_single
5.392319194849835	5.401488568769912
