mae_mean	mae_single
4.705727734207871	4.6444113732117716
