mae_mean	mae_single
5.692988594188584	5.730662247489807
