mae_mean	mae_single
4.554043990890145	4.723490476487844
