mae_mean	mae_single
5.30580360900834	5.252432622022743
