mae_mean	mae_single
4.324234352922287	4.642010105529169
