mae_mean	mae_single
4.075056442020681	4.050189983605976
