mae_mean	mae_single
5.269410227063972	5.368427919702156
