mae_mean	mae_single
5.871801644059363	5.9147518887227655
