mae_mean	mae_single
4.192405735262639	4.159308376161039
