mae_mean	mae_single
5.795872901391778	5.798884102442306
