mae_mean	mae_single
4.681559215325403	4.680213712935719
