mae_mean	mae_single
6.03490360738562	6.0526152379911595
