mae_mean	mae_single
4.7944182554887655	4.787781624407318
