mae_mean	mae_single
5.206862451680931	5.456534456667123
