mae_mean	mae_single
5.864543977788163	5.833329924108344
