mae_mean	mae_single
5.325039290107455	5.303518456381171
