mae_mean	mae_single
5.2907827985652975	5.70453561566308
