mae_mean	mae_single
5.367677529881635	5.387510208358384
