mae_mean	mae_single
4.559867296444997	4.559867296444997
