mae_mean	mae_single
3.320570422870967	3.416915566646864
