mae_mean	mae_single
2.2199509124412913	3.203879594566042
