mae_mean	mae_single
5.933144041403334	7.217196641247544
