mae_mean	mae_single
3.099135976365446	2.4248411201472115
