mae_mean	mae_single
3.9578106511269056	3.4476738742790616
