mae_mean	mae_single
8.762049263848288	8.515987322765076
