mae_mean	mae_single
2.7949864350758893	1.974415766251217
