mae_mean	mae_single
4.644140709790591	4.567995061665077
