mae_mean	mae_single
5.902217656190032	5.224640034713896
