mae_mean	mae_single
4.434106015633968	4.552297779326669
