mae_mean	mae_single
5.242378010686717	5.435779885604835
