mae_mean	mae_single
1.767991348834651	1.5766426809808962
