mae_mean	mae_single
5.094662886308275	5.157918241317617
