mae_mean	mae_single
7.484324477567552	6.753039222950679
