mae_mean	mae_single
7.498077234881872	6.497724873858303
