mae_mean	mae_single
6.973831674459234	4.897509365815168
