mae_mean	mae_single
6.239671434701918	5.855776775342136
