mae_mean	mae_single
7.9199449388455845	7.403080559724131
