mae_mean	mae_single
6.0390186156812815	5.6800805615171255
