mae_mean	mae_single
7.650652936354978	7.703261867922042
