mae_mean	mae_single
6.751170139286818	7.482545429314096
