mae_mean	mae_single
4.795558508994046	4.68712038820185
