mae_mean	mae_single
2.0374299564258584	1.8921934715468798
