mae_mean	mae_single
7.064231793847526	7.608192722506345
