mae_mean	mae_single
5.3800508282027835	5.641429648815361
