mae_mean	mae_single
5.41712389986301	5.162995522234681
