mae_mean	mae_single
2.6603489152879924	1.7901760294063156
