mae_mean	mae_single
3.867307879917874	4.355459853827355
