mae_mean	mae_single
5.8691488497962565	4.628883429004134
