mae_mean	mae_single
4.326655044668603	4.432794299995829
