mae_mean	mae_single
5.623948212869593	5.653868347302828
