mae_mean	mae_single
6.414353707403312	6.429049991374607
