mae_mean	mae_single
14.179664044145227	12.549276249473671
