mae_mean	mae_single
7.639143984761361	7.853314799258219
