mae_mean	mae_single
13.746303159640023	12.405052442891046
