mae_mean	mae_single
10.804060648544386	10.55857114548303
