mae_mean	mae_single
5.370608980651771	6.651015050664374
