mae_mean	mae_single
9.619917164729117	9.771557369126304
