mae_mean	mae_single
1.963573535387179	1.9169097647160669
