mae_mean	mae_single
3.5478456796908326	4.252641915780795
