mae_mean	mae_single
5.504965016301469	5.050138133531192
