mae_mean	mae_single
7.6241994231271475	7.849905802979824
