mae_mean	mae_single
7.08215662133387	7.852658129301342
