mae_mean	mae_single
7.149336445199992	7.31710722899354
