mae_mean	mae_single
2.9025912240493406	3.018713328176067
