mae_mean	mae_single
3.43511427195709	4.213975972897177
