mae_mean	mae_single
4.353379558757628	4.248911074707682
