mae_mean	mae_single
5.856799275053862	5.956059557352155
