mae_mean	mae_single
10.184260454334762	8.130063904025633
