mae_mean	mae_single
3.8165237923863344	4.233183573926904
