mae_mean	mae_single
1.4812744245838114	3.1309828478180797
