mae_mean	mae_single
2.294364704520845	2.3567536814932453
