mae_mean	mae_single
5.785511090385	5.911251877458265
