mae_mean	mae_single
6.552324973964673	6.417397793184648
