mae_mean	mae_single
5.6873328470585705	5.236666985329639
