mae_mean	mae_single
6.57977022102574	6.57977022102574
