mae_mean	mae_single
6.094243743886892	6.155765306539668
