mae_mean	mae_single
3.989646399405558	3.738957842134534
