mae_mean	mae_single
2.201158654437421	0.9814287503345582
