mae_mean	mae_single
4.616776752887105	4.287892708000409
