mae_mean	mae_single
6.774356225391131	7.682635719225388
