mae_mean	mae_single
5.429780284615551	5.15202420170498
