mae_mean	mae_single
3.682960335039354	3.6158697787727854
