mae_mean	mae_single
5.400748961199852	4.984956397632359
