mae_mean	mae_single
8.624013206107582	8.377270086406497
