mae_mean	mae_single
4.3490811231728586	5.969812322810628
