mae_mean	mae_single
8.629967817150098	8.61246314068056
