mae_mean	mae_single
3.681229641853264	2.1877499026815457
