mae_mean	mae_single
3.9045135382959066	3.850246114394546
