mae_mean	mae_single
4.8965042801111665	6.220523941452406
