mae_mean	mae_single
9.087198185446633	10.060655846438962
