mae_mean	mae_single
4.278320704752701	4.569649349375055
