mae_mean	mae_single
5.720307012521768	6.365872902454228
