mae_mean	mae_single
8.33240675492079	8.537038805380732
