mae_mean	mae_single
3.35867609571757	3.1055478386830138
