mae_mean	mae_single
5.467075823496249	4.981294444798668
