mae_mean	mae_single
5.426770766335035	5.549022495011688
