mae_mean	mae_single
6.462814968285175	5.992282872158623
