mae_mean	mae_single
7.612184572558081	7.039682288505955
