mae_mean	mae_single
3.8336017757398366	4.001790691001001
