mae_mean	mae_single
2.244154255106485	1.667582778230847
