mae_mean	mae_single
4.79231390680494	4.543000991145523
