mae_mean	mae_single
9.817408554550434	9.959019518011734
