mae_mean	mae_single
1.7168766741198738	1.6921834589767641
