mae_mean	mae_single
6.4357238563297825	6.513658216279571
