mae_mean	mae_single
7.92744404105964	7.997393304574412
