mae_mean	mae_single
7.731414580281476	7.470333216531269
