mae_mean	mae_single
5.278566918584498	4.307100654820867
