mae_mean	mae_single
4.948626744776362	5.871089824073938
