mae_mean	mae_single
3.483814952802694	3.499882685137687
