mae_mean	mae_single
3.776182836553341	3.74914536681761
