mae_mean	mae_single
3.0523979845865625	3.1698944985977087
