mae_mean	mae_single
6.125236977346641	5.9738786556841745
