mae_mean	mae_single
4.448804458361717	3.546082970433664
