mae_mean	mae_single
5.616681625014432	6.036588678183942
