mae_mean	mae_single
5.5114617732663715	4.04843244704954
