mae_mean	mae_single
12.366207907259414	11.410425402650702
