mae_mean	mae_single
6.072269486173778	6.063668658537762
