mae_mean	mae_single
3.821793428783901	4.927993502339921
