mae_mean	mae_single
3.1921047764297015	3.7472651896454607
