mae_mean	mae_single
6.968557608525273	6.859019446738202
