mae_mean	mae_single
7.834716541355398	8.519022780082567
