mae_mean	mae_single
8.017231259285845	7.772296363717004
