mae_mean	mae_single
3.1039157691690584	3.0466880363228057
