mae_mean	mae_single
2.42985248680561	2.047032519049793
