mae_mean	mae_single
6.478025715594207	6.4344319115667075
