mae_mean	mae_single
5.092533384159499	5.108486731032755
