mae_mean	mae_single
7.625178818230519	7.165677821221071
