mae_mean	mae_single
7.911257086685396	7.911257086685396
