mae_mean	mae_single
1.3781719299209005	1.4647683845009283
