mae_mean	mae_single
3.934957551560695	4.4306150945280365
