mae_mean	mae_single
6.438496676410968	5.7267171004265975
