mae_mean	mae_single
5.99114504557537	6.477024899362793
