mae_mean	mae_single
7.225978660739609	6.5947440075319435
