mae_mean	mae_single
3.8445799022727556	3.773433394731171
