mae_mean	mae_single
3.1221315361872826	3.153061126888678
