mae_mean	mae_single
4.012119435708475	3.333401652678963
