mae_mean	mae_single
6.21877215812593	6.611813547057636
