mae_mean	mae_single
5.125191092244108	3.8548959720239915
