mae_mean	mae_single
6.119910926863331	5.500074145151743
