mae_mean	mae_single
8.11887960979774	8.113498140205119
