mae_mean	mae_single
3.3886719131905423	2.569005660028099
