mae_mean	mae_single
5.410712987011557	5.934287486004429
