mae_mean	mae_single
3.7048345376678924	3.2362895910367606
