mae_mean	mae_single
9.423879046115431	9.766067938183449
