mae_mean	mae_single
4.917995526388277	4.734068217111916
