mae_mean	mae_single
7.8764146027112405	7.541548429687249
