mae_mean	mae_single
2.86137378552921	3.223060148324142
