mae_mean	mae_single
6.681569537148481	7.0488410157599235
