mae_mean	mae_single
7.1312109245936215	7.339060317715696
