mae_mean	mae_single
6.2854579976548495	6.306144425814272
