mae_mean	mae_single
5.302553797061871	5.194114319038206
