mae_mean	mae_single
3.952396778589076	3.859137555040865
