mae_mean	mae_single
4.854922560681175	4.433121311780051
