mae_mean	mae_single
2.5490281104591666	2.8501630884123443
