mae_mean	mae_single
6.030353221137001	8.054478882520362
