mae_mean	mae_single
4.564323159447421	3.50560924390084
