mae_mean	mae_single
7.418349981960543	7.224483392882071
