mae_mean	mae_single
4.843623903151642	4.429711095867447
