mae_mean	mae_single
8.529876627303546	8.971676383753413
