mae_mean	mae_single
3.6355277920725086	3.9193703648241986
