mae_mean	mae_single
3.6341029289339417	3.184329577181728
