mae_mean	mae_single
4.865725826047836	5.712761880323616
