mae_mean	mae_single
8.615801257059752	8.468427977198019
