mae_mean	mae_single
4.647266770058484	3.8543408654045805
