mae_mean	mae_single
10.07185346132868	10.043795328410418
