mae_mean	mae_single
11.952781133171937	11.93582518631703
