mae_mean	mae_single
9.297638716711033	8.981673317548221
