mae_mean	mae_single
4.787962321510733	4.132046414257611
