mae_mean	mae_single
6.325116023485367	6.355618609999318
