mae_mean	mae_single
8.332866657311206	8.297491630599998
