mae_mean	mae_single
5.916567015434443	5.109825912111394
