mae_mean	mae_single
4.333619935988025	5.917661064030061
