mae_mean	mae_single
4.134238908823534	3.8004538247285353
