mae_mean	mae_single
5.6065125139087	6.236726546746262
