mae_mean	mae_single
4.406809616648073	4.967062835256018
