mae_mean	mae_single
4.711757850939525	4.579012117390424
