mae_mean	mae_single
6.157880714879575	5.762261013555286
