mae_mean	mae_single
7.298165195796163	6.2250726230118785
