mae_mean	mae_single
5.052373339675687	5.527475808960048
