mae_mean	mae_single
3.4125788969016924	3.3551166805266157
