mae_mean	mae_single
8.097737036556074	8.75341219280522
