mae_mean	mae_single
0.993510762491205	0.993510762491205
