mae_mean	mae_single
4.6066746860152294	4.232584425291876
