mae_mean	mae_single
5.089973760019428	5.096730062919808
