mae_mean	mae_single
2.68021863001907	2.8966511523955916
