mae_mean	mae_single
5.696845808550762	5.683626695806258
