mae_mean	mae_single
3.3139712809325865	3.639654023995386
