mae_mean	mae_single
4.927217661150787	5.341485385589341
