mae_mean	mae_single
6.12777101816845	6.164194540272206
