mae_mean	mae_single
7.3178931665867	7.356040076717278
