mae_mean	mae_single
10.188782910607522	11.687150408835457
