mae_mean	mae_single
6.6256132212187735	6.18438128733785
