mae_mean	mae_single
6.489075809485702	8.787491280356022
