mae_mean	mae_single
3.833022684656939	3.587986266800783
