mae_mean	mae_single
5.050846309108181	5.086581991888944
