mae_mean	mae_single
2.9104634691729196	2.747003161004931
