mae_mean	mae_single
10.286228593610057	10.360117798894109
