mae_mean	mae_single
1.14762794399392	0.9839203037057208
