mae_mean	mae_single
4.70194836824641	5.450479536466129
