mae_mean	mae_single
8.006024729737822	7.926914889957492
