mae_mean	mae_single
3.091112763815616	3.0430576650745613
