mae_mean	mae_single
6.9918354259086515	6.750964496038411
