mae_mean	mae_single
6.319375797137053	7.059710749856703
