mae_mean	mae_single
8.874797352040696	8.394866387483608
