mae_mean	mae_single
8.767679460186804	9.364369326329168
