mae_mean	mae_single
4.149904065856063	7.475288047210597
