mae_mean	mae_single
3.3946253456803817	2.779880189095522
