mae_mean	mae_single
4.568859817798955	4.481097439856566
