mae_mean	mae_single
2.601189552463289	3.0471782811526467
