mae_mean	mae_single
5.931393529709801	5.497308694970577
