mae_mean	mae_single
4.740509295388743	5.264184310689885
