mae_mean	mae_single
7.096034596123317	6.522188236822164
