mae_mean	mae_single
6.132533051966679	7.0595824697642895
