mae_mean	mae_single
6.291433620874112	6.003193061452326
