mae_mean	mae_single
6.031099924749083	5.636285352316134
