mae_mean	mae_single
6.626718094077792	6.38998128585402
