mae_mean	mae_single
4.9826459865686274	4.833861408749063
