mae_mean	mae_single
4.752803404503091	6.537335667874385
