mae_mean	mae_single
2.7204564274999825	4.385574609408636
