mae_mean	mae_single
6.622860117447594	6.681284273402144
