mae_mean	mae_single
4.7949056440105595	4.633057768620475
