mae_mean	mae_single
2.9068619633562065	2.394129575447432
