mae_mean	mae_single
2.2333719016420446	2.3388033343040555
