mae_mean	mae_single
6.70043484266112	4.849148140543984
