mae_mean	mae_single
6.354594349081931	6.128937896803421
