mae_mean	mae_single
6.082023778875339	4.739534205112402
