mae_mean	mae_single
6.65163597887832	7.134507362706361
