mae_mean	mae_single
1.877650607608203	2.3936171701268876
