mae_mean	mae_single
3.7575736817560093	5.084029485773708
