mae_mean	mae_single
4.422673276734457	3.8543198952930973
