mae_mean	mae_single
8.19553917697858	7.804660403207085
