mae_mean	mae_single
5.798887479064348	5.644870267198726
