mae_mean	mae_single
4.480352848038673	4.77087853815253
