mae_mean	mae_single
5.627908161533926	5.534620181258018
