mae_mean	mae_single
7.5681449540827685	8.037519114447457
