mae_mean	mae_single
3.3500319188664776	3.2288072787008653
