mae_mean	mae_single
7.223236385835288	5.2389750205365955
