mae_mean	mae_single
5.851137155340846	5.2394010272586895
