mae_mean	mae_single
4.3294909002308986	6.495886678282379
