mae_mean	mae_single
6.166252878038587	6.143967941871959
