mae_mean	mae_single
4.4843859483634345	4.682163261422332
