mae_mean	mae_single
3.8000979131018844	3.141982154548515
