mae_mean	mae_single
3.206989586579766	3.807937742392454
