mae_mean	mae_single
5.0319507809312585	5.111118144183767
