mae_mean	mae_single
6.264329361061783	5.270261271276861
