mae_mean	mae_single
3.583524378553861	3.367669526802364
