mae_mean	mae_single
4.895544459713814	5.400946534729418
