mae_mean	mae_single
2.5208563650500557	1.561430625403176
