mae_mean	mae_single
9.444818083659115	8.255521486151858
