mae_mean	mae_single
6.945585386433412	7.147154507343515
