mae_mean	mae_single
5.500873323287249	4.739457925105197
