mae_mean	mae_single
3.935898451848203	3.9271810177536537
