mae_mean	mae_single
7.861889103125823	8.642732129911716
