mae_mean	mae_single
2.3382113561577	2.3403719008969404
