mae_mean	mae_single
6.417206014438572	7.181950484524132
