mae_mean	mae_single
6.747151573153332	8.317077129355368
