mae_mean	mae_single
6.194747804028694	7.256175378753459
