mae_mean	mae_single
5.045496200484744	5.28506691991124
