mae_mean	mae_single
5.360631287858529	5.79046608909167
