mae_mean	mae_single
3.317462573470607	4.189663239187472
