mae_mean	mae_single
7.488592763903429	6.215492911769533
