mae_mean	mae_single
8.469251720694222	9.266153676014246
