mae_mean	mae_single
2.1324963208304175	1.538306350152202
