mae_mean	mae_single
8.320756199020297	7.796570722279253
