mae_mean	mae_single
4.9066586485980865	5.542476153356077
