mae_mean	mae_single
6.674585972546661	6.429875330594574
