mae_mean	mae_single
3.286913029167181	2.4746044088617296
