mae_mean	mae_single
3.9101887312079406	3.9942990935180496
