mae_mean	mae_single
5.679714451289423	4.7415718507205
