y	y_hat	y_index
79.5232876712329	76.45709287627277	477
71.7657534246575	71.46551872384721	478
60.718372666497935	74.9223409958891	479
