y	y_hat	y_index
88.2643835616438	72.8368236521092	606
73.7821917808219	70.32791045614479	607
82.4534246575342	72.47551439755856	608
