y	y_hat	y_index
71.3835616438356	72.61551034841581	429
78.072602739726	75.61011883596291	430
70.8835616438356	77.37300507253346	431
