y	y_hat	y_index
76.0424657534247	73.4200337133741	630
61.5917808219178	68.99596322175252	631
75.7424657534247	72.06250073991315	632
