y	y_hat	y_index
59.4616438356164	69.37565675616919	624
70.8178082191781	70.35854862867426	625
67.7397260273973	74.52737455390596	626
