y	y_hat	y_index
72.1712328767123	77.42387747739502	393
73.1013698630137	75.1990464281812	394
75.7835616438356	73.83647488058949	395
