y	y_hat	y_index
80.8287671232877	78.29725260247699	102
75.1794520547945	82.81848030597303	103
80.1808219178082	75.59737811063262	104
