y	y_hat	y_index
79.5808219178082	72.85192961954027	213
68.0506849315069	71.0130077033728	214
80.1835616438356	71.0004758513471	215
