y	y_hat	y_index
71.2369863013699	73.58725160067273	324
63.8479452054794	68.68188938421407	325
79.6890410958904	73.82600720440934	326
