y	y_hat	y_index
73.8643835616438	76.1539578096811	207
75.0397260273973	73.20191340251387	208
91.3068493150685	76.71522188388347	209
