y	y_hat	y_index
76.4410958904109	84.05723954690184	282
66.9931506849315	73.01339032787477	283
79.5643835616438	73.94914881776228	284
