y	y_hat	y_index
68.3904109589041	67.55768094095356	633
63.8479452054794	70.72671423424165	634
76.186301369863	73.73178467700417	635
