y	y_hat	y_index
89.2780821917808	77.8568322743151	438
77.0643835616438	71.75605605387527	439
77.1397260273973	74.12999278955431	440
