y	y_hat	y_index
68.9616438356164	70.91819232074396	180
76.7671232876712	73.5514646037383	181
72.4479452054795	69.63910562867598	182
