y	y_hat	y_index
79.2452054794521	75.2601693510372	720
81.8671232876712	81.1757367037707	721
