y	y_hat	y_index
76.3424657534247	74.62173357015408	702
74.7041095890411	78.22991874441225	703
80.4616438356164	75.74647390564527	704
