y	y_hat	y_index
64.3424657534247	72.39031372401874	672
70.9534246575342	69.84368972483654	673
72.6397260273973	72.43091432212715	674
