y	y_hat	y_index
66.4369863013699	70.37644967014215	712
65.5671232876712	69.92746805061107	713
