y	y_hat	y_index
71.8424657534247	75.50439827846859	684
75.9369863013699	68.33865597936062	685
72.9849315068493	70.89878097881731	686
