y	y_hat	y_index
71.8452054794521	68.50437078214313	402
80.1986301369863	76.48579467480388	403
78.3561643835616	73.69629392816528	404
