y	y_hat	y_index
81.7643835616438	74.27821586132798	291
88.9342465753425	79.24556732383593	292
68.7479452054795	72.81956811765872	293
