y	y_hat	y_index
65.2657534246575	70.88829707219874	36
77.6616438356164	76.05284383557796	37
67.958904109589	69.88475441576901	38
