y	y_hat	y_index
73.6616438356164	72.74975282323818	336
73.6465753424658	71.18742838129758	337
75.0671232876712	71.70569849589818	338
