y	y_hat	y_index
74.1342465753425	77.12867178794554	420
74.4698630136986	78.63799090212916	421
78.1808219178082	69.96780174210947	422
