y	y_hat	y_index
76.7041095890411	72.99005049223894	348
73.2479452054795	78.02648722580352	349
67.3205479452055	75.07931852766835	350
