y	y_hat	y_index
77.9424657534247	74.43768562936667	264
75.3808219178082	72.1632619598028	265
67.6109589041096	76.02510742350039	266
