y	y_hat	y_index
73.9808219178082	68.26499665837548	96
84.0424657534247	80.04045388487027	97
75.572602739726	74.17593625470946	98
