y	y_hat	y_index
73.258904109589	70.45379885759426	339
84.1643835616438	72.60913883184317	340
84.4616438356164	79.75821077016597	341
