y	y_hat	y_index
73.8342465753425	74.73274499948552	321
74.3890410958904	73.01449617778964	322
70.8041095890411	72.66558203656002	323
