y	y_hat	y_index
69.1876712328767	69.12918782920092	9
77.5616438356164	75.21885399989843	10
59.7616438356164	70.66268864312455	11
