y	y_hat	y_index
71.4671232876712	75.42902969372265	588
78.1986301369863	78.66696806129556	589
62.5698630136986	74.64223865319963	590
