y	y_hat	y_index
70.1616438356164	69.76084291971556	669
81.0835616438356	77.49570918133513	670
59.1671232876712	72.05031454787867	671
