y	y_hat	y_index
65.6616438356164	67.97823952947054	447
54.9205479452055	67.08756704426399	448
81.3506849315069	72.05196760124062	449
