y	y_hat	y_index
68.0479452054795	68.39580773131108	75
81.6397260273973	76.01341815857671	76
68.2753424657534	78.58148437010632	77
