y	y_hat	y_index
73.958904109589	68.78161603829543	486
83.258904109589	79.61083373508691	487
68.2780821917808	70.9864634528034	488
