y	y_hat	y_index
69.4753424657534	76.95155040540092	276
65.8753424657534	77.38102312988055	277
72.6452054794521	77.24898418505491	278
