y	y_hat	y_index
72.1630136986301	68.6725029943233	615
83.8506849315069	75.21179450265336	616
72.4424657534247	76.51531150386391	617
