y	y_hat	y_index
57.0643835616438	74.29968955050002	582
87.2232876712329	73.60653455410741	583
82.7671232876712	77.76083899413709	584
