y	y_hat	y_index
79.2232876712329	72.89606164045219	360
56.4287671232877	73.25620362295909	361
87.2835616438356	73.33960045250946	362
