y	y_hat	y_index
88.7369863013699	76.00828071375051	384
75.8534246575342	81.43550265628089	385
87.758904109589	80.19764807763232	386
