y	y_hat	y_index
69.0561643835616	71.54798078064661	216
59.4041095890411	71.53651160020777	217
73.4232876712329	64.85326233864016	218
