y	y_hat	y_index
75.7315068493151	70.7511875261313	573
63.8178082191781	72.42628224787876	574
70.572602739726	73.86753387244332	575
