y	y_hat	y_index
61.8561643835616	71.63758236011876	252
69.7780821917808	76.00640314045444	253
75.8479452054795	71.90277619407534	254
