y	y_hat	y_index
83.8205479452055	75.33343513017252	93
75.0342465753425	78.97066040823215	94
77.4808219178082	72.29690201634207	95
