y	y_hat	y_index
55.1616438356164	68.01131455587894	354
83.2534246575342	78.89619706089817	355
78.4397260273973	77.55556468088486	356
