y	y_hat	y_index
71.972602739726	70.44269640726637	555
69.9260273972603	71.08591463997853	556
84.5342465753425	80.34094603695782	557
