y	y_hat	y_index
78.3452054794521	76.26584183055071	303
63.5232876712329	72.44189963498465	304
79.3643835616438	72.14555071577561	305
