y	y_hat	y_index
71.9643835616438	74.35433711512908	585
71.3479452054795	70.21841982655152	586
83.0616438356164	70.46929582607434	587
