y	y_hat	y_index
71.2506849315069	74.10141662088918	219
62.9616438356164	70.65634264632612	220
70.8780821917808	75.6102518441673	221
