y	y_hat	y_index
60.672602739726	71.98418514263498	576
75.5	79.28021241716661	577
57.6835616438356	70.8634039621063	578
