y	y_hat	y_index
79.1986301369863	73.01329455394117	135
74.7835616438356	78.05900323415833	136
71.8890410958904	75.40822905652836	137
