y	y_hat	y_index
62.2616438356164	70.35662996877407	375
82.627397260274	80.13516098640444	376
78.9479452054795	81.34919549914497	377
