y	y_hat	y_index
70.1027397260274	71.58765711295746	716
87.0808219178082	76.70295224531866	717
