y	y_hat	y_index
78.4671232876712	73.11404429721924	222
74.5424657534247	67.04012458554915	223
76.0369863013699	77.7787436211859	224
