y	y_hat	y_index
86.4643835616438	74.15746273161147	201
69.7808219178082	70.8519929557156	202
75.7835616438356	76.5113148806351	203
