y	y_hat	y_index
64.9753424657534	72.75660192639982	12
74.3616438356164	69.51334013282137	13
64.4315068493151	69.50859665444374	14
