y	y_hat	y_index
58.1808219178082	66.98340295514099	435
61.7849315068493	70.5699813392713	436
76.0561643835616	83.4308021108677	437
