y	y_hat	y_index
77.9849315068493	74.26308552904665	414
70.7671232876712	73.06763088933444	415
71.4780821917808	72.11558134963877	416
