y	y_hat	y_index
61.9780821917808	71.49575912491366	300
73.2616438356164	67.53470363462577	301
80.6506849315069	77.61257083396971	302
