y	y_hat	y_index
66.6753424657534	71.32738947421836	225
73.5808219178082	72.95381372442314	226
78.8835616438356	73.92488015498054	227
