y	y_hat	y_index
75.8616438356164	71.37120562542526	165
70.7643835616438	69.65024254537396	166
73.372602739726	77.70993735606278	167
