y	y_hat	y_index
69.9506849315069	73.07747238539663	288
70.7260273972603	71.86697021008929	289
71.3424657534247	73.77485119163211	290
