y	y_hat	y_index
84.1397260273973	80.36743977138536	552
75.3260273972603	77.31199549239949	553
78.4013698630137	67.64472916526042	554
