y	y_hat	y_index
84.2808219178082	81.1439543071032	465
60.0534246575343	71.42409244020567	466
78.058904109589	75.74690196123926	467
