y	y_hat	y_index
85.5397260273973	79.15607866449002	249
74.372602739726	73.43438298601541	250
67.4616438356164	69.76074547873783	251
