y	y_hat	y_index
74.9643835616438	68.99789149254963	696
73.8616438356164	69.08755262426578	697
75.1808219178082	76.29742897313064	698
