y	y_hat	y_index
75.4452054794521	73.8859013782822	120
65.2424657534247	74.53153573030974	121
78.686301369863	72.44413802226566	122
