y	y_hat	y_index
88.5698630136986	77.71242908395325	261
76.8657534246575	72.3124816600037	262
87.7698630136986	72.32188292726757	263
