y	y_hat	y_index
55.8479452054794	71.97474499894697	510
77.0383561643836	81.85431142174491	511
72.3232876712329	73.83350605310667	512
