y	y_hat	y_index
80.8671232876712	74.56372118141101	192
72.1698630136986	80.30104312078885	193
77.9698630136986	80.06966612014728	194
