y	y_hat	y_index
76.3561643835616	74.79348712566181	537
69.1780821917808	71.98791984398457	538
82.6424657534247	75.61468692422261	539
