y	y_hat	y_index
71.8698630136986	68.80890599973057	204
62.7616438356164	71.84319319962012	205
85.8753424657534	78.36087392183114	206
