y	y_hat	y_index
79.3561643835616	73.47979590783159	399
73.9616438356164	72.70710277406434	400
75.3972602739726	72.95185548196558	401
