y	y_hat	y_index
77.9342465753425	74.55421287948651	687
66.4232876712329	70.72882587417435	688
80.6397260273973	73.47941769186565	689
