y	y_hat	y_index
84.2698630136986	73.08325015959629	129
71.172602739726	75.01311839165932	130
82.9561643835616	75.48906118495161	131
