y	y_hat	y_index
76.1753424657534	79.93648744234396	117
68.3068493150685	70.78038450213866	118
75.3452054794521	76.67309441094156	119
