y	y_hat	y_index
66.7328767123288	70.97842530682603	189
80.5041095890411	73.5839386068537	190
59.9506849315068	70.73864485458229	191
