y	y_hat	y_index
82.3698630136986	79.50927736559889	294
84.4671232876712	70.33044570134493	295
75.7643835616438	71.85597397049396	296
