y	y_hat	y_index
63.6616438356164	73.91682383487063	462
73.0424657534247	74.57722921305377	463
63.5506849315069	71.62932182496638	464
