y	y_hat	y_index
68.2808219178082	74.56885054401474	627
80.5767123287671	75.82079754711908	628
74.2643835616438	77.07077041245056	629
