y	y_hat	y_index
61.2698630136986	71.43504069052959	141
74.2808219178082	77.84739314830453	142
62.8753424657534	71.3986435043077	143
