y	y_hat	y_index
68.2205479452055	79.66167255655452	726
70.8342465753425	68.32770783777306	727
