y	y_hat	y_index
74.6013698630137	74.3373301322626	333
76.2835616438356	69.82071092431845	334
73.958904109589	80.67307220343676	335
