y	y_hat	y_index
69.5534246575342	70.87124006231876	30
71.3808219178082	70.92844443616734	31
60.6616438356164	74.04398987651551	32
