y	y_hat	y_index
66.6397260273973	67.55390951631739	432
76.1780821917808	68.39298288740103	433
68.9479452054795	75.34451475497342	434
