y	y_hat	y_index
79.8520547945206	71.76478581184254	66
90.2561643835616	80.15166308978162	67
71.058904109589	76.49637764126469	68
