y	y_hat	y_index
77.8150684931507	71.6091384648249	378
75.5671232876712	70.3250586800925	379
82.0287671232877	74.97800312507644	380
