y	y_hat	y_index
70.4616438356164	69.25982878938414	645
88.4753424657534	78.89450104584127	646
78.0616438356164	74.12432435596652	647
