y	y_hat	y_index
83.0164383561644	77.3757649292709	426
72.8671232876712	66.79660763543023	427
74.9616438356164	84.6440875302628	428
