y	y_hat	y_index
72.7835616438356	70.13899335910062	198
82.1753424657534	70.2470475313306	199
74.2671232876712	70.86655137010287	200
