y	y_hat	y_index
75.8890410958904	76.12375251238365	33
85.7260273972603	73.0268950348277	34
75.7424657534247	68.65255161471055	35
