y	y_hat	y_index
69.9835616438356	73.86637313103056	0
72.5561643835616	73.72871416450502	1
71.3616438356164	72.19700317363956	2
