y	y_hat	y_index
82.2808219178082	71.4729841174276	597
81.1958904109589	69.8827173182817	598
61.0643835616438	66.83628881871911	599
