y	y_hat	y_index
80.2794520547945	72.18222428163517	396
77.6616438356164	73.90978169536908	397
61.0	69.47397876276673	398
