y	y_hat	y_index
86.3630136986301	77.23781916245434	51
82.672602739726	76.2437483079657	52
71.6808219178082	69.43543876153426	53
