y	y_hat	y_index
74.4808219178082	76.82652144283077	144
82.1643835616438	70.29252557020418	145
82.6643835616438	80.0318962030627	146
