y	y_hat	y_index
71.2808219178082	71.27016821779034	730
76.0232876712329	72.27864015603434	731
