y	y_hat	y_index
70.1068493150685	72.09559309093528	24
85.2808219178082	80.09089473096186	25
77.3808219178082	70.62707075114955	26
