y	y_hat	y_index
82.3958904109589	79.44230760535764	273
74.7342465753425	70.58160256507902	274
72.158904109589	76.3812258033843	275
