y	y_hat	y_index
71.5671232876712	71.88099093441895	123
70.7616438356164	78.10110601081608	124
81.4342465753425	72.94742391268159	125
