y	y_hat	y_index
67.6643835616438	71.9176776919354	231
78.3698630136986	72.05871023402634	232
71.958904109589	75.21448125767083	233
