y	y_hat	y_index
70.8616438356164	77.19826509569083	330
84.7424657534247	72.10600837590135	331
62.7643835616438	70.41569698016812	332
