y	y_hat	y_index
62.7808219178082	68.82521882581176	234
81.3232876712329	76.27223699860647	235
76.0616438356164	75.69171112989468	236
