y	y_hat	y_index
61.0178082191781	68.56160855138674	507
78.4780821917808	74.5831507620222	508
77.2479452054795	74.42826675393746	509
