y	y_hat	y_index
72.2068493150685	77.0149863445365	718
72.7780821917808	75.33240444601932	719
