y	y_hat	y_index
70.3369863013699	75.38197469958327	6
66.4616438356164	77.03381090436113	7
75.8643835616438	67.46346483938844	8
