y	y_hat	y_index
69.3534246575342	75.86784754777686	315
81.0150684931507	78.64294345137886	316
60.6232876712329	76.73533971115202	317
