y	y_hat	y_index
55.0041095890411	71.38445683653777	534
72.4780821917808	75.04062919799281	535
81.058904109589	81.09135792633641	536
