y	y_hat	y_index
61.0424657534247	69.97887400262849	444
68.058904109589	74.50893597867153	445
74.9260273972603	77.63288705322122	446
