y	y_hat	y_index
83.058904109589	71.75431986887598	159
72.3657534246575	70.38902392425952	160
70.4698630136986	75.43462060921362	161
