y	y_hat	y_index
84.2205479452055	72.04110549989366	210
72.3534246575342	72.13162595719581	211
79.672602739726	77.68912695334456	212
