y	y_hat	y_index
69.6178082191781	77.72803340752179	558
82.9027397260274	79.04486398403945	559
72.3260273972603	76.43982033050425	560
