y	y_hat	y_index
65.286301369863	73.40629565338347	681
73.8438356164384	67.7607018891008	682
73.4260273972603	75.05860014215573	683
