y	y_hat	y_index
72.63989854950165	71.28115493723925	90
82.0780821917808	73.7663174430933	91
78.1698630136986	70.09067032834517	92
