y	y_hat	y_index
76.3123287671233	71.11950796665687	639
82.2054794520548	72.58531347697206	640
70.2630136986301	72.84668936027397	641
