y	y_hat	y_index
73.6780821917808	72.65549946291105	255
72.5534246575342	70.7093934205722	256
72.3643835616438	64.92565471160428	257
