y	y_hat	y_index
72.1260273972603	81.0212632592543	78
82.5109589041096	75.46652780896723	79
60.6205479452055	69.26749851900487	80
