y	y_hat	y_index
63.9821917808219	72.53252590880031	87
78.2808219178082	75.80847431176058	88
65.772602739726	74.18399815248259	89
