y	y_hat	y_index
81.8835616438356	80.18531993688701	501
73.558904109589	73.04546724794847	502
63.3452054794521	74.3539557608072	503
