y	y_hat	y_index
65.4931506849315	68.224868712044	228
73.3301369863014	75.06485682775248	229
68.2506849315069	73.86027535009603	230
