y	y_hat	y_index
60.0232876712329	70.48540281021829	366
81.7013698630137	74.22088763573704	367
71.0506849315069	69.11644263411262	368
