y	y_hat	y_index
77.758904109589	75.32916324477546	381
77.1369863013699	74.12050480098539	382
89.5616438356164	75.69237617158154	383
