y	y_hat	y_index
63.0808219178082	77.0872881450647	54
61.558904109589	71.40499877069551	55
61.9958904109589	70.55551146822904	56
