y	y_hat	y_index
69.9479452054795	67.40134023548183	162
75.9671232876712	74.84636319746284	163
81.4821917808219	73.27612488764723	164
