y	y_hat	y_index
65.658904109589	70.85202094996468	504
65.0328767123288	75.5871463312952	505
67.5315068493151	70.64049438293756	506
