y	y_hat	y_index
70.472602739726	70.58394533603838	471
76.4232876712329	72.65909747765542	472
85.1547945205479	74.80879942427153	473
