y	y_hat	y_index
56.4835616438356	70.21246759955542	15
79.4849315068493	71.22686920699016	16
73.6328767123288	71.26320613851455	17
