y	y_hat	y_index
76.1780821917808	71.25474491841786	240
80.1794520547945	72.77848157015731	241
73.6506849315069	71.61110572497483	242
