y	y_hat	y_index
66.4260273972603	72.37010204588793	60
63.7506849315068	72.12931013063775	61
62.258904109589	66.33380341773045	62
