y	y_hat	y_index
79.6849315068493	78.24528573066695	651
68.8616438356164	73.99266243235594	652
64.9712328767123	71.46070718006331	653
