y	y_hat	y_index
65.086301369863	72.19321180656858	183
69.1657534246575	74.82685939508853	184
71.6835616438356	67.38957950979652	185
