y	y_hat	y_index
78.1698630136986	69.5182416784753	690
79.0479452054795	71.61477032495189	691
77.3452054794521	76.39085834133473	692
