y	y_hat	y_index
64.4452054794521	74.51757731256708	153
72.4493150684931	71.9113488375515	154
67.958904109589	66.76154681810098	155
