y	y_hat	y_index
78.986301369863	75.83719135383306	105
72.2095890410959	79.60246465874259	106
78.9657534246575	79.92457311820039	107
