y	y_hat	y_index
67.3013698630137	71.07543390036038	186
73.9671232876712	71.72319221090865	187
69.6671232876712	74.5514369603638	188
