y	y_hat	y_index
83.2643835616438	82.00644987424741	519
84.6671232876712	78.93827081411136	520
70.8287671232877	76.84284077029555	521
