y	y_hat	y_index
73.4287671232877	70.23583109800927	243
67.4643835616438	67.94486410228536	244
75.3602739726027	72.63620157603144	245
