y	y_hat	y_index
70.4219178082192	69.37920311227683	603
65.9424657534247	72.42284074005138	604
68.1698630136986	71.39734646679112	605
