y	y_hat	y_index
89.5835616438356	84.6360335999222	63
67.7328767123288	78.54733259418441	64
61.5369863013699	75.99056275958694	65
