y	y_hat	y_index
73.5849315068493	74.6935910420508	297
63.0780821917808	67.53090828427294	298
61.8246575342466	72.49531086758763	299
