y	y_hat	y_index
59.6616438356164	69.06838607972223	345
87.6534246575342	72.59079004609659	346
70.5123287671233	69.57395046058407	347
