y	y_hat	y_index
80.3753424657534	72.21751859841088	258
74.3452054794521	69.90020823846342	259
75.058904109589	69.30199243733021	260
