y	y_hat	y_index
64.2	69.38276186472771	549
87.6397260273973	82.45958063067704	550
74.5684931506849	74.84912292830943	551
