y	y_hat	y_index
71.1260273972603	80.2296198765698	591
74.3780821917808	69.04598158582874	592
80.1958904109589	77.27505022506546	593
