y	y_hat	y_index
75.1452054794521	71.26412025119679	621
67.7561643835616	72.84776377718663	622
61.972602739726	70.55332958386819	623
