y	y_hat	y_index
73.558904109589	70.65155534808338	369
65.086301369863	75.56119169840906	370
70.6671232876712	71.66182591803434	371
