y	y_hat	y_index
77.658904109589	69.58012640256509	132
75.7808219178082	78.37422114812259	133
77.5698630136986	66.34754436364841	134
