y	y_hat	y_index
75.2835616438356	70.77731147316508	84
75.2424657534247	71.15224160967233	85
74.1780821917808	72.82216878579186	86
