y	y_hat	y_index
86.3917808219178	80.19839195261376	654
72.5780821917808	69.42635747593846	655
78.9753424657534	69.52746796771443	656
