y	y_hat	y_index
67.9342465753425	71.80372898504368	693
78.5287671232877	73.46609509385695	694
88.3315068493151	71.37375783699673	695
