y	y_hat	y_index
68.5342465753425	73.59411681449654	306
78.1452054794521	70.55193076496883	307
69.458904109589	75.39000256803776	308
