y	y_hat	y_index
65.8616438356164	74.52857721342916	69
73.2753424657534	70.01347204348502	70
79.3780821917808	76.03696471180365	71
