y	y_hat	y_index
89.0698630136986	74.61180426680194	570
77.2260273972603	76.7695877658532	571
79.5616438356164	73.6393860546199	572
