y	y_hat	y_index
71.4780821917808	75.80620874296504	525
65.6561643835616	73.09447372007084	526
71.9479452054795	71.90950843849089	527
