y	y_hat	y_index
72.772602739726	78.22404994712868	285
77.4232876712329	74.89009165504775	286
54.9671232876712	72.82988383526263	287
