y	y_hat	y_index
85.458904109589	73.20791375404531	579
65.3698630136986	72.59818421569098	580
78.5808219178082	82.05346916933706	581
