y	y_hat	y_index
70.4698630136986	72.67176813858312	516
86.6369863013699	71.024331573127	517
77.8835616438356	75.81796721472965	518
