y	y_hat	y_index
64.0794520547945	68.80892148409808	732
69.558904109589	70.031813785212	733
