y	y_hat	y_index
80.9534246575342	74.40857422680807	561
79.9452054794521	79.91783602522935	562
72.3808219178082	66.98410260454041	563
