y	y_hat	y_index
65.2561643835616	77.59448318735656	456
75.6808219178082	70.88332708013503	457
74.9835616438356	70.44966612779787	458
