y	y_hat	y_index
81.0643835616438	75.9347105910024	21
79.0342465753425	74.71595160493266	22
71.7452054794521	75.13219965265897	23
