y	y_hat	y_index
79.5698630136986	74.38786272198138	441
77.7753424657534	75.11682863148077	442
72.4849315068493	77.91243721106284	443
