y	y_hat	y_index
72.7013698630137	76.38750191140936	57
77.8342465753425	74.8599949343614	58
79.7643835616438	75.97332239261249	59
