y	y_hat	y_index
57.7369863013699	72.46796764675994	678
72.0013698630137	72.84102490614092	679
75.572602739726	72.66959698360454	680
