y	y_hat	y_index
74.2698630136986	73.41182501487194	150
66.9780821917808	76.47235919231022	151
82.0616438356164	77.72732545583104	152
