y	y_hat	y_index
73.8917808219178	76.14776823174344	351
76.6506849315069	80.06165988161567	352
81.2698630136986	80.33334941032074	353
