y	y_hat	y_index
67.7616438356164	75.64722532347635	492
79.2890410958904	79.55077037872343	493
69.8643835616438	73.16664416810983	494
