y	y_hat	y_index
64.5616438356164	68.64251560290982	279
71.158904109589	75.58379644428156	280
77.0643835616438	76.83875725611102	281
