y	y_hat	y_index
64.0534246575342	71.41513537996185	357
73.0602739726027	69.91560280041708	358
65.3561643835616	69.63143547240068	359
