y	y_hat	y_index
72.8506849315069	71.73946126651039	660
57.1780821917808	66.96761639315834	661
63.4232876712329	71.98975723331596	662
