y	y_hat	y_index
79.5657534246575	74.16672970089189	372
75.2452054794521	75.30426875031418	373
80.9849315068493	70.71588446941685	374
