y	y_hat	y_index
71.0041095890411	72.32292633597277	528
76.4753424657534	66.7033647702396	529
68.4643835616438	73.77481658968708	530
