y	y_hat	y_index
75.8780821917808	73.17805105289844	3
71.2671232876712	73.92588364157497	4
61.0808219178082	70.1087059520042	5
