y	y_hat	y_index
65.8205479452055	71.33979357401874	498
80.8698630136986	77.9461232084663	499
70.5616438356164	73.02524177778838	500
