y	y_hat	y_index
71.4753424657534	72.57376735948421	600
74.6616438356164	76.46490085360462	601
76.0095890410959	70.52631164758725	602
