y	y_hat	y_index
60.1671232876712	70.75683270836885	489
76.5342465753425	77.72722913389718	490
69.172602739726	73.29757215165928	491
