y	y_hat	y_index
83.1890410958904	83.68336329312883	495
59.6452054794521	70.63619750881534	496
70.7876712328767	77.68567006078038	497
