y	y_hat	y_index
67.9041095890411	71.33621937069911	705
70.4397260273973	70.41432890336857	706
62.8479452054794	71.12100449341648	707
