y	y_hat	y_index
64.7698630136986	72.5259177601966	45
77.7643835616438	75.59489560266907	46
60.7616438356164	70.14327269913301	47
