y	y_hat	y_index
71.6835616438356	71.84538656569154	156
77.872602739726	79.88863287461962	157
70.7671232876712	73.8932422774256	158
