y	y_hat	y_index
72.8643835616438	71.35099955120513	722
73.8041095890411	75.72447892684218	723
