y	y_hat	y_index
73.2808219178082	74.61348301371528	468
76.3424657534247	74.78608586095392	469
77.7643835616438	73.00634021864417	470
