y	y_hat	y_index
74.4616438356164	70.93970470107232	111
69.0452054794521	71.35598999102504	112
77.5369863013699	74.05796263997975	113
