y	y_hat	y_index
69.4178082191781	74.99068886377101	618
65.9890410958904	69.72205961964389	619
83.1808219178082	68.75294982609842	620
