y	y_hat	y_index
81.8821917808219	74.56316707185627	636
63.9753424657534	75.29260337127454	637
76.5616438356164	72.28049749581908	638
