y	y_hat	y_index
62.1205479452055	77.09863352866108	411
68.9890410958904	70.66510711663761	412
77.9397260273973	68.30772984005523	413
