y	y_hat	y_index
62.8698630136986	72.75942947645007	177
80.3534246575342	76.42180100681425	178
63.7506849315068	68.88762220944653	179
