y	y_hat	y_index
66.8643835616438	78.55551680553555	126
75.458904109589	67.73590215276505	127
79.2753424657534	74.63778388861155	128
