y	y_hat	y_index
61.2780821917808	76.28186354351861	714
87.6616438356164	74.30609709906376	715
