y	y_hat	y_index
56.3027397260274	71.69001641413165	483
64.5808219178082	74.67252143675171	484
79.1671232876712	79.05646961280833	485
