y	y_hat	y_index
74.0315068493151	72.85540706927075	408
76.5150684931507	76.95069036509388	409
65.0561643835616	72.71778102302092	410
