y	y_hat	y_index
84.3616438356164	75.15579503592554	168
85.5369863013699	78.95382039500423	169
75.0671232876712	72.4804270616878	170
