y	y_hat	y_index
75.8753424657534	75.48273045339259	708
71.0753424657534	72.66975197837499	709
