y	y_hat	y_index
79.2616438356164	71.18399219594326	171
79.386301369863	76.77939138895599	172
61.7808219178082	72.54426963282802	173
