y	y_hat	y_index
75.5616438356164	73.45869000851074	387
79.1671232876712	75.41805498810909	388
79.2534246575342	77.81588932378513	389
