y	y_hat	y_index
68.872602739726	76.38593742871441	270
78.2671232876712	69.1610447121548	271
71.158904109589	81.8010854014241	272
