y	y_hat	y_index
63.4369863013699	64.90051221812297	480
68.7287671232877	73.18654168044819	481
81.4616438356164	77.52220522202842	482
