y	y_hat	y_index
83.3780821917808	73.0445056238049	138
60.6835616438356	58.46883876999479	139
84.7506849315069	77.05752965386363	140
