y	y_hat	y_index
76.8506849315069	78.19135434916495	699
77.1630136986301	78.17887989316912	700
70.4534246575342	74.2091789146147	701
