y	y_hat	y_index
76.6808219178082	74.74364759172835	363
86.5808219178082	78.23653984650238	364
77.4479452054795	75.69304329573974	365
