y	y_hat	y_index
85.4698630136986	73.62203149328319	724
78.7397260273973	73.92274403797113	725
