y	y_hat	y_index
66.7369863013699	73.48730096536872	663
58.772602739726	70.59112375379937	664
63.0	70.73420270248822	665
