y	y_hat	y_index
75.1452054794521	70.23090712687492	423
75.6369863013699	69.19557107382553	424
74.7534246575342	71.16120027794986	425
