y	y_hat	y_index
78.0616438356164	75.35606347945259	417
69.9986301369863	74.66720171865224	418
80.2712328767123	76.37266376927401	419
