y	y_hat	y_index
72.986301369863	79.37953092567746	309
72.7424657534247	73.97219024188641	310
61.9534246575342	70.61981146710468	311
