y	y_hat	y_index
74.8452054794521	75.45637058456091	27
57.6315068493151	69.83760591549928	28
71.5794520547945	78.00524900571145	29
