y	y_hat	y_index
72.3616438356164	74.60049152176234	147
73.5780821917808	76.54510152282404	148
84.4452054794521	74.49395247761422	149
