y	y_hat	y_index
75.8260273972603	72.6290708651916	237
75.1342465753425	72.16798257614208	238
66.7178082191781	74.68986124072754	239
