y	y_hat	y_index
73.5479452054795	72.74951921913828	564
87.5506849315069	68.74220202686483	565
72.8506849315069	75.94821090277193	566
