y	y_hat	y_index
74.7287671232877	73.31077744471324	594
55.8808219178082	65.99461332473204	595
68.1643835616438	71.322115316479	596
