y	y_hat	y_index
76.7452054794521	74.58918470357739	734
79.7643835616438	83.04927564076905	735
