y	y_hat	y_index
80.3013698630137	72.50628784229198	531
73.0534246575342	74.13379080805147	532
69.1986301369863	71.82225001971811	533
