y	y_hat	y_index
77.9479452054795	73.9130454592512	405
67.3671232876712	72.41813718745422	406
65.5315068493151	76.49030181474922	407
