y	y_hat	y_index
83.9643835616438	71.14524781353015	312
84.8671232876712	70.67816138831103	313
70.9643835616438	74.50906727717425	314
