y	y_hat	y_index
70.1534246575342	71.52738117792062	710
78.7479452054795	74.76146446582777	711
