y	y_hat	y_index
78.2671232876712	71.12897915929828	459
84.3452054794521	69.38003034595404	460
81.8397260273973	75.60859103829094	461
