y	y_hat	y_index
71.258904109589	79.94877266039211	612
57.6616438356164	68.96389757223433	613
72.7671232876712	76.53483581678691	614
