y	y_hat	y_index
76.3397260273973	68.3737209546467	543
83.2342465753425	75.18871716466019	544
64.7561643835616	78.19685556377999	545
