y	y_hat	y_index
67.9671232876712	72.86524575709174	48
84.1506849315069	77.90010418014798	49
67.5671232876712	71.70240872581655	50
