y	y_hat	y_index
61.8616438356164	70.8543502864722	474
68.1561643835616	74.83378180764416	475
76.2698630136986	79.98798404361577	476
