y	y_hat	y_index
67.0835616438356	72.57937229981157	114
80.8643835616438	77.2356820860646	115
56.9643835616438	70.71246969947006	116
