y	y_hat	y_index
67.9479452054795	72.2396671608683	42
70.086301369863	74.21530052809938	43
82.17005428820563	77.13761755674051	44
