y	y_hat	y_index
78.5369863013699	72.74331827639233	642
67.9986301369863	72.63161472420776	643
56.272602739726	67.5238861097458	644
