y	y_hat	y_index
76.1506849315069	73.6636611824585	540
64.5643835616438	72.57153290513268	541
87.1643835616438	76.68305037645514	542
