y	y_hat	y_index
70.3246575342466	69.7345641003032	342
79.1698630136986	72.02551673665168	343
78.8383561643836	81.15401220999271	344
