y	y_hat	y_index
73.9424657534247	67.89189352177476	390
71.9041095890411	71.68556324201555	391
70.8260273972603	73.26468249073284	392
