y	y_hat	y_index
84.5356164383562	76.7629508019271	18
69.3849315068493	73.52240159056095	19
71.1561643835616	73.81079634546438	20
