y	y_hat	y_index
77.1260273972603	76.34612550361189	195
70.1260273972603	67.97784072151639	196
81.5424657534247	80.02673104906559	197
