y	y_hat	y_index
69.2013698630137	75.28433429802487	648
72.2397260273973	71.20778771880563	649
70.4753424657534	74.40932072726862	650
