y	y_hat	y_index
73.9561643835616	70.41160959551178	728
79.9397260273973	75.74966505561137	729
