y	y_hat	y_index
69.4808219178082	71.12623902887734	453
80.072602739726	74.48358198969193	454
61.686301369863	74.70537392662025	455
