y	y_hat	y_index
82.3917808219178	76.88324131658314	246
74.1849315068493	71.36974547378482	247
55.4164383561644	69.9292665354395	248
