y	y_hat	y_index
55.8671232876712	70.23811943633801	657
84.5506849315069	76.2849375894575	658
62.3821917808219	70.31179702192826	659
