y	y_hat	y_index
71.9671232876712	74.65047187085187	81
69.7095890410959	71.75037506591437	82
69.2260273972603	73.22247867932977	83
