y	y_hat	y_index
78.6	72.65386268877458	39
85.3780821917808	75.15405902160101	40
72.2452054794521	70.29831011381346	41
