y	y_hat	y_index
79.1424657534247	71.6943960478264	513
73.2616438356164	75.67034393248409	514
64.3027397260274	77.32150637825296	515
