y	y_hat	y_index
70.9232876712329	75.6913847113809	174
61.7808219178082	71.04578325268625	175
74.0095890410959	67.94134288813859	176
