y	y_hat	y_index
75.758904109589	78.32949927844358	327
61.7671232876712	74.06566713709192	328
80.8534246575342	77.06624720143172	329
