y	y_hat	y_index
66.3630136986301	68.60313067225283	267
68.9452054794521	73.99734483972729	268
58.2931506849315	74.50504397509977	269
