y	y_hat	y_index
73.7452054794521	76.05832847145241	450
69.6534246575342	69.72014464841024	451
77.1232876712329	76.0602468221275	452
