y	y_hat	y_index
70.1808219178082	68.87827266057627	675
64.9561643835616	71.75358614463572	676
67.3671232876712	73.20895257954061	677
