y	y_hat	y_index
88.2561643835616	73.73756829418315	99
72.158904109589	66.9903629645227	100
75.7808219178082	74.179855363883	101
