y	y_hat	y_index
83.9095890410959	77.4424048392119	108
77.3616438356164	79.51553572795115	109
79.1082191780822	75.32657854583033	110
