y	y_hat	y_index
90.272602739726	75.90677118003372	666
66.4561643835616	70.3285691504429	667
71.5643835616438	77.61935834473843	668
