y	y_hat	y_index
71.727397260274	70.50076956840554	72
71.8561643835616	77.95710836146284	73
66.3780821917808	72.74348000035337	74
