y	y_hat	y_index
54.2739726027397	77.23521808678075	522
74.8164383561644	74.88815603671068	523
61.9561643835616	80.16211069789433	524
