y	y_hat	y_index
83.1506849315069	74.35739038946284	546
71.7506849315069	77.40429141393926	547
71.5260273972603	71.60999808223879	548
