y	y_hat	y_index
62.1780821917808	71.16780388695476	318
58.9424657534247	69.41132012724026	319
65.5671232876712	67.30124260022426	320
