y	y_hat	y_index
73.1616438356164	70.46759609024934	567
56.3643835616438	73.68027837959012	568
74.6534246575342	77.10926038593111	569
