mae_mean	mae_single
4.598579311396615	4.491412499889846
