mae_mean	mae_single
6.0563111162538545	6.104607408672433
