mae_mean	mae_single
4.9896486035126095	4.86680866363258
