mae_mean	mae_single
4.382284826365739	4.3790632872802036
