mae_mean	mae_single
4.862810206163379	4.974066166902194
