mae_mean	mae_single
5.557153123828222	5.61283109748549
