mae_mean	mae_single
5.612664305871823	5.676872014023679
