mae_mean	mae_single
5.196294681658604	5.213255358092775
