mae_mean	mae_single
4.521973128466679	4.45493232915603
