mae_mean	mae_single
5.172980926342535	5.175828898476604
