mae_mean	mae_single
5.433511015398865	5.477331552618083
