mae_mean	mae_single
4.65541246215183	4.601016433781787
