mae_mean	mae_single
5.876244830210699	5.800316424340261
