mae_mean	mae_single
5.667403870672191	5.380088974072945
