mae_mean	mae_single
5.728897435702223	5.921382314392545
