mae_mean	mae_single
5.842934535840546	5.846000287891899
