mae_mean	mae_single
5.360712371199116	5.567902222651483
