mae_mean	mae_single
5.704053521730382	5.707352599877374
