mae_mean	mae_single
5.1299017693692	5.080708958177316
