mae_mean	mae_single
5.713385804647683	5.803764158792241
