mae_mean	mae_single
5.61818045322988	5.738384386565708
