mae_mean	mae_single
4.921242471796701	4.933545958594733
