mae_mean	mae_single
5.214849750282343	5.2370552032004865
