mae_mean	mae_single
4.9130419606318	4.93244339187602
