mae_mean	mae_single
5.746532072573746	5.7190798017042725
