mae_mean	mae_single
4.424978178767806	4.4232025181839125
