mae_mean	mae_single
5.502956952597141	5.483562584543059
