mae_mean	mae_single
5.568075784812122	5.560632181124289
