mae_mean	mae_single
5.242264712228892	5.307281859707321
