mae_mean	mae_single
5.20868430433245	5.674608180609986
