mae_mean	mae_single
4.531007408589969	4.891601386425132
