mae_mean	mae_single
4.213587787656614	4.421892793963458
