mae_mean	mae_single
5.503491457738955	5.6972363871559
