mae_mean	mae_single
5.9692547992248555	5.911853688787789
