mae_mean	mae_single
4.994048784507348	4.764154823627495
