mae_mean	mae_single
6.2545116943588654	6.256946762106393
