mae_mean	mae_single
5.914092604415177	5.916239624981546
