{"alpha_mean": 0.002925499309897069, "alpha_single": 0.0031622776601683794, "mae_mean": 5.552784458894701, "mae_single": 3.7548755005369774}