mae_mean	mae_single
5.171610569589292	5.123879754519074
