mae_mean	mae_single
5.688826151281068	5.697412632414975
