mae_mean	mae_single
5.327282227897723	5.313314323608598
