mae_mean	mae_single
5.842684289188185	5.841182474401952
