mae_mean	mae_single
4.541939772943181	4.541939772943181
