mae_mean	mae_single
5.877292349176418	5.874152216639968
