mae_mean	mae_single
4.926075150094685	4.8787255194409695
