mae_mean	mae_single
5.7327417463152415	5.733676110170439
