mae_mean	mae_single
4.350186980674893	4.350186980674893
