mae_mean	mae_single
4.946724785827758	5.065576395143149
