mae_mean	mae_single
5.294089172571163	5.283238955020981
