mae_mean	mae_single
4.367735803721108	4.205026805464149
