mae_mean	mae_single
4.637399178484061	4.698102616834765
