mae_mean	mae_single
4.754939703082336	5.449000078651328
