mae_mean	mae_single
5.152004185309122	5.163194099596322
