mae_mean	mae_single
6.187657766480767	6.5990135318961425
