mae_mean	mae_single
4.267268074906014	4.612873660858958
