mae_mean	mae_single
4.5799972928211155	4.619323620899915
