mae_mean	mae_single
5.245478599456663	5.234960680950732
