mae_mean	mae_single
5.557014864311495	5.568210605171731
