mae_mean	mae_single
5.898649828785482	5.903173088672772
