mae_mean	mae_single
4.564163576122328	4.65335828746008
