mae_mean	mae_single
5.884839819130705	6.000048499079511
