mae_mean	mae_single
4.504799477811163	4.617064386452111
