mae_mean	mae_single
5.032044646186605	5.026404448791467
