mae_mean	mae_single
5.400134995053196	5.566723309780423
