mae_mean	mae_single
5.569964469402089	5.5578182629569115
