mae_mean	mae_single
5.471508946605412	5.524624469589301
