mae_mean	mae_single
6.00636416934146	5.7624247691962
