mae_mean	mae_single
5.051965683663753	5.171376368860803
