mae_mean	mae_single
5.681046429635731	5.6151220373906074
