mae_mean	mae_single
4.94026291258615	5.000492438124131
