mae_mean	mae_single
5.762284473176708	5.750147651042017
