mae_mean	mae_single
5.805149634468321	5.825151048599135
