mae_mean	mae_single
4.813380715839669	4.975985484485923
