mae_mean	mae_single
5.239228814249179	5.199678129182854
