mae_mean	mae_single
5.679139929241273	5.8097713150172305
