mae_mean	mae_single
4.8441493207563395	4.846330387547664
