mae_mean	mae_single
4.825505658685079	4.962365754919562
