mae_mean	mae_single
5.376048333903516	5.270437033553876
