mae_mean	mae_single
4.253462776813476	4.322975515440265
