mae_mean	mae_single
6.3016876059279685	6.312152627592303
