mae_mean	mae_single
5.694995585328659	5.759475344817519
