mae_mean	mae_single
6.378940819668847	6.337682899351444
