mae_mean	mae_single
5.753638212074965	5.790978358654095
