mae_mean	mae_single
5.759869927178333	5.662821983460144
