mae_mean	mae_single
4.486825429337839	4.7550094143379384
