mae_mean	mae_single
5.734283053555451	5.745250745704222
