mae_mean	mae_single
5.217571184294073	5.468958179130322
