mae_mean	mae_single
5.098348385319634	5.029518548818262
