mae_mean	mae_single
5.778820578040862	5.817867557872855
