mae_mean	mae_single
5.5761902715315586	5.579481465669154
