mae_mean	mae_single
6.311159253118096	6.405333889632205
