mae_mean	mae_single
5.909861001816441	5.8850884637919165
