mae_mean	mae_single
4.542629770545593	4.9302548002639215
