mae_mean	mae_single
5.903755154129467	5.875257919372155
