mae_mean	mae_single
5.291416926020001	5.451121300622046
