mae_mean	mae_single
5.48756277077322	5.482238264276637
