mae_mean	mae_single
5.376626339902764	5.390616938665525
