mae_mean	mae_single
5.701736371510807	5.707315834167782
