mae_mean	mae_single
5.554624453034828	5.675465687317957
