mae_mean	mae_single
4.397974768785938	4.510263899024053
