{"gamma_mean": 8.803458848877289e-08, "c_mean": 5111.323092810959, "mae_mean": 4.806209970591768, "gamma_single": 7e-07, "c_single": 5111.323092810959, "mae_single": 4.1767874235290146}