{"c_mean": 2.1086281499332893, "c_single": 1.0, "mae_mean": 4.399266754382226, "mae_single": 3.205223641678603}