mae_mean	mae_single
5.4884990527804565	5.4884990527804565
