mae_mean	mae_single
5.157704368132869	5.218199916413975
