mae_mean	mae_single
6.065971626345035	6.0648719489107
