mae_mean	mae_single
5.861774074515926	5.754635523379777
