mae_mean	mae_single
4.1158003596862525	4.183486868084472
