mae_mean	mae_single
5.418460407354201	5.446849408732229
