mae_mean	mae_single
4.740919817025304	4.741645551872436
