mae_mean	mae_single
5.462032786988631	5.45232232346441
