mae_mean	mae_single
5.062462757176091	5.0909649403413075
