mae_mean	mae_single
5.431218036932672	5.3887261800786606
