mae_mean	mae_single
5.493993179729683	5.548096655336426
