mae_mean	mae_single
5.693940769274428	5.759847271652665
