mae_mean	mae_single
5.671550036305207	5.667236171828828
