mae_mean	mae_single
5.924813464834189	5.716270996584984
