mae_mean	mae_single
5.1975500831652175	5.156103838089853
