mae_mean	mae_single
5.340000235977753	5.428216265214863
