mae_mean	mae_single
5.061655895254413	5.155073564579545
