mae_mean	mae_single
5.100198334012264	5.250735705829369
