mae_mean	mae_single
5.15410102491565	5.1557180319850024
