mae_mean	mae_single
5.096319560539277	5.177402696431569
