mae_mean	mae_single
5.631199279185154	5.541750483076404
