mae_mean	mae_single
5.779832392190081	5.7678673103907645
