mae_mean	mae_single
4.508045836896287	4.505700938640718
