mae_mean	mae_single
4.4223545556040555	4.5096866018309205
