mae_mean	mae_single
5.149875574735157	5.169928469998893
