mae_mean	mae_single
5.723583537389173	5.580198387222921
