mae_mean	mae_single
5.411801710480705	5.425910287724853
