mae_mean	mae_single
5.815425321763967	5.823967780469011
