mae_mean	mae_single
5.260033486586294	5.445798223815741
