mae_mean	mae_single
5.911134204489088	6.306669825399305
