mae_mean	mae_single
4.855961194808286	4.9359696606500805
