mae_mean	mae_single
4.94663856811622	4.94663856811622
