mae_mean	mae_single
5.663854436377715	5.692624761582878
