mae_mean	mae_single
4.780698076711558	5.494528189057982
