mae_mean	mae_single
5.285694517738168	5.472650678734141
