mae_mean	mae_single
5.113655462888608	5.086149158160068
