mae_mean	mae_single
5.406051979619555	5.429978285021702
