mae_mean	mae_single
4.725874457944178	4.894303573698623
