mae_mean	mae_single
4.845704333474209	5.064013877113974
