mae_mean	mae_single
4.979263336552509	5.123078332114382
