mae_mean	mae_single
5.578213727579995	5.596084533172356
