mae_mean	mae_single
5.222265614778386	4.892920582203295
