mae_mean	mae_single
5.957992083144423	6.043950200901539
