mae_mean	mae_single
5.786004600359272	5.846604107820946
