mae_mean	mae_single
4.64750719879782	5.200677012159308
