mae_mean	mae_single
4.0056430015247	4.1192828040049205
