mae_mean	mae_single
4.987758367640482	5.038862321248012
