mae_mean	mae_single
5.89207105867479	5.882951516256252
