mae_mean	mae_single
5.235739021429397	5.319262587862354
