mae_mean	mae_single
4.750566376040705	4.7565391334637726
