mae_mean	mae_single
6.239491958191014	6.239970518633416
