mae_mean	mae_single
5.355827641196017	5.355827641196017
