mae_mean	mae_single
5.085975314978357	5.13225556318735
