mae_mean	mae_single
4.791155696711434	4.790658298668897
