mae_mean	mae_single
4.720828265482554	4.821231738633506
