mae_mean	mae_single
5.656690007663666	5.64005497637249
