mae_mean	mae_single
4.87973637182902	4.8766895258086995
