mae_mean	mae_single
5.5411468050775055	5.501690786869835
