mae_mean	mae_single
5.243616731697418	5.250194549364093
