mae_mean	mae_single
4.861213183640265	5.455027831109421
