mae_mean	mae_single
4.358312586093946	4.3996071231092815
