mae_mean	mae_single
4.769732035009794	4.599680545592215
