mae_mean	mae_single
6.1858564911930305	6.133009218391006
