mae_mean	mae_single
5.4192438111813175	5.4359603563593755
