mae_mean	mae_single
4.237963212016599	4.203376770434783
