mae_mean	mae_single
5.416649491702885	6.0474595982820585
