mae_mean	mae_single
5.561121584894922	5.5779373122023275
