mae_mean	mae_single
5.467018568026711	5.455226390961028
