mae_mean	mae_single
5.523475113906816	5.465878111893672
