mae_mean	mae_single
5.235506469097513	5.234090292983804
