mae_mean	mae_single
5.072726092873571	5.034545093537171
