mae_mean	mae_single
5.867282282547443	5.863841362546824
