mae_mean	mae_single
5.280618394028994	5.4543239499895355
