mae_mean	mae_single
4.5850844131326935	4.552937844494859
