mae_mean	mae_single
5.55352292501807	5.589004603120569
