mae_mean	mae_single
4.4535743510533425	4.227168883767248
