mae_mean	mae_single
5.27931546895069	5.299441352410118
