mae_mean	mae_single
5.777439100097049	5.782910680497774
