mae_mean	mae_single
5.602574190851276	5.741736854692024
