mae_mean	mae_single
5.399332506865989	5.359374598593282
