mae_mean	mae_single
5.03966078525616	5.408832033470499
