mae_mean	mae_single
5.384198611302409	5.305873018206815
