mae_mean	mae_single
5.93187046496107	5.924531333358864
