mae_mean	mae_single
5.751793320318888	5.631770824181921
