mae_mean	mae_single
5.704197429744478	5.712327280575423
