mae_mean	mae_single
6.080701588137991	6.176958489316454
