mae_mean	mae_single
5.533110248571493	5.420396373493373
