mae_mean	mae_single
5.586779845885617	5.714642177898289
