mae_mean	mae_single
5.563646077855868	5.617247645704933
