mae_mean	mae_single
5.2045957252568655	5.217663366769658
