mae_mean	mae_single
5.863994853862591	5.904626861735442
