mae_mean	mae_single
5.378423012674412	5.37546164798628
