mae_mean	mae_single
4.509063393838176	4.509063393838176
