mae_mean	mae_single
4.882194635923481	5.0884994719949
