mae_mean	mae_single
5.694935202349185	5.739139657365601
