mae_mean	mae_single
5.138924172814693	5.402390766959414
