mae_mean	mae_single
5.283644947972892	5.2856885007194085
