mae_mean	mae_single
4.735759324109371	4.7184425661643825
