mae_mean	mae_single
5.666999734471706	5.594240621754002
