mae_mean	mae_single
6.324980360263946	6.300822089004736
