mae_mean	mae_single
6.002178860299896	6.138294610852429
