mae_mean	mae_single
5.613846255042732	6.407880653298407
