mae_mean	mae_single
6.272700928721375	6.220315780724448
