mae_mean	mae_single
5.738470824039009	5.734390878854899
