mae_mean	mae_single
5.430500247223584	5.457894172070488
