mae_mean	mae_single
5.177811747499719	5.33647606598902
