mae_mean	mae_single
5.693295486451737	5.693295486451737
