mae_mean	mae_single
6.3253565891061125	6.321967047789594
