mae_mean	mae_single
4.662070407480674	4.650621987022836
