mae_mean	mae_single
4.638065882638518	4.566441972164781
