mae_mean	mae_single
6.008106654347299	6.0556217570313455
