mae_mean	mae_single
4.584355469394268	4.946160954781706
