mae_mean	mae_single
5.276867235126932	5.485214653066925
