mae_mean	mae_single
4.269863976098161	4.269863976098161
