mae_mean	mae_single
5.199235052835913	5.344725218596335
