y	y_hat	y_index
75.1452054794521	73.53421526062827	423
75.6369863013699	73.54722700030814	424
74.7534246575342	73.5362808338417	425
