y	y_hat	y_index
73.7452054794521	73.55615254422749	450
69.6534246575342	73.55614729129275	451
77.1232876712329	73.55615803556262	452
