y	y_hat	y_index
78.6	73.55866473380995	39
85.3780821917808	73.55733055990918	40
72.2452054794521	73.5527139657418	41
