y	y_hat	y_index
78.986301369863	73.57033588985824	105
72.2095890410959	73.56837467825366	106
78.9657534246575	73.55796591626941	107
