y	y_hat	y_index
85.458904109589	73.56051519654332	579
65.3698630136986	73.56234412305358	580
78.5808219178082	73.59260850095886	581
