y	y_hat	y_index
73.258904109589	73.5563638415042	339
84.1643835616438	73.56166302273343	340
84.4616438356164	73.57923709188441	341
