y	y_hat	y_index
67.9041095890411	73.64232133381053	705
70.4397260273973	73.6724404108254	706
62.8479452054794	73.67993490132443	707
