y	y_hat	y_index
61.0424657534247	73.5929208529475	444
68.058904109589	73.61088689331673	445
74.9260273972603	73.62117808874592	446
