y	y_hat	y_index
72.772602739726	73.6415305515637	285
77.4232876712329	73.62103991331833	286
54.9671232876712	73.62600848656108	287
