y	y_hat	y_index
73.4287671232877	73.62403955967008	243
67.4643835616438	73.62510600441401	244
75.3602739726027	73.60701883261557	245
