y	y_hat	y_index
58.1808219178082	73.60686929308645	435
61.7849315068493	73.60258767837401	436
76.0561643835616	73.60960471748452	437
