y	y_hat	y_index
67.9671232876712	73.60373216539001	48
84.1506849315069	73.63166844380525	49
67.5671232876712	73.59988137740801	50
