y	y_hat	y_index
69.3534246575342	73.63110180453594	315
81.0150684931507	73.63550314120913	316
60.6232876712329	73.62290066493819	317
