y	y_hat	y_index
61.9780821917808	73.61725601217341	300
73.2616438356164	73.60640971958057	301
80.6506849315069	73.63848842923629	302
