y	y_hat	y_index
75.8890410958904	73.53726059998898	33
85.7260273972603	73.52060659709373	34
75.7424657534247	73.53977207219013	35
