y	y_hat	y_index
70.4616438356164	73.56468687396706	645
88.4753424657534	73.55402626503916	646
78.0616438356164	73.55771634463795	647
