y	y_hat	y_index
72.1712328767123	73.62935662762833	393
73.1013698630137	73.61231728856072	394
75.7835616438356	73.61987086206513	395
