y	y_hat	y_index
65.6616438356164	73.60280892584986	447
54.9205479452055	73.61452559159902	448
81.3506849315069	73.60843118014898	449
