y	y_hat	y_index
63.4369863013699	73.62609947972295	480
68.7287671232877	73.62427369600401	481
81.4616438356164	73.6347241807947	482
