y	y_hat	y_index
61.8616438356164	73.6320103009527	474
68.1561643835616	73.61065025074072	475
76.2698630136986	73.63321811065299	476
