y	y_hat	y_index
69.2013698630137	73.66383000650693	648
72.2397260273973	73.6633134997231	649
70.4753424657534	73.65839861818208	650
