y	y_hat	y_index
84.2205479452055	73.57473320206428	210
72.3534246575342	73.5718774691931	211
79.672602739726	73.57992170874647	212
