y	y_hat	y_index
75.4452054794521	73.5625106302882	120
65.2424657534247	73.56385971256377	121
78.686301369863	73.5630639580487	122
