y	y_hat	y_index
80.3753424657534	73.55660495836531	258
74.3452054794521	73.54799365919072	259
75.058904109589	73.53433802870825	260
