y	y_hat	y_index
71.4671232876712	73.62290302063202	588
78.1986301369863	73.64511821685625	589
62.5698630136986	73.61301978499702	590
