y	y_hat	y_index
71.2369863013699	73.6293524916534	324
63.8479452054794	73.63295810040096	325
79.6890410958904	73.61713810688643	326
