y	y_hat	y_index
71.4780821917808	73.65439187727232	525
65.6561643835616	73.66570154262378	526
71.9479452054795	73.67850968583907	527
