y	y_hat	y_index
81.7643835616438	73.57315155036147	291
88.9342465753425	73.58120563669904	292
68.7479452054795	73.5572124814697	293
