y	y_hat	y_index
76.3123287671233	73.5549574779811	639
82.2054794520548	73.57024657564084	640
70.2630136986301	73.56960827412871	641
