y	y_hat	y_index
90.272602739726	73.62197700846932	666
66.4561643835616	73.58980471764599	667
71.5643835616438	73.63496837633281	668
