y	y_hat	y_index
72.8506849315069	73.6521287535525	660
57.1780821917808	73.65672313546206	661
63.4232876712329	73.66764087487304	662
