y	y_hat	y_index
73.8917808219178	73.53259889848425	351
76.6506849315069	73.53112673892566	352
81.2698630136986	73.561903136977	353
