y	y_hat	y_index
72.7013698630137	73.56896664782546	57
77.8342465753425	73.57605738236829	58
79.7643835616438	73.57479377934386	59
