y	y_hat	y_index
66.6397260273973	73.61166380855428	432
76.1780821917808	73.6102033576918	433
68.9479452054795	73.6159595356069	434
