y	y_hat	y_index
75.8616438356164	73.60281193712288	165
70.7643835616438	73.60500670132537	166
73.372602739726	73.63969477542858	167
