y	y_hat	y_index
79.5808219178082	73.58280905642039	213
68.0506849315069	73.5913115902187	214
80.1835616438356	73.55025684782235	215
