y	y_hat	y_index
80.2794520547945	73.54961550623949	396
77.6616438356164	73.56530376654969	397
61.0	73.5582892634771	398
