y	y_hat	y_index
77.9849315068493	73.62699930426334	414
70.7671232876712	73.60725437541734	415
71.4780821917808	73.62060858673496	416
