y	y_hat	y_index
77.8150684931507	73.53702742482426	378
75.5671232876712	73.53317370169228	379
82.0287671232877	73.5524576283668	380
