y	y_hat	y_index
85.4698630136986	73.55915671237858	724
78.7397260273973	73.56151237348067	725
