y	y_hat	y_index
88.2643835616438	73.54237348629306	606
73.7821917808219	73.5305403452493	607
82.4534246575342	73.52572659960782	608
