y	y_hat	y_index
82.3958904109589	73.56949436072375	273
74.7342465753425	73.55937693013014	274
72.158904109589	73.58978079664334	275
