y	y_hat	y_index
81.8821917808219	73.55617676095078	636
63.9753424657534	73.55616121469185	637
76.5616438356164	73.55615842647143	638
