y	y_hat	y_index
70.1027397260274	73.57765244383776	716
87.0808219178082	73.59587505065531	717
