y	y_hat	y_index
57.7369863013699	73.59478838954946	678
72.0013698630137	73.62096856815134	679
75.572602739726	73.61994449292473	680
