y	y_hat	y_index
55.1616438356164	73.55963210712112	354
83.2534246575342	73.57281416958291	355
78.4397260273973	73.56879307410352	356
