y	y_hat	y_index
76.1780821917808	73.5443838439166	240
80.1794520547945	73.54987722234897	241
73.6506849315069	73.53574482379757	242
