y	y_hat	y_index
79.2616438356164	73.5561681060757	171
79.386301369863	73.55620912189848	172
61.7808219178082	73.55614079569135	173
