y	y_hat	y_index
59.6616438356164	73.59653739984837	345
87.6534246575342	73.6240647088828	346
70.5123287671233	73.61940054464677	347
