y	y_hat	y_index
71.1260273972603	73.57962722842026	591
74.3780821917808	73.54779559053972	592
80.1958904109589	73.56241703146691	593
