y	y_hat	y_index
83.9643835616438	73.5797123303116	312
84.8671232876712	73.55492861872192	313
70.9643835616438	73.55783471217059	314
