y	y_hat	y_index
70.3246575342466	73.5707620047247	342
79.1698630136986	73.54401335103333	343
78.8383561643836	73.57503410009762	344
