y	y_hat	y_index
67.3013698630137	73.64032182524934	186
73.9671232876712	73.59950424788265	187
69.6671232876712	73.6300036536313	188
