y	y_hat	y_index
66.7328767123288	73.61793977322837	189
80.5041095890411	73.60798716749562	190
59.9506849315068	73.60081182621398	191
