y	y_hat	y_index
75.7315068493151	73.6155647848863	573
63.8178082191781	73.61839467366642	574
70.572602739726	73.64118968788249	575
