y	y_hat	y_index
71.9671232876712	73.67611295124009	81
69.7095890410959	73.66743218949634	82
69.2260273972603	73.64368457059928	83
