y	y_hat	y_index
73.9561643835616	73.51954736772322	728
79.9397260273973	73.5447496940099	729
