y	y_hat	y_index
69.4753424657534	73.65582859015186	276
65.8753424657534	73.6572194933649	277
72.6452054794521	73.66745155851142	278
