y	y_hat	y_index
76.3561643835616	73.57070858633963	537
69.1780821917808	73.57030577847524	538
82.6424657534247	73.57272482656417	539
