y	y_hat	y_index
69.6178082191781	73.61883767524388	558
82.9027397260274	73.61144148180945	559
72.3260273972603	73.63774178303711	560
