y	y_hat	y_index
68.5342465753425	73.64112331308085	306
78.1452054794521	73.62285837039012	307
69.458904109589	73.62166894003155	308
