y	y_hat	y_index
55.0041095890411	73.62394094761049	534
72.4780821917808	73.61651889616611	535
81.058904109589	73.62834319154541	536
