y	y_hat	y_index
65.4931506849315	73.65554318641706	228
73.3301369863014	73.65141672698647	229
68.2506849315069	73.65717267890852	230
