y	y_hat	y_index
79.5232876712329	73.63307162564608	477
71.7657534246575	73.60280754182074	478
60.718372666497935	73.61331692173934	479
