y	y_hat	y_index
56.4835616438356	73.57890138444407	15
79.4849315068493	73.56888297497702	16
73.6328767123288	73.56801965870635	17
