y	y_hat	y_index
86.3917808219178	73.58957521639783	654
72.5780821917808	73.53952288307654	655
78.9753424657534	73.57443278068435	656
