y	y_hat	y_index
61.0178082191781	73.54559088075628	507
78.4780821917808	73.56716462927493	508
77.2479452054795	73.5763813997248	509
