y	y_hat	y_index
83.8205479452055	73.54699979057024	93
75.0342465753425	73.53649975806955	94
77.4808219178082	73.55485818834424	95
