y	y_hat	y_index
70.1616438356164	73.60574816464921	669
81.0835616438356	73.6325506932125	670
59.1671232876712	73.61593080606157	671
