y	y_hat	y_index
69.9479452054795	73.55959007999246	162
75.9671232876712	73.58180437134642	163
81.4821917808219	73.56274360000978	164
