y	y_hat	y_index
70.1068493150685	73.56859199171925	24
85.2808219178082	73.58063332110048	25
77.3808219178082	73.57465448642105	26
