y	y_hat	y_index
83.9095890410959	73.55629686373094	108
77.3616438356164	73.53567207500647	109
79.1082191780822	73.53099734303858	110
