y	y_hat	y_index
82.3698630136986	73.5512329138751	294
84.4671232876712	73.53295650911836	295
75.7643835616438	73.53361159853576	296
