y	y_hat	y_index
66.8643835616438	73.54955762761479	126
75.458904109589	73.572343868277	127
79.2753424657534	73.56529776367208	128
