y	y_hat	y_index
76.3424657534247	73.53874408245456	702
74.7041095890411	73.55131202338691	703
80.4616438356164	73.53691000418674	704
