y	y_hat	y_index
76.4410958904109	73.56928428287307	282
66.9931506849315	73.55816973649924	283
79.5643835616438	73.559083220574	284
