y	y_hat	y_index
74.7287671232877	73.61694640595039	594
55.8808219178082	73.6131877568129	595
68.1643835616438	73.60449983897153	596
