y	y_hat	y_index
89.5835616438356	73.65193324681505	63
67.7328767123288	73.6135132303143	64
61.5369863013699	73.62630340955003	65
