y	y_hat	y_index
84.3616438356164	73.54157598756393	168
85.5369863013699	73.56044287693625	169
75.0671232876712	73.56436071176846	170
