y	y_hat	y_index
79.5657534246575	73.54268983488994	372
75.2452054794521	73.5250172344403	373
80.9849315068493	73.53329143748564	374
