y	y_hat	y_index
63.9821917808219	73.62575951470069	87
78.2808219178082	73.62509866553852	88
65.772602739726	73.62884634602466	89
