y	y_hat	y_index
75.1452054794521	73.62216383060075	621
67.7561643835616	73.62157551651802	622
61.972602739726	73.61962006248328	623
