y	y_hat	y_index
74.2698630136986	73.58016978942891	150
66.9780821917808	73.55685230538717	151
82.0616438356164	73.57483688442468	152
