y	y_hat	y_index
72.986301369863	73.66235068882388	309
72.7424657534247	73.66172427504266	310
61.9534246575342	73.66070396833219	311
