y	y_hat	y_index
64.7698630136986	73.61187731900758	45
77.7643835616438	73.621100910337	46
60.7616438356164	73.61646413822052	47
