y	y_hat	y_index
54.2739726027397	73.619475135199	522
74.8164383561644	73.62335623908977	523
61.9561643835616	73.6371956420973	524
