y	y_hat	y_index
88.7369863013699	73.56397831875857	384
75.8534246575342	73.55548123382992	385
87.758904109589	73.55752745015108	386
