y	y_hat	y_index
71.972602739726	73.61082849860992	555
69.9260273972603	73.61392406587414	556
84.5342465753425	73.63768096574269	557
