y	y_hat	y_index
75.2835616438356	73.53827628011749	84
75.2424657534247	73.52149145609329	85
74.1780821917808	73.54174018438408	86
