y	y_hat	y_index
80.8287671232877	73.55673506403359	102
75.1794520547945	73.54585180363068	103
80.1808219178082	73.52621448785122	104
