y	y_hat	y_index
66.4369863013699	73.65514274508422	712
65.5671232876712	73.67052345619138	713
