y	y_hat	y_index
84.2808219178082	73.57242974661581	465
60.0534246575343	73.550761263033	466
78.058904109589	73.5509766366762	467
