y	y_hat	y_index
64.0534246575342	73.64589269200313	357
73.0602739726027	73.63954197869162	358
65.3561643835616	73.65109027235887	359
