y	y_hat	y_index
80.9534246575342	73.57118132224403	561
79.9452054794521	73.58582328526899	562
72.3808219178082	73.56116527457104	563
