y	y_hat	y_index
70.9232876712329	73.61919471483895	174
61.7808219178082	73.61122659673381	175
74.0095890410959	73.61876543429784	176
