y	y_hat	y_index
82.2808219178082	73.55869963941768	597
81.1958904109589	73.56290324248887	598
61.0643835616438	73.56249361322864	599
