y	y_hat	y_index
84.2698630136986	73.57010681788972	129
71.172602739726	73.5663627675295	130
82.9561643835616	73.56838805602048	131
