y	y_hat	y_index
77.658904109589	73.5320808634069	132
75.7808219178082	73.55340105707576	133
77.5698630136986	73.54805969861378	134
