y	y_hat	y_index
67.7616438356164	73.61490088207766	492
79.2890410958904	73.60469574105718	493
69.8643835616438	73.62761202647668	494
