y	y_hat	y_index
83.1506849315069	73.62553262167926	546
71.7506849315069	73.61103132111441	547
71.5260273972603	73.61419014363508	548
