y	y_hat	y_index
76.7041095890411	73.59728982909198	348
73.2479452054795	73.64192129447457	349
67.3205479452055	73.6098746619157	350
