y	y_hat	y_index
83.058904109589	73.61694530215638	159
72.3657534246575	73.61570778908427	160
70.4698630136986	73.60158834065285	161
