y	y_hat	y_index
76.6808219178082	73.53933919560154	363
86.5808219178082	73.539357529955	364
77.4479452054795	73.5314657311723	365
