y	y_hat	y_index
75.8260273972603	73.55619991473638	237
75.1342465753425	73.55616870369062	238
66.7178082191781	73.55617289749395	239
