y	y_hat	y_index
71.8452054794521	73.56510892062227	402
80.1986301369863	73.57611238247998	403
78.3561643835616	73.56998331368733	404
