y	y_hat	y_index
83.3780821917808	73.54893603728067	138
60.6835616438356	73.55108632495549	139
84.7506849315069	73.58034912296034	140
