y	y_hat	y_index
69.4178082191781	73.63146661407787	618
65.9890410958904	73.6225462575477	619
83.1808219178082	73.62259895114398	620
