y	y_hat	y_index
79.1986301369863	73.56882745379842	135
74.7835616438356	73.5928592494701	136
71.8890410958904	73.55139141127316	137
