y	y_hat	y_index
78.1698630136986	73.56780716843309	690
79.0479452054795	73.53231529997097	691
77.3452054794521	73.55260604269236	692
