y	y_hat	y_index
76.0424657534247	73.57171917433924	630
61.5917808219178	73.56000119046435	631
75.7424657534247	73.57809157814428	632
