y	y_hat	y_index
65.2561643835616	73.55172071871868	456
75.6808219178082	73.55135210719479	457
74.9835616438356	73.54814409865581	458
