y	y_hat	y_index
60.0232876712329	73.60742671208355	366
81.7013698630137	73.63258065231072	367
71.0506849315069	73.63556879300117	368
