y	y_hat	y_index
62.8698630136986	73.61988797370556	177
80.3534246575342	73.60425116752695	178
63.7506849315068	73.62227882737821	179
