y	y_hat	y_index
89.2780821917808	73.55520697195749	438
77.0643835616438	73.5366187559149	439
77.1397260273973	73.54460808291785	440
