y	y_hat	y_index
77.758904109589	73.54084446830741	381
77.1369863013699	73.53393720975117	382
89.5616438356164	73.54428522171301	383
