y	y_hat	y_index
76.7452054794521	73.53987738424485	734
79.7643835616438	73.57468920464969	735
