y	y_hat	y_index
74.4616438356164	73.56891759760524	111
69.0452054794521	73.56492499127542	112
77.5369863013699	73.559647487976	113
