y	y_hat	y_index
82.3917808219178	73.57130607472928	246
74.1849315068493	73.57230050115687	247
55.4164383561644	73.54695238004743	248
