y	y_hat	y_index
57.0643835616438	73.57479869374647	582
87.2232876712329	73.55268217132854	583
82.7671232876712	73.58464201655337	584
