y	y_hat	y_index
77.9479452054795	73.61731927015691	405
67.3671232876712	73.6114366966355	406
65.5315068493151	73.63083166837312	407
