y	y_hat	y_index
65.658904109589	73.65313981253132	504
65.0328767123288	73.65597957162777	505
67.5315068493151	73.65197515092483	506
