y	y_hat	y_index
71.3835616438356	73.61131750088765	429
78.072602739726	73.6177769768129	430
70.8835616438356	73.63189280600929	431
