y	y_hat	y_index
75.8753424657534	73.58291644036076	708
71.0753424657534	73.55683062225144	709
