y	y_hat	y_index
68.9616438356164	73.62612619646295	180
76.7671232876712	73.62905260118204	181
72.4479452054795	73.60461078262033	182
