y	y_hat	y_index
78.2671232876712	73.55050249914096	459
84.3452054794521	73.5369693596452	460
81.8397260273973	73.55038470652481	461
