y	y_hat	y_index
71.8424657534247	73.61042102508726	684
75.9369863013699	73.601838062305	685
72.9849315068493	73.60443490848706	686
