y	y_hat	y_index
71.0041095890411	73.63837684928515	528
76.4753424657534	73.64164476314112	529
68.4643835616438	73.59825642871418	530
