y	y_hat	y_index
76.1506849315069	73.5724571406922	540
64.5643835616438	73.56575279326728	541
87.1643835616438	73.58817824202755	542
