y	y_hat	y_index
68.3904109589041	73.6186058478136	633
63.8479452054794	73.60371263499398	634
76.186301369863	73.61632200716572	635
