y	y_hat	y_index
69.4808219178082	73.55948270888469	609
83.6205479452055	73.59663190695933	610
75.1643835616438	73.56484141038096	611
