y	y_hat	y_index
64.2	73.56788188664478	549
87.6397260273973	73.59621259562196	550
74.5684931506849	73.56936190576798	551
