y	y_hat	y_index
81.0643835616438	73.56694744819224	21
79.0342465753425	73.56855752621307	22
71.7452054794521	73.55799714460518	23
