y	y_hat	y_index
66.4260273972603	73.67040359912501	60
63.7506849315068	73.65324778822844	61
62.258904109589	73.65463230120334	62
