y	y_hat	y_index
73.1616438356164	73.61889081930488	567
56.3643835616438	73.61601967525743	568
74.6534246575342	73.6231043975173	569
