y	y_hat	y_index
74.4808219178082	73.5462255969849	144
82.1643835616438	73.54494710100198	145
82.6643835616438	73.55403069990939	146
