y	y_hat	y_index
79.1424657534247	73.6546562104056	513
73.2616438356164	73.62651083437429	514
64.3027397260274	73.61224564766353	515
