y	y_hat	y_index
66.7369863013699	73.66390140652521	663
58.772602739726	73.67533215246283	664
63.0	73.66934280838028	665
