y	y_hat	y_index
62.2616438356164	73.55042675091444	375
82.627397260274	73.57902042967	376
78.9479452054795	73.59551497115316	377
