y	y_hat	y_index
73.958904109589	73.5537445983961	486
83.258904109589	73.58635191933064	487
68.2780821917808	73.54812156293787	488
