y	y_hat	y_index
63.6616438356164	73.64176521017913	462
73.0424657534247	73.65715298303411	463
63.5506849315069	73.6614483609076	464
