y	y_hat	y_index
68.2205479452055	73.6633771621268	726
70.8342465753425	73.62845244740066	727
