y	y_hat	y_index
71.727397260274	73.67102091650631	72
71.8561643835616	73.66335909598686	73
66.3780821917808	73.64284498987598	74
