y	y_hat	y_index
61.2780821917808	73.58122474744032	714
87.6616438356164	73.61627274569545	715
