y	y_hat	y_index
55.8671232876712	73.61993321107408	657
84.5506849315069	73.61931721602953	658
62.3821917808219	73.6047608997304	659
