y	y_hat	y_index
72.1630136986301	73.61681053403953	615
83.8506849315069	73.63104358314382	616
72.4424657534247	73.61649245088722	617
