y	y_hat	y_index
74.9643835616438	73.53724535414462	696
73.8616438356164	73.54867349218986	697
75.1808219178082	73.54921242493837	698
