y	y_hat	y_index
79.3561643835616	73.54872112953666	399
73.9616438356164	73.53370235712336	400
75.3972602739726	73.5650936314352	401
