y	y_hat	y_index
79.8520547945206	73.58891590391697	66
90.2561643835616	73.57543314142588	67
71.058904109589	73.56123221430873	68
