y	y_hat	y_index
74.0315068493151	73.56413721919678	408
76.5150684931507	73.56176019811305	409
65.0561643835616	73.54862626704102	410
