y	y_hat	y_index
78.0616438356164	73.56970296374419	417
69.9986301369863	73.57119649413562	418
80.2712328767123	73.56109191267984	419
