y	y_hat	y_index
61.8561643835616	73.61131630702906	252
69.7780821917808	73.61811544322539	253
75.8479452054795	73.61169811222672	254
