y	y_hat	y_index
68.872602739726	73.61685878129666	270
78.2671232876712	73.6180304115516	271
71.158904109589	73.62403674736048	272
