y	y_hat	y_index
62.7808219178082	73.55176010081671	234
81.3232876712329	73.5678294168625	235
76.0616438356164	73.5602934403407	236
