y	y_hat	y_index
71.8698630136986	73.61622649768289	204
62.7616438356164	73.59517829327548	205
85.8753424657534	73.63184045481637	206
