y	y_hat	y_index
72.2068493150685	73.66441585692078	718
72.7780821917808	73.65416522473157	719
