y	y_hat	y_index
69.9835616438356	73.68407214846557	0
72.5561643835616	73.66050918116404	1
71.3616438356164	73.65560551972466	2
