y	y_hat	y_index
73.2808219178082	73.5705288611844	468
76.3424657534247	73.56253218212218	469
77.7643835616438	73.54932726872192	470
