y	y_hat	y_index
73.5849315068493	73.65583287092129	297
63.0780821917808	73.62662856320875	298
61.8246575342466	73.68019937094853	299
