y	y_hat	y_index
83.2643835616438	73.5854956150151	519
84.6671232876712	73.59523705546356	520
70.8287671232877	73.56782075174509	521
