y	y_hat	y_index
77.1260273972603	73.56707664960867	195
70.1260273972603	73.56113488042061	196
81.5424657534247	73.5752206344396	197
