y	y_hat	y_index
69.9506849315069	73.65787222454	288
70.7260273972603	73.65583508253606	289
71.3424657534247	73.64365695908596	290
