y	y_hat	y_index
78.3452054794521	73.58684680066648	303
63.5232876712329	73.55497368565992	304
79.3643835616438	73.54477956571986	305
