y	y_hat	y_index
64.4452054794521	73.67103148469118	153
72.4493150684931	73.65211825386024	154
67.958904109589	73.65385512329624	155
