y	y_hat	y_index
75.5616438356164	73.5451294239841	387
79.1671232876712	73.52791242285949	388
79.2534246575342	73.52954331098537	389
