y	y_hat	y_index
72.63989854950165	73.55705231715211	90
82.0780821917808	73.55729319494415	91
78.1698630136986	73.55927843408112	92
