y	y_hat	y_index
75.8780821917808	73.6245491589564	3
71.2671232876712	73.61269335748307	4
61.0808219178082	73.60932946844949	5
