y	y_hat	y_index
67.0835616438356	73.59755522922879	114
80.8643835616438	73.6154131132094	115
56.9643835616438	73.60287161820904	116
