y	y_hat	y_index
80.3013698630137	73.64925053025367	531
73.0534246575342	73.6431037449614	532
69.1986301369863	73.61317396862394	533
