y	y_hat	y_index
72.1260273972603	73.61166918442339	78
82.5109589041096	73.61168962679089	79
60.6205479452055	73.6116265074183	80
