y	y_hat	y_index
85.5397260273973	73.56632166430144	249
74.372602739726	73.55868116000048	250
67.4616438356164	73.57196877423874	251
