y	y_hat	y_index
72.8643835616438	73.58694240823085	722
73.8041095890411	73.60895760135011	723
