y	y_hat	y_index
56.3027397260274	73.62499214148494	483
64.5808219178082	73.6212753817954	484
79.1671232876712	73.62998746302337	485
