y	y_hat	y_index
79.6849315068493	73.61382723342332	651
68.8616438356164	73.64463028846357	652
64.9712328767123	73.60611090050148	653
