y	y_hat	y_index
74.8452054794521	73.62752137030074	27
57.6315068493151	73.61164657566027	28
71.5794520547945	73.63282560407947	29
