y	y_hat	y_index
71.6835616438356	73.5984281101877	156
77.872602739726	73.64679513528432	157
70.7671232876712	73.61002989298125	158
