y	y_hat	y_index
68.2808219178082	73.58431657044684	627
80.5767123287671	73.57638794265519	628
74.2643835616438	73.57971150743883	629
