y	y_hat	y_index
75.758904109589	73.58771060972077	327
61.7671232876712	73.55476865092187	328
80.8534246575342	73.57539359979688	329
