y	y_hat	y_index
73.8643835616438	73.54899965218583	207
75.0397260273973	73.55191864927903	208
91.3068493150685	73.5453045021158	209
