y	y_hat	y_index
65.086301369863	73.64419893218714	183
69.1657534246575	73.66882119816106	184
71.6835616438356	73.63142968834156	185
