y	y_hat	y_index
81.8835616438356	73.59546935508993	501
73.558904109589	73.59527717450689	502
63.3452054794521	73.56566805287856	503
