y	y_hat	y_index
69.1876712328767	73.61986531700447	9
77.5616438356164	73.63287963496724	10
59.7616438356164	73.61815988565834	11
