y	y_hat	y_index
65.8616438356164	73.62833744908168	69
73.2753424657534	73.62668517537988	70
79.3780821917808	73.61589873280352	71
