y	y_hat	y_index
67.9342465753425	73.57406907451957	693
78.5287671232877	73.56332368876124	694
88.3315068493151	73.58356196344097	695
