y	y_hat	y_index
74.6013698630137	73.55415766710226	333
76.2835616438356	73.51638670005575	334
73.958904109589	73.55382301946338	335
