y	y_hat	y_index
73.9808219178082	73.53934491960821	96
84.0424657534247	73.54643097292478	97
75.572602739726	73.54201108881769	98
