y	y_hat	y_index
76.1753424657534	73.57849394155332	117
68.3068493150685	73.56630435339251	118
75.3452054794521	73.56505327541335	119
