y	y_hat	y_index
59.4616438356164	73.66175413756682	624
70.8178082191781	73.64977825366209	625
67.7397260273973	73.66068499075932	626
