y	y_hat	y_index
69.4808219178082	73.60129920483516	453
80.072602739726	73.62651182441734	454
61.686301369863	73.61356477081712	455
