y	y_hat	y_index
70.4698630136986	73.57547472833096	516
86.6369863013699	73.59224063699402	517
77.8835616438356	73.57885140539865	518
