y	y_hat	y_index
70.8616438356164	73.62438112587768	330
84.7424657534247	73.62243518009245	331
62.7643835616438	73.59319536739137	332
