y	y_hat	y_index
71.9643835616438	73.63215861394573	585
71.3479452054795	73.61584845571575	586
83.0616438356164	73.63176291833	587
