y	y_hat	y_index
64.5616438356164	73.61532092665601	279
71.158904109589	73.62240990208537	280
77.0643835616438	73.6080951700725	281
