y	y_hat	y_index
84.5356164383562	73.61490269263913	18
69.3849315068493	73.61231332945226	19
71.1561643835616	73.60689342721446	20
