y	y_hat	y_index
65.286301369863	73.62262397912832	681
73.8438356164384	73.62484807225849	682
73.4260273972603	73.61198949814802	683
