y	y_hat	y_index
71.4753424657534	73.53964680366167	600
74.6616438356164	73.57875539123971	601
76.0095890410959	73.5593137914835	602
