y	y_hat	y_index
71.2506849315069	73.65516867245489	219
62.9616438356164	73.65197895905352	220
70.8780821917808	73.6553557201239	221
