y	y_hat	y_index
64.3424657534247	73.65962709663101	672
70.9534246575342	73.67008981670325	673
72.6397260273973	73.6579251683781	674
