y	y_hat	y_index
86.4643835616438	73.55182038822939	201
69.7808219178082	73.56332656548454	202
75.7835616438356	73.56301649554857	203
