y	y_hat	y_index
73.6780821917808	73.64230957768773	255
72.5534246575342	73.65088952504884	256
72.3643835616438	73.62610159435512	257
