y	y_hat	y_index
62.1780821917808	73.67159518389266	318
58.9424657534247	73.65056581969958	319
65.5671232876712	73.66658288865638	320
