y	y_hat	y_index
72.7835616438356	73.56307476139591	198
82.1753424657534	73.54841680984364	199
74.2671232876712	73.56228910005339	200
