y	y_hat	y_index
86.3630136986301	73.57500258185978	51
82.672602739726	73.57823935075992	52
71.6808219178082	73.56371102659278	53
