y	y_hat	y_index
79.2232876712329	73.55442486106135	360
56.4287671232877	73.54616665460222	361
87.2835616438356	73.55880101532946	362
