y	y_hat	y_index
79.2452054794521	73.55704897149849	720
81.8671232876712	73.57382042696179	721
