y	y_hat	y_index
64.9753424657534	73.60162543862779	12
74.3616438356164	73.64460873273077	13
64.4315068493151	73.62942360362102	14
