y	y_hat	y_index
76.3397260273973	73.57784639445268	543
83.2342465753425	73.57224745364826	544
64.7561643835616	73.57298739842136	545
