y	y_hat	y_index
83.1890410958904	73.62809314843979	495
59.6452054794521	73.61545541942314	496
70.7876712328767	73.62469153894169	497
