y	y_hat	y_index
78.5369863013699	73.6236380783479	642
67.9986301369863	73.6080695205861	643
56.272602739726	73.597242165674	644
