y	y_hat	y_index
70.1534246575342	73.57702606355163	710
78.7479452054795	73.5976380795424	711
