y	y_hat	y_index
72.3616438356164	73.58092019305195	147
73.5780821917808	73.57674408453289	148
84.4452054794521	73.57456375476211	149
