y	y_hat	y_index
67.9479452054795	73.61553675158302	42
70.086301369863	73.61196850270879	43
82.17005428820563	73.64427050672141	44
