y	y_hat	y_index
76.8506849315069	73.6051022175975	699
77.1630136986301	73.56452608508833	700
70.4534246575342	73.56654399622536	701
