y	y_hat	y_index
65.8205479452055	73.59719426340293	498
80.8698630136986	73.63480771296771	499
70.5616438356164	73.59713930282535	500
