y	y_hat	y_index
84.1397260273973	73.55443257845405	552
75.3260273972603	73.54221092599836	553
78.4013698630137	73.55013587704728	554
