y	y_hat	y_index
77.9424657534247	73.58554873330564	264
75.3808219178082	73.56847110685352	265
67.6109589041096	73.56365101325821	266
