y	y_hat	y_index
88.5698630136986	73.55007699651644	261
76.8657534246575	73.5500997795845	262
87.7698630136986	73.55231204522246	263
