y	y_hat	y_index
64.0794520547945	73.6533608474156	732
69.558904109589	73.65835768680192	733
