y	y_hat	y_index
70.3369863013699	73.62934401097826	6
66.4616438356164	73.62928613432172	7
75.8643835616438	73.62370261379786	8
