y	y_hat	y_index
55.8479452054794	73.61328059603568	510
77.0383561643836	73.62416944937291	511
72.3232876712329	73.61145066688694	512
