y	y_hat	y_index
73.6616438356164	73.54231552875798	336
73.6465753424658	73.55440141308571	337
75.0671232876712	73.527382847707	338
