y	y_hat	y_index
80.8671232876712	73.54248497143605	192
72.1698630136986	73.57687884103177	193
77.9698630136986	73.5561873125807	194
