y	y_hat	y_index
70.4219178082192	73.65705551436868	603
65.9424657534247	73.64650187688001	604
68.1698630136986	73.65197162907423	605
