y	y_hat	y_index
73.8342465753425	73.58138455218872	321
74.3890410958904	73.55633320593238	322
70.8041095890411	73.55725413208823	323
