y	y_hat	y_index
70.1808219178082	73.66542767652717	675
64.9561643835616	73.65002021672055	676
67.3671232876712	73.64719649703838	677
