y	y_hat	y_index
88.2561643835616	73.57739675908708	99
72.158904109589	73.54181331604836	100
75.7808219178082	73.55661928538008	101
