y	y_hat	y_index
66.6753424657534	73.57427091150997	225
73.5808219178082	73.57364400957132	226
78.8835616438356	73.55860931008559	227
