y	y_hat	y_index
60.672602739726	73.6179703096696	576
75.5	73.62746750031523	577
57.6835616438356	73.61931875772449	578
