y	y_hat	y_index
70.472602739726	73.56792023147028	471
76.4232876712329	73.56406172723908	472
85.1547945205479	73.56567874349767	473
