y	y_hat	y_index
68.0479452054795	73.6306836969735	75
81.6397260273973	73.62239239727755	76
68.2753424657534	73.6324668902073	77
