y	y_hat	y_index
77.9342465753425	73.56446284910928	687
66.4232876712329	73.55059924290276	688
80.6397260273973	73.55735114334888	689
