y	y_hat	y_index
62.1205479452055	73.60842465511439	411
68.9890410958904	73.63546290979417	412
77.9397260273973	73.62051899504986	413
