y	y_hat	y_index
73.5479452054795	73.56856045650531	564
87.5506849315069	73.59472920257724	565
72.8506849315069	73.58251208854611	566
