y	y_hat	y_index
83.0164383561644	73.5763326548738	426
72.8671232876712	73.54871863725562	427
74.9616438356164	73.5818460981905	428
