y	y_hat	y_index
73.9424657534247	73.61616312135361	390
71.9041095890411	73.61394419706245	391
70.8260273972603	73.6118963116302	392
