y	y_hat	y_index
65.2657534246575	73.61521606462135	36
77.6616438356164	73.63029667619764	37
67.958904109589	73.62600425998751	38
