y	y_hat	y_index
79.5698630136986	73.54835225354051	441
77.7753424657534	73.56349210310783	442
72.4849315068493	73.58887446340125	443
