y	y_hat	y_index
78.4671232876712	73.53974396699913	222
74.5424657534247	73.53969981558296	223
76.0369863013699	73.53975881025997	224
