y	y_hat	y_index
74.1342465753425	73.5467598993223	420
74.4698630136986	73.539109756463	421
78.1808219178082	73.53257641792068	422
