y	y_hat	y_index
63.0808219178082	73.6580336976606	54
61.558904109589	73.62923656882063	55
61.9958904109589	73.66219480138328	56
