y	y_hat	y_index
73.558904109589	73.63452242693974	369
65.086301369863	73.65417561220072	370
70.6671232876712	73.65195486882888	371
