y	y_hat	y_index
69.5534246575342	73.66398043666021	30
71.3808219178082	73.66708962226016	31
60.6616438356164	73.65234419138343	32
