y	y_hat	y_index
69.0561643835616	73.66775956722798	216
59.4041095890411	73.647802340283	217
73.4232876712329	73.66589106282439	218
