y	y_hat	y_index
60.1671232876712	73.6084866033184	489
76.5342465753425	73.63739587097503	490
69.172602739726	73.61593614212985	491
