y	y_hat	y_index
66.3630136986301	73.66957103729126	267
68.9452054794521	73.65317365670462	268
58.2931506849315	73.65978245102298	269
