y	y_hat	y_index
67.6643835616438	73.61536980421974	231
78.3698630136986	73.59781477141348	232
71.958904109589	73.60916474107218	233
