y	y_hat	y_index
71.5671232876712	73.6094200195682	123
70.7616438356164	73.60613751284696	124
81.4342465753425	73.61738723241714	125
