y	y_hat	y_index
61.2698630136986	73.61309082561544	141
74.2808219178082	73.63432190365204	142
62.8753424657534	73.59549643185682	143
