mae_mean	mae_single
5.492514222426068	5.482373276883465
