mae_mean	mae_single
5.489701337743782	5.477829178298921
