mae_mean	mae_single
6.04222498643531	6.03946739979898
