mae_mean	mae_single
5.076236548138868	5.074899995102608
