mae_mean	mae_single
5.470046764840319	5.471892319291035
