mae_mean	mae_single
5.198685772650501	5.199547931288618
