mae_mean	mae_single
5.5021512328214826	5.440163536070697
