mae_mean	mae_single
4.991692775679803	4.918239287681134
