mae_mean	mae_single
4.982552592557667	4.930200887722154
