mae_mean	mae_single
4.956513530863803	5.197760846529906
