mae_mean	mae_single
4.625835955295868	4.691113991832049
