mae_mean	mae_single
5.4531335169350585	5.455659400869796
