mae_mean	mae_single
5.436601403140662	5.446001434134667
