mae_mean	mae_single
5.16013152704227	5.264238689421684
