mae_mean	mae_single
5.269734063122615	5.227658005745285
