mae_mean	mae_single
5.485863772270946	5.430642892022627
