mae_mean	mae_single
5.444512174620507	5.418007926557662
