mae_mean	mae_single
5.703326183176393	5.7093046075628475
