mae_mean	mae_single
4.709106882486347	4.6305698258042325
