mae_mean	mae_single
5.082476114607702	5.029518204660096
