mae_mean	mae_single
5.961413464952995	5.92181710204782
