{"c_mean": 2.701469072957247, "c_single": 1.0, "mae_mean": 5.38082816193195, "mae_single": 4.118237803777314}