mae_mean	mae_single
5.15967288590073	5.135044511837068
