mae_mean	mae_single
4.79531667657794	4.499587273344111
