mae_mean	mae_single
4.422709944875981	4.540506700706449
