mae_mean	mae_single
4.886858527555947	5.011535796363835
