mae_mean	mae_single
5.415036146762196	5.431147572751175
