mae_mean	mae_single
5.266984736616922	5.49546937131222
