mae_mean	mae_single
5.5900404185051835	5.804891506806516
