mae_mean	mae_single
5.068931180694718	5.21214134154901
