mae_mean	mae_single
6.001477671394771	6.323729284698263
