mae_mean	mae_single
4.787407564682027	4.802795144190405
