mae_mean	mae_single
5.7533863739073015	5.750227593210125
