mae_mean	mae_single
6.269575895026076	6.244871675505862
