mae_mean	mae_single
5.2204233337611665	5.272695614324724
