mae_mean	mae_single
5.147541622195387	4.97878048002074
