mae_mean	mae_single
5.655917178539519	5.960066835559145
