mae_mean	mae_single
4.694214895542133	5.066971722618916
