mae_mean	mae_single
5.294011978875409	5.2369271099008055
