mae_mean	mae_single
5.519569181997904	5.499269520829333
