mae_mean	mae_single
5.104622694396376	5.274876931344885
