mae_mean	mae_single
5.164952834462667	5.167988570611897
