mae_mean	mae_single
5.149849659374988	5.168429548682587
