mae_mean	mae_single
4.8326286700052385	4.807142580747726
