mae_mean	mae_single
4.915312673528903	5.028225750252328
