mae_mean	mae_single
5.039552573380806	5.164174273882178
