mae_mean	mae_single
4.4542196228666935	4.3639716555761545
