mae_mean	mae_single
3.995403101754256	4.057204141342825
