mae_mean	mae_single
5.601891997243103	5.594354741556469
