mae_mean	mae_single
4.4075439581406455	4.38960141076995
