mae_mean	mae_single
5.049552133423076	5.043631216644889
