mae_mean	mae_single
5.157181485088346	5.360939495488905
