mae_mean	mae_single
5.1804105986707585	5.190611645307261
