mae_mean	mae_single
5.658453682533094	5.6224207719802815
