mae_mean	mae_single
5.460510940422549	5.571031877486981
