mae_mean	mae_single
4.784041685283798	4.803808987476955
