mae_mean	mae_single
6.113300667574493	6.0308784007824014
