mae_mean	mae_single
5.386781679534575	5.281681624090572
