mae_mean	mae_single
4.695587452086167	4.685476360651731
