mae_mean	mae_single
5.586514006811185	5.567178780085968
