mae_mean	mae_single
4.021920357646625	3.955721513793798
