mae_mean	mae_single
4.510641201168627	4.454141091715075
