mae_mean	mae_single
4.539115494003894	4.551238089528334
