mae_mean	mae_single
5.921072526001334	6.269736283326008
