mae_mean	mae_single
5.133886678770923	5.379265436733767
