mae_mean	mae_single
4.078202635144512	3.959648019629408
