mae_mean	mae_single
5.322050195715721	5.383360494050271
