mae_mean	mae_single
4.924528309240239	4.938097329010146
