mae_mean	mae_single
4.386851638259448	4.34599961959784
