mae_mean	mae_single
5.299093631989173	5.180905350191156
