mae_mean	mae_single
5.964597363071102	5.763589033341716
