mae_mean	mae_single
4.768581099332708	4.814498895554356
