mae_mean	mae_single
5.048712076679223	4.928097890910059
