mae_mean	mae_single
4.2514951164168595	4.304455425527789
