mae_mean	mae_single
4.657329880939793	4.644265727211051
