mae_mean	mae_single
4.97036572370761	5.043444188767064
