mae_mean	mae_single
5.9590635851669145	5.468123657329426
