mae_mean	mae_single
4.68482287876876	4.782460754751702
