mae_mean	mae_single
5.727390839710247	6.049048007539909
