mae_mean	mae_single
6.205159474395425	6.236903562813737
