mae_mean	mae_single
4.926094079904664	5.125232317002771
