mae_mean	mae_single
5.64820006367588	5.651332634464967
