mae_mean	mae_single
5.12087682282399	5.045231430887329
