mae_mean	mae_single
4.314287355763832	4.313805311030424
