mae_mean	mae_single
5.213804240027498	5.262742265207767
