mae_mean	mae_single
5.574421557395911	5.586714817726066
