mae_mean	mae_single
4.663993112403259	4.717883288338514
