mae_mean	mae_single
6.026957653056754	6.036866748176142
