mae_mean	mae_single
5.470356327340847	5.464920457294382
