mae_mean	mae_single
5.812874295045831	5.74832174255877
