mae_mean	mae_single
6.198399231738311	5.98728443385247
