mae_mean	mae_single
5.6216356550739235	5.65861811421376
