mae_mean	mae_single
5.355978281887788	5.638408538839946
