mae_mean	mae_single
5.165333692206694	5.149982418737461
