mae_mean	mae_single
5.92934848061414	5.901355563777259
