mae_mean	mae_single
5.794701685711155	5.786729383796153
