mae_mean	mae_single
5.031845920632534	5.2822286739151645
