mae_mean	mae_single
5.44917300397598	5.522565261380302
