mae_mean	mae_single
5.318254777649993	5.319544613099719
