mae_mean	mae_single
4.959258122763317	4.9838665839207765
