mae_mean	mae_single
5.901292313245062	5.885841134835911
