mae_mean	mae_single
5.388747249235351	5.713650247357837
