mae_mean	mae_single
5.2969248566647185	5.356620744349441
