mae_mean	mae_single
4.911922228151167	4.847856211424275
