mae_mean	mae_single
5.0711005485793095	5.078588805538254
