mae_mean	mae_single
5.060992739270583	5.06322108734559
