mae_mean	mae_single
5.424714437844542	5.408372651920688
