mae_mean	mae_single
5.4981514358430035	5.654297246318921
