mae_mean	mae_single
5.631371381744635	5.548220507352965
