mae_mean	mae_single
5.719031104526763	5.83991687347443
