mae_mean	mae_single
5.6156011320803465	5.562175283334292
