mae_mean	mae_single
5.712022575608517	5.712181591433875
