mae_mean	mae_single
5.62879859518583	5.605031753667212
