mae_mean	mae_single
5.682208995091206	5.616532039224737
