mae_mean	mae_single
5.583316297755743	5.977859272331036
