mae_mean	mae_single
4.490572697155571	4.556531974998957
