mae_mean	mae_single
5.971900251396889	5.981213803650499
