mae_mean	mae_single
5.868808948762131	5.870177637023057
