mae_mean	mae_single
4.426943797398266	4.604102716668135
