mae_mean	mae_single
4.951253974729551	5.070260400237123
