mae_mean	mae_single
5.823725571726174	5.809237948041246
