mae_mean	mae_single
5.081134872587202	4.984683003055263
