mae_mean	mae_single
5.2081104915045655	5.217993324443234
