mae_mean	mae_single
5.386657930703583	5.40122321730428
