mae_mean	mae_single
5.05102389309328	5.054318666063704
