mae_mean	mae_single
5.585220550463085	5.626568445979947
