mae_mean	mae_single
4.480172040405602	5.141536793057297
