mae_mean	mae_single
5.770971071762274	5.734931955596454
