mae_mean	mae_single
4.563229651674053	4.563229651674053
