mae_mean	mae_single
4.498261612570651	5.4172723735814605
