mae_mean	mae_single
4.6084446791792475	4.564622371348302
