mae_mean	mae_single
5.136190922859291	5.158228165785324
