mae_mean	mae_single
5.500113267072312	5.4772647018377345
