mae_mean	mae_single
5.319819911802632	5.319160102650101
