mae_mean	mae_single
5.477290116355379	5.338948140786043
