mae_mean	mae_single
4.6795549031229156	4.747296431521962
