mae_mean	mae_single
4.598791450133397	4.67764793914704
