mae_mean	mae_single
4.408988614905083	4.395325488433425
