mae_mean	mae_single
6.205529184157932	6.140138648028076
