mae_mean	mae_single
5.150690430784208	5.212587930361461
