mae_mean	mae_single
5.66880439585206	5.6755121241049356
