mae_mean	mae_single
5.833274500839378	5.8241428686152945
