mae_mean	mae_single
5.5425775093050245	5.553767441490049
