mae_mean	mae_single
5.643175965616034	5.68743178854792
