mae_mean	mae_single
4.64030435252575	4.8111433774067125
