mae_mean	mae_single
3.3015239145032544	3.357557464636907
