mae_mean	mae_single
6.691515303379442	6.866713244639442
