mae_mean	mae_single
2.2256180801156376	2.2150790956686897
