mae_mean	mae_single
7.890272051220052	7.595016457814087
