mae_mean	mae_single
7.122228592334342	6.849681694514994
