mae_mean	mae_single
5.9430148257016056	5.750988562419503
