mae_mean	mae_single
6.250686653338771	6.348731997097777
