mae_mean	mae_single
7.825564164456575	8.115485721709902
