mae_mean	mae_single
4.792690319287364	4.816216363796428
