mae_mean	mae_single
5.224952449987204	5.151351630787663
