mae_mean	mae_single
2.969052680482129	3.2075957048179498
