mae_mean	mae_single
1.2919954629846302	1.3347969528973305
