mae_mean	mae_single
4.00533420936694	3.821185973140487
