mae_mean	mae_single
2.907626528989809	2.8461364842670727
