mae_mean	mae_single
2.538717162871123	2.518835227184193
