mae_mean	mae_single
5.410068500737419	5.425010278886504
