mae_mean	mae_single
5.9871640954720435	5.973201573430866
