mae_mean	mae_single
5.894414157950298	6.203038526384428
