mae_mean	mae_single
3.0421061893451857	3.4645641270782
