mae_mean	mae_single
7.095141554190768	7.712865774071855
