mae_mean	mae_single
3.617948315654426	3.5911695981219034
