mae_mean	mae_single
7.313113886584072	7.151070009892867
