mae_mean	mae_single
4.41064499452492	4.10297786613079
