mae_mean	mae_single
3.6159309603362857	2.9621363907088303
