mae_mean	mae_single
4.616288035458941	4.309249350599766
