mae_mean	mae_single
3.3712342019124812	3.227661562690064
