mae_mean	mae_single
5.317314873777697	4.3286092148720625
