mae_mean	mae_single
6.103925189996789	6.212490532865068
