mae_mean	mae_single
9.944737282626855	9.937726059956963
