mae_mean	mae_single
3.2909622825293234	3.1482944331791387
