mae_mean	mae_single
5.036171606737767	5.036171606737767
