mae_mean	mae_single
4.668966766152806	4.396208399519144
