mae_mean	mae_single
3.068569148007711	3.0607616792215615
