mae_mean	mae_single
6.508348023070631	5.996581366761376
