mae_mean	mae_single
8.54076494408582	8.397261147900393
