mae_mean	mae_single
8.652008819260653	8.680351478099771
