mae_mean	mae_single
2.1895375397480734	2.204883397156413
