mae_mean	mae_single
2.296144604225489	1.9599578090192769
