mae_mean	mae_single
5.702476110415624	5.815078771345853
