mae_mean	mae_single
6.623586700160478	6.754393515250579
