mae_mean	mae_single
6.7121464070209	6.8901267434734494
