mae_mean	mae_single
4.915349737872205	4.989031840581224
