mae_mean	mae_single
3.845333996521717	3.8114621828288904
