mae_mean	mae_single
6.356159351148747	6.45231818720535
