mae_mean	mae_single
4.077625172865335	4.303587963809889
