mae_mean	mae_single
7.780870467496214	7.906869942554731
