mae_mean	mae_single
4.175335877356062	3.9246599194414906
