mae_mean	mae_single
3.3863512035980867	3.3689902089187314
