mae_mean	mae_single
4.070234766079349	4.057725106591536
