mae_mean	mae_single
12.469530343554899	12.763401128669202
