mae_mean	mae_single
4.022859515479364	4.133314583994472
