mae_mean	mae_single
3.6074858959892615	3.799556141606819
