mae_mean	mae_single
5.639014901061064	5.560020614223035
