mae_mean	mae_single
7.662346116351131	7.580079750960991
