mae_mean	mae_single
5.095138641204959	4.917932358719469
