mae_mean	mae_single
3.526329215631629	3.9743845463597105
