mae_mean	mae_single
6.399383861912725	3.7273310368175934
