mae_mean	mae_single
8.363600640771699	8.673203606024117
