mae_mean	mae_single
9.113554634452688	8.990881672218043
