mae_mean	mae_single
6.319228317678404	8.09701285090991
