mae_mean	mae_single
7.299078324619562	7.313601449473135
