mae_mean	mae_single
1.923465899310538	1.9449807907333205
