mae_mean	mae_single
5.893520407972422	6.018204408955147
