mae_mean	mae_single
3.9012556850218183	3.929436399507182
