mae_mean	mae_single
5.3853279292168	6.336641185796888
