mae_mean	mae_single
9.851260596005426	8.663361443983225
