mae_mean	mae_single
6.6395700006606075	6.718689019739817
