mae_mean	mae_single
2.559031833603347	2.4965718890298043
