mae_mean	mae_single
5.506712431925607	5.655061346880539
