mae_mean	mae_single
3.9690356170570786	5.687227222733422
