mae_mean	mae_single
6.646291280154415	6.730827873466225
