mae_mean	mae_single
2.662120714132636	2.697463674235683
