mae_mean	mae_single
8.873728146376093	8.902767283165959
