mae_mean	mae_single
5.377429614494663	6.433156759137835
