mae_mean	mae_single
9.23830945224075	9.224618442464768
