mae_mean	mae_single
5.091428731349613	4.690687814550202
