mae_mean	mae_single
7.41059478151232	7.4899815238435155
