mae_mean	mae_single
5.168742837290073	5.144278747591244
