mae_mean	mae_single
2.612982125264504	2.6195039159076194
