mae_mean	mae_single
4.8909868764407065	4.583803265133317
