mae_mean	mae_single
5.302201047845358	5.27065122608703
