mae_mean	mae_single
6.061251588744629	5.943119922845625
