mae_mean	mae_single
5.406691091718808	4.6332631993353885
