mae_mean	mae_single
8.835317184809993	8.884616881589183
