mae_mean	mae_single
4.96470683819598	5.241254108671427
