mae_mean	mae_single
7.681599630603887	7.686763912516675
