mae_mean	mae_single
5.962333343533682	5.639370421733996
