mae_mean	mae_single
7.530378067615345	8.19214097104152
