mae_mean	mae_single
3.856154320567086	3.4609487550654308
