mae_mean	mae_single
1.7278849710412676	1.7914857691961903
