mae_mean	mae_single
4.472287273287573	4.567956332427808
