mae_mean	mae_single
7.630861856144605	7.450953321640142
