mae_mean	mae_single
4.738582769416015	4.881320221261075
