mae_mean	mae_single
3.4284846505616855	3.2352274211372056
