mae_mean	mae_single
7.099173739750142	6.3929523901342735
