mae_mean	mae_single
6.882585638201671	6.951042795683013
