mae_mean	mae_single
4.037418348048874	4.050060476727661
