mae_mean	mae_single
6.623753293688433	6.276116893964257
