mae_mean	mae_single
6.2986594417264525	6.245146708417337
