mae_mean	mae_single
4.207342183113188	4.195359545634763
