mae_mean	mae_single
6.9787587208993145	6.89494927494425
