mae_mean	mae_single
5.564750928996037	6.475706990582701
