mae_mean	mae_single
3.8822063552714163	3.99775929979396
