mae_mean	mae_single
3.1372828804679216	3.1923664703918653
