mae_mean	mae_single
5.170122690677904	5.15744479941839
