mae_mean	mae_single
7.457998876339033	7.40171400163941
