mae_mean	mae_single
2.8825226379210136	2.8106198351853635
