mae_mean	mae_single
5.946958911055816	5.838383222936244
