mae_mean	mae_single
2.5333959290400756	2.490848450773832
