mae_mean	mae_single
4.018803763241095	4.571932143604163
