mae_mean	mae_single
4.093807268530114	3.946387880639809
