mae_mean	mae_single
7.486564412374686	7.455076677664692
