mae_mean	mae_single
4.01143391627627	4.45802942550777
