mae_mean	mae_single
8.298430685570684	8.310084533641097
