mae_mean	mae_single
4.384538498340004	4.37293313631681
