mae_mean	mae_single
8.434003795624212	8.389170042122364
