mae_mean	mae_single
9.372798475814504	9.839331298284646
