mae_mean	mae_single
3.332854068662499	3.5689333440609423
