mae_mean	mae_single
3.597126201003372	3.5105818995027342
