mae_mean	mae_single
2.5054074183329362	2.6004377650104544
