mae_mean	mae_single
7.300633609584357	7.18793634719096
