mae_mean	mae_single
5.2181668522445745	5.037457078680991
