mae_mean	mae_single
0.9436374299350518	1.1439593477665635
