mae_mean	mae_single
4.8340854139672045	5.2713052229727495
