mae_mean	mae_single
2.056657665340623	2.224082334589376
