mae_mean	mae_single
2.03763662393564	2.114687464893658
