mae_mean	mae_single
5.264658670354294	5.306956616721048
