mae_mean	mae_single
5.947472959094895	5.7487361802908525
