mae_mean	mae_single
2.6929556187992034	2.852831835132245
