mae_mean	mae_single
3.0169006077864253	3.207545640169253
