mae_mean	mae_single
4.80205702989285	4.570868240485884
