mae_mean	mae_single
4.762248123191934	4.716465305213997
