mae_mean	mae_single
3.4436381179571973	3.604627806237204
