mae_mean	mae_single
2.443432698159029	2.4694517156962754
