mae_mean	mae_single
5.030301747577785	3.9620720168624266
