mae_mean	mae_single
7.241886012221346	7.051324134072679
