mae_mean	mae_single
2.0705384168116914	1.8695997557256163
