mae_mean	mae_single
5.255201420459106	5.483944862847423
