mae_mean	mae_single
3.536122891369317	3.1642403697141432
