mae_mean	mae_single
3.6046699324790126	3.596567343169473
