mae_mean	mae_single
4.958866407948411	4.998202121312791
