mae_mean	mae_single
4.345579002230745	5.082918326603784
