mae_mean	mae_single
8.827128375291588	8.803291859464693
