mae_mean	mae_single
4.74093933183416	4.742543912683227
