mae_mean	mae_single
4.026050649043569	4.347657435518784
