mae_mean	mae_single
4.455536660570388	4.452119013449035
