mae_mean	mae_single
7.480314995133722	6.986730610466185
