mae_mean	mae_single
2.5231773473350407	4.185859448851285
