mae_mean	mae_single
1.6462719329138764	1.0375234390583827
