mae_mean	mae_single
2.255237555588612	2.33777467765537
