mae_mean	mae_single
6.171219432433361	6.009369821064586
