mae_mean	mae_single
1.9983989398781101	2.058492425850801
