mae_mean	mae_single
6.91865996105211	6.925802420801233
