mae_mean	mae_single
4.650058483363125	4.486978848702729
