mae_mean	mae_single
5.466396177709785	5.4485947869436275
