mae_mean	mae_single
2.462753931633055	2.6482039220193627
