mae_mean	mae_single
7.345162437107557	6.89381116241645
