mae_mean	mae_single
8.162562714943348	8.264634582769773
