mae_mean	mae_single
9.175348644269235	9.160563023182533
