mae_mean	mae_single
5.020511544040694	4.851453331293946
