mae_mean	mae_single
4.297213165149212	4.050312739999247
