mae_mean	mae_single
4.3763693737240885	4.126600983716067
