mae_mean	mae_single
4.964475616410492	4.955311647120008
