mae_mean	mae_single
1.5715174733646602	1.5069807627082195
