mae_mean	mae_single
7.358216301951292	7.571774691806756
