mae_mean	mae_single
1.5627467051779622	1.410866280828813
