mae_mean	mae_single
4.0068116936852265	4.052467598784077
