mae_mean	mae_single
3.657159527374283	3.637835231627072
