mae_mean	mae_single
3.1165895845577203	3.4022482942738983
