mae_mean	mae_single
11.666021505195731	11.685277007457346
