mae_mean	mae_single
5.751605940081944	5.797413536080839
