mae_mean	mae_single
10.751569687727823	10.866720106061587
