mae_mean	mae_single
9.688697245842349	9.20575113341468
