mae_mean	mae_single
7.257973048712287	7.3020052115582486
