mae_mean	mae_single
7.376166694374009	8.093583437229434
