mae_mean	mae_single
3.8187030669745305	4.246851115699319
