mae_mean	mae_single
2.621973207726962	2.8358092816318865
