mae_mean	mae_single
4.8926023236679255	4.84025703679509
