mae_mean	mae_single
2.8032429836887	2.787249960391165
