mae_mean	mae_single
7.949343197885871	7.909298926534348
