mae_mean	mae_single
6.181545143745201	7.017592250266655
