mae_mean	mae_single
8.842964158148694	8.741625061027221
