mae_mean	mae_single
5.617152405324243	6.032826312592533
