mae_mean	mae_single
8.820733057531617	8.820345529432558
