mae_mean	mae_single
6.107602021399316	6.241533217178372
