mae_mean	mae_single
3.7105518858344104	3.7105518858344104
