mae_mean	mae_single
3.743938445653223	4.378169682388195
