mae_mean	mae_single
14.476317470437808	13.711166588428314
