mae_mean	mae_single
7.208412086750404	7.885432173133286
