mae_mean	mae_single
4.102656142640067	4.318936078498226
