mae_mean	mae_single
9.2502398621509	8.871546909588863
