mae_mean	mae_single
5.929504493357555	5.564949113428952
