mae_mean	mae_single
1.635498016386317	1.7997139074757011
