mae_mean	mae_single
4.223592824489586	4.17657417903159
