mae_mean	mae_single
5.570679603415833	5.705362721256172
