mae_mean	mae_single
5.926910965309699	5.966847915998677
