mae_mean	mae_single
7.783634052518337	7.883731704084127
