mae_mean	mae_single
11.464513943196087	11.700960255102464
