mae_mean	mae_single
6.360056225141058	6.558405295765982
