mae_mean	mae_single
5.395058910732871	5.529720651864703
