mae_mean	mae_single
7.890019359548025	8.657447303881435
