mae_mean	mae_single
4.769721401805327	4.769721401805327
