mae_mean	mae_single
7.433211431986685	7.174122880686258
