mae_mean	mae_single
7.409082748634996	7.189747410136808
