mae_mean	mae_single
10.427158672904248	10.392600576870295
