mae_mean	mae_single
6.282517459582546	5.823765956071024
