mae_mean	mae_single
1.8406578254773436	1.9106244337739753
