mae_mean	mae_single
5.839893557438951	5.8421137567289065
