mae_mean	mae_single
2.9552774270463593	3.17458884307707
