mae_mean	mae_single
5.789813108039716	5.879476023877257
