mae_mean	mae_single
7.502190187302546	7.599966029185841
