mae_mean	mae_single
3.249472477275281	3.256968030040118
