mae_mean	mae_single
4.60560124169767	4.639044988872551
