mae_mean	mae_single
9.228198855325838	8.49565929879573
