mae_mean	mae_single
8.62326322956494	11.067027955141297
