mae_mean	mae_single
7.903980506551908	7.933210978385556
