mae_mean	mae_single
9.317403534036096	10.94376599033396
