mae_mean	mae_single
1.8455919914311447	1.7621688532576958
