mae_mean	mae_single
4.497690846013673	3.6898458880975746
