mae_mean	mae_single
1.708008869191076	1.5585576630093811
