mae_mean	mae_single
6.40032034087785	6.304475774582916
