mae_mean	mae_single
5.928082640613606	5.647589472568119
