mae_mean	mae_single
3.215707360365594	3.3099193641426012
