mae_mean	mae_single
1.6292826652938857	1.6995248415824946
