mae_mean	mae_single
4.2029060092807144	5.080695285727714
