mae_mean	mae_single
1.1004328152081229	0.74735794968151
