mae_mean	mae_single
8.19019739647743	7.939313895156019
