mae_mean	mae_single
5.3883756093938375	5.593066779660593
