mae_mean	mae_single
2.7616438962637537	2.170085081127804
