mae_mean	mae_single
4.247712043216235	4.266624262032579
