mae_mean	mae_single
2.40851300486662	2.3650729577786933
