mae_mean	mae_single
7.765267123983651	7.751395898956889
