mae_mean	mae_single
6.068280391306989	6.132643231164181
