mae_mean	mae_single
4.346084670487362	4.415215203402208
