mae_mean	mae_single
3.8282563049123155	3.800453639743727
