mae_mean	mae_single
5.8551148313964445	5.666587797474747
