mae_mean	mae_single
5.428501403660161	5.3903126503942955
