mae_mean	mae_single
12.582327154764977	12.561493052420834
