mae_mean	mae_single
1.853395707075644	2.7508763745711824
