mae_mean	mae_single
1.5240501024260358	1.5539036488878821
