mae_mean	mae_single
3.4912023010848494	3.5555895529905874
