mae_mean	mae_single
9.55087674627876	9.190451991415351
