mae_mean	mae_single
8.470197039895956	8.518110942070757
