mae_mean	mae_single
4.51408782992205	4.457395566155505
