mae_mean	mae_single
5.2905617312433435	4.727142191514308
