mae_mean	mae_single
7.3063537938768475	7.600839362224979
