mae_mean	mae_single
4.402652793635606	4.4134194273895035
