mae_mean	mae_single
5.972897915193481	5.599177670677501
