mae_mean	mae_single
5.335802301979707	5.419294394778187
