mae_mean	mae_single
9.786972582403727	9.576043873844675
