y	y_hat	y_index
73.6616438356164	76.3741353356437	336
73.6465753424658	72.66369830933873	337
75.0671232876712	71.5369528062257	338
