y	y_hat	y_index
57.7369863013699	68.18220105322096	678
72.0013698630137	72.764908787107	679
75.572602739726	72.27910017376875	680
