y	y_hat	y_index
83.3780821917808	72.54751550775777	138
60.6835616438356	76.29151358954839	139
84.7506849315069	78.93449449805925	140
