y	y_hat	y_index
71.8452054794521	73.59917547721255	402
80.1986301369863	77.90627251783222	403
78.3561643835616	71.55469911946727	404
