y	y_hat	y_index
79.5808219178082	80.27473600364723	213
68.0506849315069	81.03386583995152	214
80.1835616438356	72.56313541886884	215
