y	y_hat	y_index
81.8821917808219	80.34674430129459	636
63.9753424657534	70.69439166350153	637
76.5616438356164	71.9245010174442	638
