y	y_hat	y_index
86.3630136986301	79.80756254949847	51
82.672602739726	75.515769485705	52
71.6808219178082	72.27770172007155	53
