y	y_hat	y_index
85.5397260273973	78.75353698621011	249
74.372602739726	76.89498797095963	250
67.4616438356164	69.79968862900984	251
