y	y_hat	y_index
79.8520547945206	79.58051545771359	66
90.2561643835616	75.57046249381905	67
71.058904109589	76.04053672350268	68
