y	y_hat	y_index
55.1616438356164	70.3095130991814	354
83.2534246575342	79.8359132419035	355
78.4397260273973	74.41397250374696	356
