y	y_hat	y_index
76.1506849315069	74.27375539013002	540
64.5643835616438	72.64066495798694	541
87.1643835616438	81.35199023798651	542
