y	y_hat	y_index
66.4260273972603	72.16421364291651	60
63.7506849315068	71.90923540611634	61
62.258904109589	70.59395173386021	62
