y	y_hat	y_index
78.0616438356164	75.29726028391957	417
69.9986301369863	76.25964648507431	418
80.2712328767123	71.335140490081	419
