y	y_hat	y_index
81.0643835616438	74.26946886041925	21
79.0342465753425	75.65962959177071	22
71.7452054794521	73.85709560024611	23
