y	y_hat	y_index
69.3534246575342	78.5375719773663	315
81.0150684931507	71.67817485422407	316
60.6232876712329	69.44291061583225	317
