y	y_hat	y_index
64.7698630136986	71.1748012381552	45
77.7643835616438	74.75315105097305	46
60.7616438356164	73.26453448211959	47
