y	y_hat	y_index
64.2	73.76750956758121	549
87.6397260273973	79.9367277953451	550
74.5684931506849	72.8813159972831	551
