y	y_hat	y_index
71.1260273972603	74.14771517219593	591
74.3780821917808	71.00261760313313	592
80.1958904109589	70.40786604234358	593
