y	y_hat	y_index
72.1260273972603	81.44962240764218	78
82.5109589041096	77.01615916073185	79
60.6205479452055	69.51409471110159	80
