y	y_hat	y_index
75.2835616438356	69.92510761025414	84
75.2424657534247	70.14905474479872	85
74.1780821917808	72.92618017892278	86
