y	y_hat	y_index
79.2616438356164	74.71606068108156	171
79.386301369863	76.95549311180079	172
61.7808219178082	70.07871669925999	173
