y	y_hat	y_index
73.8342465753425	74.16958269314897	321
74.3890410958904	74.37084315454317	322
70.8041095890411	74.32656191884129	323
