y	y_hat	y_index
73.6780821917808	73.85874620890971	255
72.5534246575342	76.07584098263335	256
72.3643835616438	74.87291846985082	257
