y	y_hat	y_index
83.8205479452055	77.67573740949611	93
75.0342465753425	72.19713168729172	94
77.4808219178082	75.98914043831383	95
