y	y_hat	y_index
58.1808219178082	71.91272840644314	435
61.7849315068493	76.77231139157067	436
76.0561643835616	69.7773862413307	437
