y	y_hat	y_index
70.4616438356164	73.84517111869332	645
88.4753424657534	69.016829885922	646
78.0616438356164	71.34990191050844	647
