y	y_hat	y_index
67.3013698630137	77.21705058094635	186
73.9671232876712	73.31856794523252	187
69.6671232876712	77.42569329149782	188
