y	y_hat	y_index
71.9671232876712	75.32167656280173	81
69.7095890410959	74.15188605673436	82
69.2260273972603	69.83890605755741	83
