y	y_hat	y_index
71.3835616438356	73.30616783115933	429
78.072602739726	77.43457624732409	430
70.8835616438356	78.65384331798157	431
