y	y_hat	y_index
89.0698630136986	68.8211700756998	570
77.2260273972603	73.93402641448294	571
79.5616438356164	75.35161816993984	572
