y	y_hat	y_index
77.8150684931507	71.83633228072499	378
75.5671232876712	70.86161820493665	379
82.0287671232877	76.19287112267114	380
