y	y_hat	y_index
80.9534246575342	74.96340160408619	561
79.9452054794521	77.46537647652869	562
72.3808219178082	73.26073861510994	563
