y	y_hat	y_index
74.1342465753425	73.41988240144023	420
74.4698630136986	75.13724968585188	421
78.1808219178082	73.79217506593214	422
