y	y_hat	y_index
72.3616438356164	73.09844509261355	147
73.5780821917808	72.96302664951975	148
84.4452054794521	78.28084002371148	149
