y	y_hat	y_index
90.272602739726	77.49663980194057	666
66.4561643835616	67.97930381618193	667
71.5643835616438	75.10770006852273	668
