y	y_hat	y_index
55.8671232876712	71.86337108614337	657
84.5506849315069	75.29572261321465	658
62.3821917808219	65.08319226616577	659
