y	y_hat	y_index
61.0424657534247	71.50629803087327	444
68.058904109589	74.98211613930278	445
74.9260273972603	71.3767955417247	446
