y	y_hat	y_index
69.6178082191781	69.88488454071951	558
82.9027397260274	72.8436812002709	559
72.3260273972603	75.03662955665462	560
