y	y_hat	y_index
65.2657534246575	70.54672098082911	36
77.6616438356164	77.44933788249197	37
67.958904109589	72.62468421108723	38
