y	y_hat	y_index
73.258904109589	71.51931532766362	339
84.1643835616438	71.72903980899879	340
84.4616438356164	75.74399080175297	341
