y	y_hat	y_index
86.4643835616438	72.36191713052247	201
69.7808219178082	71.0549806865405	202
75.7835616438356	74.3087296277165	203
