y	y_hat	y_index
74.4616438356164	72.93146002396612	111
69.0452054794521	69.05652374188492	112
77.5369863013699	68.28710977244288	113
