y	y_hat	y_index
80.2794520547945	70.98096132316624	396
77.6616438356164	72.66131189452219	397
61.0	68.60307815603059	398
