y	y_hat	y_index
78.986301369863	73.44216544937369	105
72.2095890410959	74.35716387340312	106
78.9657534246575	75.84345438001701	107
