y	y_hat	y_index
89.5835616438356	80.48144248490803	63
67.7328767123288	72.29653396264592	64
61.5369863013699	73.74099958082003	65
