y	y_hat	y_index
69.0561643835616	71.71526904069022	216
59.4041095890411	70.99272676454022	217
73.4232876712329	72.56249468364734	218
