y	y_hat	y_index
76.8506849315069	82.66653881406347	699
77.1630136986301	74.39827804869701	700
70.4534246575342	76.09565312054703	701
