y	y_hat	y_index
65.286301369863	74.16840352789836	681
73.8438356164384	79.62797620954234	682
73.4260273972603	70.83745232815377	683
