y	y_hat	y_index
75.8616438356164	74.1471230562619	165
70.7643835616438	70.71167369035784	166
73.372602739726	74.4362843788907	167
