y	y_hat	y_index
71.8698630136986	71.4313660410485	204
62.7616438356164	68.02346887791293	205
85.8753424657534	76.29024855708516	206
