y	y_hat	y_index
74.7287671232877	75.34087661674043	594
55.8808219178082	72.76602141927437	595
68.1643835616438	73.71187345853656	596
