y	y_hat	y_index
68.3904109589041	74.28036654419945	633
63.8479452054794	68.37513266667416	634
76.186301369863	72.38769610810508	635
