y	y_hat	y_index
71.6835616438356	73.18187060371284	156
77.872602739726	82.7369403596662	157
70.7671232876712	71.29291052053023	158
