y	y_hat	y_index
84.2808219178082	75.78189461033834	465
60.0534246575343	71.59130427799622	466
78.058904109589	71.58975948309079	467
