y	y_hat	y_index
75.8890410958904	76.18945658935829	33
85.7260273972603	70.10021078466163	34
75.7424657534247	73.7816978288902	35
