y	y_hat	y_index
60.0232876712329	71.19127062560781	366
81.7013698630137	76.58080148261337	367
71.0506849315069	73.84230227215483	368
