y	y_hat	y_index
59.4616438356164	69.12639125100485	624
70.8178082191781	70.70789966018168	625
67.7397260273973	71.00332406447451	626
