y	y_hat	y_index
75.4452054794521	74.92815698075844	120
65.2424657534247	77.53991716526727	121
78.686301369863	70.85304436579422	122
