y	y_hat	y_index
71.8424657534247	72.12019947269228	684
75.9369863013699	74.33631905675182	685
72.9849315068493	74.40782898858802	686
