y	y_hat	y_index
84.2698630136986	80.61213860406984	129
71.172602739726	75.81164779789539	130
82.9561643835616	75.09695006370934	131
