y	y_hat	y_index
84.1397260273973	72.78010597110321	552
75.3260273972603	75.82379241554702	553
78.4013698630137	73.34171023441131	554
