y	y_hat	y_index
69.4753424657534	70.63911690199399	276
65.8753424657534	71.08691584118414	277
72.6452054794521	72.34369905077651	278
