y	y_hat	y_index
63.0808219178082	69.26744093941322	54
61.558904109589	73.87531254467007	55
61.9958904109589	71.61125838171633	56
