y	y_hat	y_index
80.8287671232877	80.34026000525942	102
75.1794520547945	75.45900408157802	103
80.1808219178082	73.37934902061488	104
