y	y_hat	y_index
73.7452054794521	71.42038162311695	450
69.6534246575342	71.37078125664058	451
77.1232876712329	66.2888689028292	452
