y	y_hat	y_index
72.8643835616438	73.75393655708984	722
73.8041095890411	76.17312192418284	723
