y	y_hat	y_index
70.1616438356164	69.28317209061714	669
81.0835616438356	77.63832618071407	670
59.1671232876712	69.51637670887254	671
