y	y_hat	y_index
67.0835616438356	72.14919746000744	114
80.8643835616438	69.08828135429219	115
56.9643835616438	67.64869147092804	116
