y	y_hat	y_index
75.8260273972603	78.07401163400868	237
75.1342465753425	70.56098233845272	238
66.7178082191781	74.79068026012787	239
