y	y_hat	y_index
71.2808219178082	68.58081143874675	730
76.0232876712329	74.6099828196131	731
