y	y_hat	y_index
83.2643835616438	76.782272367763	519
84.6671232876712	78.4009528968432	520
70.8287671232877	74.24561236676041	521
