y	y_hat	y_index
63.6616438356164	69.62019341253932	462
73.0424657534247	74.4309145680975	463
63.5506849315069	72.91572535015867	464
