y	y_hat	y_index
73.9424657534247	73.40660501401831	390
71.9041095890411	75.63872346452862	391
70.8260273972603	70.19000796299527	392
