y	y_hat	y_index
62.1780821917808	70.80891190726572	318
58.9424657534247	69.49249097591202	319
65.5671232876712	71.281560406411	320
