y	y_hat	y_index
72.8506849315069	73.69559822178773	660
57.1780821917808	68.82447070899335	661
63.4232876712329	72.55722212399074	662
