y	y_hat	y_index
56.4835616438356	74.6664617272885	15
79.4849315068493	72.44877512468597	16
73.6328767123288	72.89590672016308	17
