y	y_hat	y_index
73.1616438356164	70.53852881065956	567
56.3643835616438	73.41190184203107	568
74.6534246575342	78.27859272414103	569
