y	y_hat	y_index
75.1452054794521	74.34266802141649	423
75.6369863013699	71.41306880784876	424
74.7534246575342	71.79351746669305	425
