y	y_hat	y_index
67.9671232876712	72.28146504759324	48
84.1506849315069	81.23176595849026	49
67.5671232876712	73.56579753830727	50
