y	y_hat	y_index
88.2643835616438	69.87686912522241	606
73.7821917808219	74.20662431889622	607
82.4534246575342	72.19927989450285	608
