y	y_hat	y_index
73.2808219178082	74.85906074201904	468
76.3424657534247	77.51285722919273	469
77.7643835616438	69.38135820411944	470
