y	y_hat	y_index
71.5671232876712	71.93752310894584	123
70.7616438356164	66.69046189697468	124
81.4342465753425	72.05902461016585	125
