y	y_hat	y_index
63.4369863013699	76.52823955482495	480
68.7287671232877	74.38991275598823	481
81.4616438356164	73.73265759589722	482
