y	y_hat	y_index
75.8780821917808	76.20270985071713	3
71.2671232876712	74.5535576741667	4
61.0808219178082	70.62337536739639	5
