y	y_hat	y_index
69.2013698630137	70.71559833557228	648
72.2397260273973	74.62707305799539	649
70.4753424657534	69.80476766163197	650
