y	y_hat	y_index
79.5232876712329	77.32565155079024	477
71.7657534246575	68.9529184101101	478
60.718372666497935	73.07734085562703	479
