y	y_hat	y_index
71.972602739726	75.05427047854971	555
69.9260273972603	69.17361171155981	556
84.5342465753425	80.5024103766858	557
