y	y_hat	y_index
82.3958904109589	77.56410823409193	273
74.7342465753425	74.81378633033269	274
72.158904109589	79.9183606512006	275
