y	y_hat	y_index
56.3027397260274	75.13407271303889	483
64.5808219178082	75.17878544758845	484
79.1671232876712	74.2028779748747	485
