y	y_hat	y_index
89.2780821917808	73.75223969718166	438
77.0643835616438	74.87164463027867	439
77.1397260273973	74.98754735288013	440
