y	y_hat	y_index
57.0643835616438	71.20026543320282	582
87.2232876712329	76.56223438488142	583
82.7671232876712	76.28258242686894	584
