y	y_hat	y_index
75.1452054794521	77.12341001185816	621
67.7561643835616	75.32100386267174	622
61.972602739726	74.88925196533386	623
