y	y_hat	y_index
76.7041095890411	68.15873054932273	348
73.2479452054795	76.7013451691635	349
67.3205479452055	70.41267418453648	350
