y	y_hat	y_index
73.8643835616438	71.02287446135495	207
75.0397260273973	78.54518031014045	208
91.3068493150685	81.42360719588827	209
