y	y_hat	y_index
78.2671232876712	75.7547945392374	459
84.3452054794521	79.31343264239626	460
81.8397260273973	78.15201227592728	461
