y	y_hat	y_index
77.9424657534247	78.30417195863876	264
75.3808219178082	75.9812691238383	265
67.6109589041096	72.76171536467236	266
