y	y_hat	y_index
61.8561643835616	75.31376392196722	252
69.7780821917808	69.79991534605128	253
75.8479452054795	72.6331251111675	254
