y	y_hat	y_index
73.958904109589	71.4541844492802	486
83.258904109589	76.6210226615407	487
68.2780821917808	69.04005282693348	488
