y	y_hat	y_index
60.672602739726	74.05014709690356	576
75.5	77.6352288784902	577
57.6835616438356	69.85538497414537	578
