y	y_hat	y_index
70.1808219178082	74.78395747843442	675
64.9561643835616	76.989348632671	676
67.3671232876712	70.80534938807392	677
