y	y_hat	y_index
62.8698630136986	73.66093378409781	177
80.3534246575342	73.77089649916164	178
63.7506849315068	75.7380037499462	179
