y	y_hat	y_index
65.4931506849315	72.88834715434915	228
73.3301369863014	72.3163712921022	229
68.2506849315069	71.95397781203668	230
