y	y_hat	y_index
83.058904109589	71.06964363431615	159
72.3657534246575	68.30845975395897	160
70.4698630136986	72.1038700916445	161
