y	y_hat	y_index
60.1671232876712	71.17444316904661	489
76.5342465753425	77.07894333054634	490
69.172602739726	73.27508665988047	491
