y	y_hat	y_index
83.0164383561644	79.2103556517429	426
72.8671232876712	69.7885379338373	427
74.9616438356164	77.82539320918684	428
