y	y_hat	y_index
65.8205479452055	66.42539921670519	498
80.8698630136986	76.1781332515494	499
70.5616438356164	70.32144889497185	500
