y	y_hat	y_index
76.3397260273973	75.30378416966644	543
83.2342465753425	72.96191857659117	544
64.7561643835616	77.29592412073703	545
