y	y_hat	y_index
75.8753424657534	73.61807519968045	708
71.0753424657534	69.65129408087166	709
