y	y_hat	y_index
54.2739726027397	75.77114474062421	522
74.8164383561644	69.57008672468916	523
61.9561643835616	78.64159302551528	524
