y	y_hat	y_index
66.8643835616438	73.26888529396798	126
75.458904109589	75.12421498618468	127
79.2753424657534	72.59767150161917	128
