y	y_hat	y_index
71.9643835616438	72.80427312818912	585
71.3479452054795	74.70886274039228	586
83.0616438356164	75.22814918824568	587
