y	y_hat	y_index
76.7452054794521	74.51715918513028	734
79.7643835616438	80.82888113314974	735
