y	y_hat	y_index
77.9479452054795	73.3813964858962	405
67.3671232876712	73.93740029434855	406
65.5315068493151	74.31339112503628	407
