y	y_hat	y_index
65.6616438356164	66.95756596281115	447
54.9205479452055	73.47167827249015	448
81.3506849315069	71.36352553810573	449
