y	y_hat	y_index
80.3013698630137	75.09681296716415	531
73.0534246575342	79.88144439307348	532
69.1986301369863	69.15305482124442	533
