y	y_hat	y_index
72.7013698630137	75.4435261913718	57
77.8342465753425	75.76743718284904	58
79.7643835616438	80.51560496201915	59
