y	y_hat	y_index
79.5698630136986	70.44141139152877	441
77.7753424657534	73.76428596784959	442
72.4849315068493	77.18630011994313	443
