y	y_hat	y_index
66.4369863013699	72.17151019376594	712
65.5671232876712	78.93435288783267	713
