y	y_hat	y_index
61.9780821917808	73.74656046298476	300
73.2616438356164	71.57150422653845	301
80.6506849315069	81.4788114208008	302
