y	y_hat	y_index
82.3698630136986	77.3609831896149	294
84.4671232876712	74.22092730411602	295
75.7643835616438	72.12348104410333	296
