y	y_hat	y_index
75.7315068493151	70.56001918495	573
63.8178082191781	74.5033228646965	574
70.572602739726	77.01523472580254	575
