y	y_hat	y_index
69.5534246575342	74.87412576935584	30
71.3808219178082	70.83709142984276	31
60.6616438356164	73.64476461457694	32
