y	y_hat	y_index
68.5342465753425	74.33651558604025	306
78.1452054794521	77.35975225375076	307
69.458904109589	74.35595078792684	308
