y	y_hat	y_index
88.7369863013699	77.30168096890372	384
75.8534246575342	76.71046718152968	385
87.758904109589	78.68456618904762	386
