y	y_hat	y_index
74.0315068493151	73.80993934691642	408
76.5150684931507	76.79014519230635	409
65.0561643835616	71.3252328487731	410
