y	y_hat	y_index
76.6808219178082	75.52777956222103	363
86.5808219178082	69.7570110180851	364
77.4479452054795	68.96259928819492	365
