y	y_hat	y_index
61.0178082191781	70.34955094026287	507
78.4780821917808	74.8137636290601	508
77.2479452054795	76.70174299951881	509
