y	y_hat	y_index
77.9849315068493	74.25510967448916	414
70.7671232876712	72.02463497956178	415
71.4780821917808	71.28176080290773	416
