y	y_hat	y_index
68.2808219178082	79.82870797201177	627
80.5767123287671	76.92532614074496	628
74.2643835616438	75.2851845945745	629
