y	y_hat	y_index
66.6753424657534	70.32140329769985	225
73.5808219178082	71.95495661764022	226
78.8835616438356	70.3066236695732	227
