y	y_hat	y_index
62.7808219178082	71.84163893491403	234
81.3232876712329	73.82640551771753	235
76.0616438356164	73.41838198360405	236
