y	y_hat	y_index
73.8917808219178	70.60003641477257	351
76.6506849315069	76.09765195090432	352
81.2698630136986	77.49848891283304	353
