y	y_hat	y_index
80.8671232876712	68.38519523579791	192
72.1698630136986	77.23801704187485	193
77.9698630136986	73.14594846473105	194
