y	y_hat	y_index
74.2698630136986	70.41171365235616	150
66.9780821917808	76.55381478997904	151
82.0616438356164	80.74947658154046	152
