y	y_hat	y_index
80.3753424657534	75.5374058666952	258
74.3452054794521	81.35876358190444	259
75.058904109589	69.12188533102687	260
