y	y_hat	y_index
71.4780821917808	72.9091446092982	525
65.6561643835616	70.0999019320041	526
71.9479452054795	75.48499388092337	527
