y	y_hat	y_index
75.758904109589	79.87571836165708	327
61.7671232876712	71.10255343870654	328
80.8534246575342	76.38697531505719	329
