y	y_hat	y_index
73.9561643835616	71.77659735867904	728
79.9397260273973	72.07826996419847	729
