y	y_hat	y_index
65.086301369863	74.21361093767794	183
69.1657534246575	70.9181296975405	184
71.6835616438356	71.0272454949684	185
