y	y_hat	y_index
76.4410958904109	72.37711605121974	282
66.9931506849315	72.64558062347629	283
79.5643835616438	76.07283495847292	284
