y	y_hat	y_index
83.9095890410959	76.08484406096446	108
77.3616438356164	70.11801184344019	109
79.1082191780822	71.94934790448487	110
