y	y_hat	y_index
71.4671232876712	73.37293671352538	588
78.1986301369863	79.69798640169556	589
62.5698630136986	70.13617190525801	590
