y	y_hat	y_index
73.4287671232877	72.69135743723893	243
67.4643835616438	75.25588357988399	244
75.3602739726027	71.82060513045356	245
