y	y_hat	y_index
83.1890410958904	75.68093543955426	495
59.6452054794521	72.00028879831054	496
70.7876712328767	71.68046214083846	497
