y	y_hat	y_index
69.9506849315069	75.25146444741377	288
70.7260273972603	69.37708456399928	289
71.3424657534247	69.12635582145352	290
