y	y_hat	y_index
71.0041095890411	76.3054126060234	528
76.4753424657534	75.068730400021	529
68.4643835616438	69.14473027382826	530
