y	y_hat	y_index
61.8616438356164	72.3672053911962	474
68.1561643835616	74.75084998253693	475
76.2698630136986	76.95034875507257	476
