y	y_hat	y_index
67.9479452054795	68.31866199817475	42
70.086301369863	72.47168932390667	43
82.17005428820563	78.93096221531023	44
