y	y_hat	y_index
68.872602739726	71.32829665025265	270
78.2671232876712	73.46999852146308	271
71.158904109589	73.90464763884174	272
