y	y_hat	y_index
79.1424657534247	78.24325799716178	513
73.2616438356164	73.38996894740295	514
64.3027397260274	75.50808237657392	515
