y	y_hat	y_index
70.9232876712329	72.7525749744523	174
61.7808219178082	71.5654582547669	175
74.0095890410959	75.01769195025736	176
