y	y_hat	y_index
78.4671232876712	79.63185372675771	222
74.5424657534247	70.01814376930412	223
76.0369863013699	78.63286556695407	224
