y	y_hat	y_index
70.472602739726	72.58909858333787	471
76.4232876712329	73.98772149874941	472
85.1547945205479	77.69085390854244	473
