y	y_hat	y_index
84.5356164383562	72.86679546243828	18
69.3849315068493	69.26833862542121	19
71.1561643835616	71.42716181593887	20
