y	y_hat	y_index
74.6013698630137	74.60516338588567	333
76.2835616438356	68.04858308833477	334
73.958904109589	73.07135761992625	335
