y	y_hat	y_index
55.0041095890411	70.99997041700531	534
72.4780821917808	70.110628242944	535
81.058904109589	73.79992405413255	536
