y	y_hat	y_index
66.7328767123288	72.56403414967677	189
80.5041095890411	72.44914969491732	190
59.9506849315068	67.83848674617192	191
