y	y_hat	y_index
73.5479452054795	70.01820460142058	564
87.5506849315069	79.81538058354647	565
72.8506849315069	68.24404468979621	566
