y	y_hat	y_index
67.9342465753425	75.5481948762982	693
78.5287671232877	75.58866138774765	694
88.3315068493151	73.79475896349575	695
