y	y_hat	y_index
76.3123287671233	72.27702509355268	639
82.2054794520548	69.80923781527821	640
70.2630136986301	72.03630956220385	641
