y	y_hat	y_index
72.7835616438356	73.2832503439931	198
82.1753424657534	69.94580647724933	199
74.2671232876712	76.2157055700134	200
