y	y_hat	y_index
70.4219178082192	73.58809110067921	603
65.9424657534247	72.00190017200237	604
68.1698630136986	71.25222373058114	605
