y	y_hat	y_index
64.3424657534247	70.26944300395749	672
70.9534246575342	71.83674419272305	673
72.6397260273973	69.16456886143388	674
