y	y_hat	y_index
65.8616438356164	74.87523966943124	69
73.2753424657534	78.26246583950683	70
79.3780821917808	74.31032334590283	71
