y	y_hat	y_index
69.4178082191781	75.47126495696601	618
65.9890410958904	72.07902311672932	619
83.1808219178082	80.91808958675648	620
