y	y_hat	y_index
70.3246575342466	74.95688295552111	342
79.1698630136986	70.36440550001322	343
78.8383561643836	76.36943595580742	344
