y	y_hat	y_index
69.4808219178082	73.79020394174978	609
83.6205479452055	81.4020686870549	610
75.1643835616438	74.36194674925889	611
