y	y_hat	y_index
84.2205479452055	73.67900302787288	210
72.3534246575342	77.58790923879937	211
79.672602739726	77.88328774413445	212
