y	y_hat	y_index
74.9643835616438	73.97814075385065	696
73.8616438356164	73.6265412975298	697
75.1808219178082	69.83355464444374	698
