y	y_hat	y_index
72.63989854950165	70.56837460583954	90
82.0780821917808	77.06062333591986	91
78.1698630136986	75.14514320748421	92
