y	y_hat	y_index
74.4808219178082	73.13407240775311	144
82.1643835616438	74.90110251715521	145
82.6643835616438	73.44536963908267	146
