y	y_hat	y_index
74.8452054794521	75.33945013636996	27
57.6315068493151	70.17496272518818	28
71.5794520547945	73.43517837123504	29
