y	y_hat	y_index
71.727397260274	73.60570235236112	72
71.8561643835616	77.29798207010546	73
66.3780821917808	70.62642237485109	74
