y	y_hat	y_index
71.4753424657534	70.087766468648	600
74.6616438356164	76.85958395583658	601
76.0095890410959	74.90686504288759	602
