y	y_hat	y_index
76.1780821917808	73.74501659918683	240
80.1794520547945	75.63091297618581	241
73.6506849315069	75.31664817406728	242
