y	y_hat	y_index
71.2369863013699	71.33240697410761	324
63.8479452054794	71.6754175188885	325
79.6890410958904	77.73904723444925	326
