y	y_hat	y_index
82.3917808219178	82.15207492045462	246
74.1849315068493	72.07827288270893	247
55.4164383561644	69.35557804154134	248
