y	y_hat	y_index
59.6616438356164	66.19696673537452	345
87.6534246575342	70.60640041307488	346
70.5123287671233	70.42461783269665	347
