y	y_hat	y_index
62.1205479452055	74.97205931718479	411
68.9890410958904	75.28505503120057	412
77.9397260273973	71.78523994781412	413
