y	y_hat	y_index
79.2452054794521	76.19947090315597	720
81.8671232876712	77.8406120812287	721
