y	y_hat	y_index
66.6397260273973	75.15321984878466	432
76.1780821917808	70.53287985787854	433
68.9479452054795	70.2954775620601	434
