y	y_hat	y_index
64.0794520547945	72.1340405559344	732
69.558904109589	74.52101165459035	733
