y	y_hat	y_index
68.0479452054795	74.03034825437476	75
81.6397260273973	73.71689798910015	76
68.2753424657534	78.04092753222113	77
