y	y_hat	y_index
76.3424657534247	72.57469840281692	702
74.7041095890411	69.2820752156913	703
80.4616438356164	74.14107748754027	704
