y	y_hat	y_index
72.772602739726	73.33726673119503	285
77.4232876712329	72.80117525129714	286
54.9671232876712	75.19093799595427	287
