y	y_hat	y_index
67.6643835616438	74.63468863724032	231
78.3698630136986	68.99965213496048	232
71.958904109589	75.75482737631707	233
