y	y_hat	y_index
77.658904109589	74.74629059342536	132
75.7808219178082	75.49761725369162	133
77.5698630136986	71.11855911288204	134
