y	y_hat	y_index
67.7616438356164	69.11173879918121	492
79.2890410958904	72.18620255837543	493
69.8643835616438	75.3616255106534	494
