y	y_hat	y_index
72.1712328767123	76.35376963670396	393
73.1013698630137	71.41776564306998	394
75.7835616438356	73.81075624797747	395
