y	y_hat	y_index
71.258904109589	78.54162982277646	612
57.6616438356164	70.82060312886922	613
72.7671232876712	74.4000871870848	614
