y	y_hat	y_index
69.1876712328767	71.82900930071094	9
77.5616438356164	80.06444018222103	10
59.7616438356164	70.4114854322404	11
