y	y_hat	y_index
83.9643835616438	74.05024666781225	312
84.8671232876712	73.52636891876132	313
70.9643835616438	67.73158667955519	314
