y	y_hat	y_index
88.5698630136986	79.42611410899998	261
76.8657534246575	78.9736229437152	262
87.7698630136986	71.30655308073266	263
