y	y_hat	y_index
55.8479452054794	72.91601488372557	510
77.0383561643836	76.58616316326355	511
72.3232876712329	71.53177478060876	512
