y	y_hat	y_index
73.9808219178082	72.90947680269211	96
84.0424657534247	79.0790446597949	97
75.572602739726	73.93027344766183	98
