y	y_hat	y_index
76.3561643835616	73.3344645228349	537
69.1780821917808	70.12217773386398	538
82.6424657534247	70.93340380627296	539
