y	y_hat	y_index
83.1506849315069	76.29156973204027	546
71.7506849315069	71.51745468143405	547
71.5260273972603	69.41266540277664	548
