y	y_hat	y_index
70.1534246575342	69.88239936820555	710
78.7479452054795	73.952178636728	711
