y	y_hat	y_index
84.3616438356164	76.56492058536637	168
85.5369863013699	72.60533162952315	169
75.0671232876712	77.81543785894414	170
