y	y_hat	y_index
72.2068493150685	75.5720048240941	718
72.7780821917808	72.72721996242424	719
