y	y_hat	y_index
71.2506849315069	73.46067719644898	219
62.9616438356164	74.39490165684057	220
70.8780821917808	73.24223901155366	221
