y	y_hat	y_index
72.986301369863	75.27168165752622	309
72.7424657534247	73.45881240114981	310
61.9534246575342	69.77415541011365	311
