y	y_hat	y_index
62.2616438356164	68.49738896619134	375
82.627397260274	75.60601645373015	376
78.9479452054795	76.0727822991143	377
