y	y_hat	y_index
68.9616438356164	76.26152867460274	180
76.7671232876712	68.95462586765288	181
72.4479452054795	68.36217587874599	182
