y	y_hat	y_index
63.9821917808219	76.12632508662305	87
78.2808219178082	73.64995553322274	88
65.772602739726	75.61878748846766	89
