y	y_hat	y_index
85.458904109589	73.0525699370433	579
65.3698630136986	69.41582973981325	580
78.5808219178082	84.16400833047052	581
