y	y_hat	y_index
70.8616438356164	74.62196650282725	330
84.7424657534247	77.81345443995394	331
62.7643835616438	70.25880434719609	332
