y	y_hat	y_index
70.4698630136986	75.14518409959521	516
86.6369863013699	74.35786076554646	517
77.8835616438356	72.89866660580344	518
