y	y_hat	y_index
86.3917808219178	78.5205427680478	654
72.5780821917808	69.1535826679831	655
78.9753424657534	72.48683212158028	656
