y	y_hat	y_index
85.4698630136986	75.18248990284884	724
78.7397260273973	73.70240690554479	725
