y	y_hat	y_index
81.8835616438356	78.66755322191977	501
73.558904109589	74.73121805191313	502
63.3452054794521	67.86404115665852	503
