y	y_hat	y_index
65.658904109589	70.47716561655093	504
65.0328767123288	68.06940143860702	505
67.5315068493151	72.28543864391709	506
