y	y_hat	y_index
79.2232876712329	73.17001337364837	360
56.4287671232877	73.02558560581583	361
87.2835616438356	72.18667295965332	362
