y	y_hat	y_index
79.5657534246575	75.29350633958192	372
75.2452054794521	68.66743712331643	373
80.9849315068493	68.4923355455719	374
