y	y_hat	y_index
81.7643835616438	76.67071667160354	291
88.9342465753425	75.06301922804523	292
68.7479452054795	71.68028594200067	293
