y	y_hat	y_index
79.3561643835616	71.81830608904644	399
73.9616438356164	72.02268668039427	400
75.3972602739726	79.41351736227634	401
