y	y_hat	y_index
70.1068493150685	73.1814885041881	24
85.2808219178082	77.81817755537185	25
77.3808219178082	77.42252601314715	26
