y	y_hat	y_index
88.2561643835616	76.342236510253	99
72.158904109589	67.01644061251775	100
75.7808219178082	72.96595340712274	101
