y	y_hat	y_index
70.3369863013699	71.89067546604917	6
66.4616438356164	73.88038812686997	7
75.8643835616438	71.47020703586549	8
