y	y_hat	y_index
61.2698630136986	70.02671533234535	141
74.2808219178082	74.03332617358444	142
62.8753424657534	70.27018293601225	143
