y	y_hat	y_index
73.5849315068493	74.39602095377406	297
63.0780821917808	70.43146102756536	298
61.8246575342466	74.94561391410959	299
