y	y_hat	y_index
77.9342465753425	75.1912860531695	687
66.4232876712329	69.85902737094726	688
80.6397260273973	75.36231704836106	689
