y	y_hat	y_index
78.5369863013699	74.09615925318134	642
67.9986301369863	69.12322744730959	643
56.272602739726	69.25181381244977	644
