y	y_hat	y_index
78.6	75.07535029397559	39
85.3780821917808	75.53611874829014	40
72.2452054794521	73.25666328779911	41
