y	y_hat	y_index
73.558904109589	68.87507250055971	369
65.086301369863	73.51345495334706	370
70.6671232876712	75.23938056900874	371
