y	y_hat	y_index
69.9479452054795	76.00251643923221	162
75.9671232876712	81.35095004720132	163
81.4821917808219	74.40693147680466	164
