y	y_hat	y_index
78.1698630136986	76.27895887717698	690
79.0479452054795	75.03536687021831	691
77.3452054794521	74.52580836426549	692
