y	y_hat	y_index
64.0534246575342	71.77325059994868	357
73.0602739726027	71.89266858166432	358
65.3561643835616	69.21186917985744	359
