y	y_hat	y_index
66.7369863013699	76.63540146956127	663
58.772602739726	75.36166145936633	664
63.0	73.92111714283298	665
