y	y_hat	y_index
64.9753424657534	72.64789260502145	12
74.3616438356164	75.57873934285242	13
64.4315068493151	73.06154187512789	14
