y	y_hat	y_index
61.2780821917808	69.14437111616462	714
87.6616438356164	79.96066465496355	715
