y	y_hat	y_index
65.2561643835616	69.37119122720648	456
75.6808219178082	67.33407287798332	457
74.9835616438356	73.43843722884695	458
