y	y_hat	y_index
82.2808219178082	76.59555139324391	597
81.1958904109589	76.36221461337233	598
61.0643835616438	72.98638222489411	599
