y	y_hat	y_index
79.6849315068493	78.67350753051153	651
68.8616438356164	75.23046891318245	652
64.9712328767123	69.49809067397973	653
