y	y_hat	y_index
72.1630136986301	72.04938431794197	615
83.8506849315069	76.36729851597929	616
72.4424657534247	75.69929490417223	617
