y	y_hat	y_index
79.1986301369863	73.28497056301609	135
74.7835616438356	76.83109788847119	136
71.8890410958904	71.7713700580986	137
