y	y_hat	y_index
69.4808219178082	70.59997711151283	453
80.072602739726	67.4627734421439	454
61.686301369863	72.52790906800857	455
