y	y_hat	y_index
78.3452054794521	73.36545166553663	303
63.5232876712329	71.68085777525616	304
79.3643835616438	70.7760494429185	305
