y	y_hat	y_index
67.9041095890411	69.30773529719905	705
70.4397260273973	69.80660341637464	706
62.8479452054794	73.02190118453684	707
