y	y_hat	y_index
76.1753424657534	75.17889788419714	117
68.3068493150685	71.26487329882363	118
75.3452054794521	74.58512162466951	119
