y	y_hat	y_index
66.3630136986301	73.25115838766868	267
68.9452054794521	70.67774504236552	268
58.2931506849315	71.80096651610152	269
