y	y_hat	y_index
68.2205479452055	75.76526962284717	726
70.8342465753425	69.626229505536	727
