y	y_hat	y_index
64.5616438356164	68.3700260254104	279
71.158904109589	68.22362260096932	280
77.0643835616438	71.28203962798929	281
