y	y_hat	y_index
69.9835616438356	76.99895283428917	0
72.5561643835616	71.65427326854731	1
71.3616438356164	72.49506335350783	2
