y	y_hat	y_index
76.0424657534247	77.0539827202247	630
61.5917808219178	72.99394681408171	631
75.7424657534247	79.28072741579388	632
