y	y_hat	y_index
70.1027397260274	72.04406552196447	716
87.0808219178082	77.61719549291402	717
