y	y_hat	y_index
77.1260273972603	73.57418434592142	195
70.1260273972603	69.09973687116944	196
81.5424657534247	74.10016424979875	197
