y	y_hat	y_index
64.4452054794521	76.08989838218291	153
72.4493150684931	75.92428586871556	154
67.958904109589	71.59130036665205	155
