y	y_hat	y_index
77.758904109589	71.97419694607402	381
77.1369863013699	73.07125932575363	382
89.5616438356164	72.88318550030156	383
