mae_mean	mae_single
5.22831544999755	5.59458492696599
