mae_mean	mae_single
5.907292339941	5.928011925306805
