mae_mean	mae_single
5.190333195023359	5.203846335794983
