mae_mean	mae_single
5.206151583486021	5.159475940211186
