mae_mean	mae_single
6.029794965892196	6.0478060732493955
