mae_mean	mae_single
5.548721542910985	5.531619667294886
