mae_mean	mae_single
7.925564748516268	8.088801860369152
