mae_mean	mae_single
8.286952982495535	7.800013680536144
