mae_mean	mae_single
8.747840878862716	8.562345661088905
