mae_mean	mae_single
4.60634439955444	4.5520463008245144
