mae_mean	mae_single
5.26185702499608	5.221356339040345
