mae_mean	mae_single
5.134991651861867	4.0063508058074575
