mae_mean	mae_single
4.7989136404216355	4.939513231063491
