mae_mean	mae_single
5.745200848871067	5.713017401266652
