mae_mean	mae_single
8.394039138345818	7.854409272921312
