mae_mean	mae_single
7.2323668529799034	7.294945050312687
