mae_mean	mae_single
6.691872055582259	6.8274141130612875
