mae_mean	mae_single
5.26448177525026	5.202181425191871
