mae_mean	mae_single
5.917557067623993	6.088567058174822
