mae_mean	mae_single
11.851804174231965	11.273612088302544
