mae_mean	mae_single
6.539101224478259	6.554742836229934
