mae_mean	mae_single
5.010063551529868	5.008203067911874
