mae_mean	mae_single
4.3383641385689105	4.293658547845628
