mae_mean	mae_single
2.8716075007996644	2.689430568210805
