mae_mean	mae_single
4.349401042467851	4.327490706909605
