mae_mean	mae_single
2.0001014876144296	2.0462714147186936
