mae_mean	mae_single
5.7308624044673495	5.137169278221866
