mae_mean	mae_single
1.6992037037011727	2.329105241416457
