mae_mean	mae_single
7.65712487226628	7.619495718845097
