mae_mean	mae_single
4.630305565276276	4.8953890075469415
