mae_mean	mae_single
5.888796592133171	6.013343636550559
