mae_mean	mae_single
4.728886343504968	4.7415820591862285
