mae_mean	mae_single
7.31513987926957	7.433253372917188
