mae_mean	mae_single
1.0188483725400583	1.2218681137087752
