mae_mean	mae_single
7.1508561069312435	6.912485512669197
