mae_mean	mae_single
3.632648758057703	3.645384229749723
