mae_mean	mae_single
4.605109521329832	4.8019561145221745
