mae_mean	mae_single
5.867981876646525	5.829225908054056
