mae_mean	mae_single
9.378177289755378	8.132958397031281
