mae_mean	mae_single
4.252172606717299	3.781101833281582
