mae_mean	mae_single
6.269007824677748	6.311766784139877
