mae_mean	mae_single
3.0404816188917607	2.6974432491663314
