mae_mean	mae_single
3.859448633226544	3.9395470501159195
