mae_mean	mae_single
6.730062070829717	6.649693302930198
