mae_mean	mae_single
2.125009527661902	2.0666338146596153
