mae_mean	mae_single
6.041124141840197	5.95614212475279
