mae_mean	mae_single
3.1466013971002695	3.1466013971002695
