mae_mean	mae_single
7.209953865978908	7.191720516489473
