mae_mean	mae_single
4.244892244890191	3.2811771095554385
