mae_mean	mae_single
6.583913642942349	6.302024501892703
