mae_mean	mae_single
5.791695197337536	6.897191189041929
