mae_mean	mae_single
3.788316770560679	3.790274122609238
