mae_mean	mae_single
3.202522725991976	3.7112492075737507
