mae_mean	mae_single
12.297581574429232	12.155480370321696
