mae_mean	mae_single
8.64340813006991	8.64340813006991
