mae_mean	mae_single
6.116299281512984	6.301575598272389
