mae_mean	mae_single
5.192719942607451	5.0872437172661975
