mae_mean	mae_single
4.1015901300615765	4.412554992359664
