mae_mean	mae_single
4.9062359449226465	4.866439126570488
