mae_mean	mae_single
5.072101340125674	5.128501394229772
