mae_mean	mae_single
4.110862582098619	4.233089923612354
