mae_mean	mae_single
2.2503156564442484	2.2314738704025814
