mae_mean	mae_single
6.860484907796223	6.689739704234808
