mae_mean	mae_single
6.661985786639572	6.520152188948605
