mae_mean	mae_single
1.5602501705474907	2.7532045817405995
