mae_mean	mae_single
4.957886574613535	4.859642519329142
