mae_mean	mae_single
5.228155674352507	5.032409267309068
