mae_mean	mae_single
2.2632164567114805	2.6248039930037854
