mae_mean	mae_single
7.424739179013673	7.224633705118504
