mae_mean	mae_single
5.34743813496345	5.239521389552583
