mae_mean	mae_single
2.466550589766418	2.4453557958342316
