mae_mean	mae_single
3.868956455386917	4.252103583317758
