mae_mean	mae_single
7.381472397813082	7.575015115699522
