mae_mean	mae_single
5.593766487426596	6.61457296341564
