mae_mean	mae_single
6.170547252036475	6.137109295570984
