mae_mean	mae_single
4.673136572845292	5.0232997640368895
