mae_mean	mae_single
8.025598297907095	8.285136703594745
