mae_mean	mae_single
7.514173989118876	7.325601042036929
