mae_mean	mae_single
3.4689328254818506	3.1234811974217607
