mae_mean	mae_single
1.89140852587425	1.8888533809435633
