mae_mean	mae_single
2.9234672456164312	3.1871097728046274
