mae_mean	mae_single
2.7952182734374325	2.796178212364945
