mae_mean	mae_single
5.121739252598705	5.135653658017105
