mae_mean	mae_single
3.9986804035043284	3.974551957979808
