mae_mean	mae_single
4.083188080356327	4.499575128938939
