mae_mean	mae_single
2.578264713845963	2.562577237053342
