mae_mean	mae_single
7.274891858198605	7.387553046724193
