mae_mean	mae_single
3.7873640536809035	3.7873640536809035
