mae_mean	mae_single
4.054922356175221	4.400077344330792
