mae_mean	mae_single
2.1962793364249698	2.517257231665942
