mae_mean	mae_single
4.984801876370004	4.884039702325727
