mae_mean	mae_single
6.406973245359377	6.980253626774825
