mae_mean	mae_single
5.927878966064114	7.301718919500317
