mae_mean	mae_single
4.598958831252347	5.019776061546243
