mae_mean	mae_single
6.32233558800471	6.36190171778829
