mae_mean	mae_single
4.11717454865655	3.9751213588405583
