mae_mean	mae_single
6.532888748984561	7.244286349309358
