mae_mean	mae_single
9.167232397216956	8.658923310715478
