mae_mean	mae_single
7.2523462578775435	6.8626718045984445
