mae_mean	mae_single
5.744186564275002	5.7926395091837435
