mae_mean	mae_single
6.3281744918938	6.370048530449732
