mae_mean	mae_single
9.28790645206206	9.420653710985889
