mae_mean	mae_single
2.1827464610338247	2.1845227595263075
