mae_mean	mae_single
3.960993205844531	3.94107016927695
