mae_mean	mae_single
4.165891288362761	3.6543019907101404
