mae_mean	mae_single
9.709918767409638	10.210459812682265
