mae_mean	mae_single
2.6243169927030294	2.5849788933023583
