mae_mean	mae_single
6.691369003890647	6.550348908364882
