mae_mean	mae_single
4.007618020357853	4.0035326007005
