mae_mean	mae_single
5.047671937550883	5.047671937550883
