mae_mean	mae_single
6.187930339918647	5.40862980413677
