mae_mean	mae_single
3.163695791819587	2.7499796311819202
