mae_mean	mae_single
7.530843617806444	7.499427973551974
