mae_mean	mae_single
1.252282922735039	1.4266233776945303
