mae_mean	mae_single
3.3416201491035387	3.3563454233433134
