mae_mean	mae_single
10.82304913313319	10.822463151281871
