mae_mean	mae_single
2.215728445509962	2.1415528649793223
