mae_mean	mae_single
7.912080307824804	8.15502698024523
