mae_mean	mae_single
5.3657375924195305	4.627965023702761
