mae_mean	mae_single
9.947969195564696	9.89388527039326
