mae_mean	mae_single
2.435754384530931	2.236845985746733
