mae_mean	mae_single
5.04878395389616	5.07955526837637
