mae_mean	mae_single
6.433816823566104	7.370814692289973
