mae_mean	mae_single
1.3751255499529738	1.3880788503991777
