mae_mean	mae_single
5.382165382880605	5.329117910312192
