mae_mean	mae_single
4.438334283631899	4.334868830781322
