mae_mean	mae_single
7.0285843567198425	7.158355184612863
