mae_mean	mae_single
4.77981001745172	4.642008795488439
