mae_mean	mae_single
3.59832848436866	3.1583078826116755
