mae_mean	mae_single
6.108556938602471	6.0507073688656305
