mae_mean	mae_single
3.748526087133238	3.6250768329382006
