mae_mean	mae_single
1.2391171848127698	2.208355113847489
