mae_mean	mae_single
7.533439800734264	7.860581871638931
