mae_mean	mae_single
5.218799078039605	5.049328725392594
