mae_mean	mae_single
9.419244444321583	9.405193659574246
