mae_mean	mae_single
2.030559594679834	1.3889497115488656
