mae_mean	mae_single
10.15129886308678	10.508398502131286
