mae_mean	mae_single
3.3492492810780874	2.48429486487998
