mae_mean	mae_single
6.573555206887586	7.184016303622964
