mae_mean	mae_single
7.19284420820127	7.189569423885956
