mae_mean	mae_single
1.3431340746052267	1.0332656907941338
