mae_mean	mae_single
4.678023505247476	4.93218765049735
