mae_mean	mae_single
4.824575726468723	4.90746533757915
