mae_mean	mae_single
5.127798735550432	5.160935196731454
