mae_mean	mae_single
2.110382241962455	1.9310720137876654
