mae_mean	mae_single
9.774668143782549	9.998861293391437
