mae_mean	mae_single
4.305986283202652	4.289729388641419
