mae_mean	mae_single
5.001422245885313	4.603086325313906
