mae_mean	mae_single
12.75800950755106	12.497501061786982
