mae_mean	mae_single
8.045029198392996	8.048789963396496
