mae_mean	mae_single
8.359101604888055	8.340185376588288
