mae_mean	mae_single
4.857490651103082	4.852277500440825
