mae_mean	mae_single
8.610521271386643	8.469006564817589
