mae_mean	mae_single
7.191621373351097	7.184559000959496
