mae_mean	mae_single
9.359404857460845	9.367080383567881
