mae_mean	mae_single
4.228695417693994	3.9831951745205316
