mae_mean	mae_single
3.7722251481898277	3.4582344035288677
