mae_mean	mae_single
6.4283947387500815	6.332767908132827
