mae_mean	mae_single
1.6475833865052607	1.402667894680846
