mae_mean	mae_single
13.786029237830087	12.893041803243387
