mae_mean	mae_single
8.550804884407862	8.69647106107582
