mae_mean	mae_single
2.158400107059933	4.305464540581042
