mae_mean	mae_single
5.045991317477932	5.195695194831036
