mae_mean	mae_single
5.150319676101124	4.530744415045969
