mae_mean	mae_single
7.759844653297297	7.850839596577264
