mae_mean	mae_single
6.449650330595624	6.400217038292214
