mae_mean	mae_single
6.321488214530049	6.861848751966529
