mae_mean	mae_single
4.507360561589333	4.577761902134863
