mae_mean	mae_single
9.006269312102745	8.461995327243732
