mae_mean	mae_single
4.821681231568751	4.829765499711844
