mae_mean	mae_single
3.0176075564128646	3.327816200224125
