mae_mean	mae_single
2.9630657152255346	2.896276680711954
