mae_mean	mae_single
5.857376880370097	4.881992991350681
