mae_mean	mae_single
8.952034238903563	9.226514080922739
