mae_mean	mae_single
5.886068784466294	5.6542615913767
