mae_mean	mae_single
9.224543975480707	9.337609359669274
