mae_mean	mae_single
4.843413846757244	4.7605663204559265
