mae_mean	mae_single
7.51857330552289	6.769551396543224
