mae_mean	mae_single
5.734219618090894	5.706179126975783
