mae_mean	mae_single
8.344457341541668	8.509196384215373
