mae_mean	mae_single
4.8341186902757585	4.93521647893634
