mae_mean	mae_single
6.657086059720669	6.808962574406266
