mae_mean	mae_single
4.807597164655273	4.688318136747611
