mae_mean	mae_single
5.797220474240045	6.500014272070085
