mae_mean	mae_single
12.023259467978141	13.095811454126467
