mae_mean	mae_single
5.517888772219109	5.555920639685851
