mae_mean	mae_single
7.993807436915138	7.922338059403837
