mae_mean	mae_single
2.7733507544141482	3.529610218664748
