mae_mean	mae_single
7.675898740005029	7.327810793210783
