mae_mean	mae_single
10.863418432853697	10.653292949512979
