mae_mean	mae_single
3.5149730406204185	3.663016223854209
