mae_mean	mae_single
5.477432668092116	4.692474993842462
