mae_mean	mae_single
4.901595339442061	4.8338724952338366
