mae_mean	mae_single
1.1924421554060227	0.9314179787174576
