mae_mean	mae_single
3.025022294607055	3.0084275929645514
