mae_mean	mae_single
1.8956474119263997	4.11554361667542
