mae_mean	mae_single
1.7507102673691435	3.8955209071502495
