mae_mean	mae_single
8.480613968442782	7.937186298191648
