mae_mean	mae_single
5.625516741340888	5.38669637999449
