mae_mean	mae_single
7.269550421951469	7.856157843040013
