mae_mean	mae_single
2.763271509426256	3.0050581517674337
