mae_mean	mae_single
4.8889296940944575	5.032287840793406
