mae_mean	mae_single
8.138953083668104	8.035081800020984
