mae_mean	mae_single
6.529119300493576	6.550752151224107
