mae_mean	mae_single
5.241560409415771	5.0350544586851695
