mae_mean	mae_single
5.037172544223428	5.7494978140566575
