mae_mean	mae_single
9.27965795562647	9.633892048732326
