mae_mean	mae_single
10.684191535261979	10.717568476810262
