mae_mean	mae_single
3.4452459969453173	3.023608263776675
