mae_mean	mae_single
4.780129406177868	4.769692266896048
