mae_mean	mae_single
4.087328829256947	4.202562550052193
