mae_mean	mae_single
7.043036839619181	7.442114179257298
