mae_mean	mae_single
7.276736506270086	7.643215940830319
