mae_mean	mae_single
2.719323493391163	2.992375124224651
