mae_mean	mae_single
5.075832156608466	5.4095251686290124
