mae_mean	mae_single
3.6504467797909306	2.838586396233874
