mae_mean	mae_single
3.048762356793214	2.9998370389222466
