mae_mean	mae_single
4.0273618510592115	4.271870886503137
