mae_mean	mae_single
1.8575344052944065	1.9166269101124083
