mae_mean	mae_single
3.7540231351320963	4.3562053446762405
