mae_mean	mae_single
7.964012921926066	7.845863201370776
