mae_mean	mae_single
2.2682265303912317	1.8900107589545267
