mae_mean	mae_single
2.475213524158557	2.540138245655342
