mae_mean	mae_single
8.596760050926783	8.81149885919556
