mae_mean	mae_single
11.17041863018227	10.755314903028564
