mae_mean	mae_single
8.411330496516575	8.217769504056326
