mae_mean	mae_single
5.523133112034837	6.411915365144698
