mae_mean	mae_single
3.39579736599057	3.148116854416827
