mae_mean	mae_single
3.9196524425619876	4.0209279123879655
