mae_mean	mae_single
7.998669042268065	7.998669042268065
