mae_mean	mae_single
4.962815906694573	5.04141525192271
