mae_mean	mae_single
6.573126588668373	7.136239454798964
