mae_mean	mae_single
5.158425605045461	5.218789015935049
