mae_mean	mae_single
6.064025875260344	7.1177502751488575
