mae_mean	mae_single
4.889245512119686	5.021218252432338
