mae_mean	mae_single
4.655911877170311	5.040922235557413
