mae_mean	mae_single
3.9224892894826744	3.8433475987820507
