mae_mean	mae_single
7.863434347649881	7.893532728798793
