mae_mean	mae_single
6.834581148186359	6.851003911805715
