mae_mean	mae_single
5.665166514977578	5.155291444277779
