mae_mean	mae_single
6.489641780924605	7.126251933903134
