mae_mean	mae_single
3.040588507618106	3.1399577608008165
