mae_mean	mae_single
9.730728697029093	9.649182856800232
