mae_mean	mae_single
8.43868612946728	8.208605448769617
