mae_mean	mae_single
4.929024116432046	4.980783654319325
