mae_mean	mae_single
4.772845292262827	5.7139227598006554
