mae_mean	mae_single
6.691103208997035	6.820684776670855
