mae_mean	mae_single
5.444031914148354	5.764018791112197
