mae_mean	mae_single
7.4377073552536075	7.760144306967732
