mae_mean	mae_single
3.716205797977826	3.6926848623841644
