mae_mean	mae_single
4.4401945228006126	4.4401945228006126
