mae_mean	mae_single
6.455091359861096	5.721673329659637
