mae_mean	mae_single
4.551094423179468	6.256873274260006
