mae_mean	mae_single
5.668924258000113	5.108480888039779
