mae_mean	mae_single
3.8960238220727277	3.936739751984234
