mae_mean	mae_single
7.461781923523527	7.337562400936487
