y	y_hat	y_index
83.058904109589	74.59561101983329	159
72.3657534246575	72.10043479517951	160
70.4698630136986	70.5116530313142	161
