y	y_hat	y_index
70.8616438356164	77.39573340370536	330
84.7424657534247	76.48816476740033	331
62.7643835616438	67.57465925448416	332
