y	y_hat	y_index
71.2808219178082	72.32095668836628	730
76.0232876712329	72.19191367272911	731
