y	y_hat	y_index
73.4287671232877	71.70024279432738	243
67.4643835616438	76.72282709373567	244
75.3602739726027	73.42928298404694	245
