y	y_hat	y_index
72.7835616438356	73.87323987576832	198
82.1753424657534	68.64387252604996	199
74.2671232876712	74.31371165239409	200
