y	y_hat	y_index
83.9643835616438	75.04083942497387	312
84.8671232876712	71.8186489399294	313
70.9643835616438	70.3438711926362	314
