y	y_hat	y_index
72.8643835616438	74.9801505070682	722
73.8041095890411	79.48039028776216	723
