y	y_hat	y_index
70.4616438356164	70.23527068244842	645
88.4753424657534	69.9852800212842	646
78.0616438356164	73.04183850977917	647
