y	y_hat	y_index
73.9424657534247	73.11802044654162	390
71.9041095890411	73.75205235540602	391
70.8260273972603	73.82786490163505	392
