y	y_hat	y_index
62.8698630136986	73.69554103017568	177
80.3534246575342	74.23571756056191	178
63.7506849315068	71.84067184268243	179
