y	y_hat	y_index
60.672602739726	74.7880973103795	576
75.5	75.22160080267184	577
57.6835616438356	72.41942417808286	578
