y	y_hat	y_index
62.7808219178082	72.3628831540489	234
81.3232876712329	76.22773408451287	235
76.0616438356164	71.75473518289573	236
