y	y_hat	y_index
78.1698630136986	74.6861344260752	690
79.0479452054795	72.7483650112804	691
77.3452054794521	76.58359513941335	692
