y	y_hat	y_index
84.2205479452055	75.82975502949813	210
72.3534246575342	73.70895164066866	211
79.672602739726	76.68424590389725	212
