y	y_hat	y_index
86.3630136986301	74.10574028418887	51
82.672602739726	78.2782332640537	52
71.6808219178082	77.34230109345549	53
