y	y_hat	y_index
64.4452054794521	77.25305970095319	153
72.4493150684931	72.45376991217076	154
67.958904109589	72.52168063642287	155
