y	y_hat	y_index
70.4219178082192	76.18556998142336	603
65.9424657534247	69.68195895687977	604
68.1698630136986	70.42567496472535	605
