y	y_hat	y_index
73.9808219178082	76.59649342578307	96
84.0424657534247	76.56399317554157	97
75.572602739726	74.05987745942323	98
