y	y_hat	y_index
57.7369863013699	69.11575664585907	678
72.0013698630137	72.36777149856604	679
75.572602739726	72.97834466741234	680
