y	y_hat	y_index
70.4698630136986	80.38572659550593	516
86.6369863013699	79.7923414131021	517
77.8835616438356	80.08751781735062	518
