y	y_hat	y_index
67.9342465753425	73.64091569747387	693
78.5287671232877	74.99452559533941	694
88.3315068493151	73.15555824839045	695
