y	y_hat	y_index
83.3780821917808	72.21881622971291	138
60.6835616438356	73.14593187775671	139
84.7506849315069	78.52841354080181	140
