y	y_hat	y_index
76.8506849315069	80.61408266359079	699
77.1630136986301	73.3933060414758	700
70.4534246575342	72.06660633867565	701
