y	y_hat	y_index
70.1027397260274	71.00001503551252	716
87.0808219178082	76.64776419733816	717
