y	y_hat	y_index
64.2	75.08044411930595	549
87.6397260273973	81.6751413231736	550
74.5684931506849	75.29559496826555	551
