y	y_hat	y_index
71.8698630136986	73.77245760005775	204
62.7616438356164	70.31275731452256	205
85.8753424657534	80.3746449019087	206
