y	y_hat	y_index
73.8643835616438	74.12387357629883	207
75.0397260273973	78.75694444542962	208
91.3068493150685	76.95788693194845	209
