y	y_hat	y_index
65.286301369863	73.11318759820205	681
73.8438356164384	75.55374059372213	682
73.4260273972603	71.60072644184037	683
