y	y_hat	y_index
67.7616438356164	71.44274609446819	492
79.2890410958904	74.05603646497956	493
69.8643835616438	76.09329248453382	494
