y	y_hat	y_index
73.6616438356164	72.43189594563516	336
73.6465753424658	73.89764298274223	337
75.0671232876712	72.79109004972375	338
