y	y_hat	y_index
61.8616438356164	72.86092933693583	474
68.1561643835616	70.49127353358793	475
76.2698630136986	76.82638505818167	476
