y	y_hat	y_index
69.1876712328767	72.41493963238796	9
77.5616438356164	74.1302347864213	10
59.7616438356164	74.80006694584975	11
