y	y_hat	y_index
68.872602739726	70.71911248180012	270
78.2671232876712	76.10179821885181	271
71.158904109589	74.57270987117117	272
