y	y_hat	y_index
84.1397260273973	76.1051908281615	552
75.3260273972603	74.84068641587287	553
78.4013698630137	73.10591747964745	554
