y	y_hat	y_index
62.2616438356164	72.71136012369367	375
82.627397260274	75.6008106228127	376
78.9479452054795	74.79438653308134	377
