y	y_hat	y_index
65.2657534246575	71.30243697908236	36
77.6616438356164	77.73574330996374	37
67.958904109589	72.99673847475029	38
