y	y_hat	y_index
74.8452054794521	74.09708766909968	27
57.6315068493151	71.36733706775149	28
71.5794520547945	77.06676220516769	29
