y	y_hat	y_index
71.3835616438356	75.01246421032747	429
78.072602739726	74.75044729026988	430
70.8835616438356	72.98532629712622	431
