y	y_hat	y_index
72.986301369863	75.07073643761602	309
72.7424657534247	74.79870149216869	310
61.9534246575342	71.78048948254812	311
