y	y_hat	y_index
62.1205479452055	73.54849277496996	411
68.9890410958904	75.52636958319552	412
77.9397260273973	70.72288192942942	413
