y	y_hat	y_index
79.5698630136986	74.31520211413469	441
77.7753424657534	79.47388651204695	442
72.4849315068493	77.83649695117658	443
