y	y_hat	y_index
61.8561643835616	72.10628380223427	252
69.7780821917808	72.66451562713277	253
75.8479452054795	73.4063382316818	254
