y	y_hat	y_index
72.7013698630137	74.64851167610153	57
77.8342465753425	76.33931136823645	58
79.7643835616438	74.88640831859524	59
