y	y_hat	y_index
75.7315068493151	72.83538364313324	573
63.8178082191781	72.27299756894591	574
70.572602739726	76.45689273038953	575
