y	y_hat	y_index
88.2643835616438	70.69183715368258	606
73.7821917808219	69.06163261439892	607
82.4534246575342	68.67675182798398	608
