y	y_hat	y_index
76.1753424657534	74.93332921657965	117
68.3068493150685	74.45769265951174	118
75.3452054794521	77.0737937425104	119
