y	y_hat	y_index
73.1616438356164	70.43547222640471	567
56.3643835616438	74.9659514914139	568
74.6534246575342	74.15095467770574	569
