y	y_hat	y_index
55.8671232876712	70.38366846325846	657
84.5506849315069	80.10814922231403	658
62.3821917808219	70.92480808769264	659
