y	y_hat	y_index
76.7041095890411	69.61180207672176	348
73.2479452054795	77.40505133561113	349
67.3205479452055	71.86457962850531	350
