y	y_hat	y_index
56.3027397260274	73.00780223844447	483
64.5808219178082	73.58140827462859	484
79.1671232876712	75.68058606582139	485
