y	y_hat	y_index
77.9342465753425	75.26626731689298	687
66.4232876712329	66.79462530109929	688
80.6397260273973	77.0902049064383	689
