y	y_hat	y_index
85.5397260273973	74.72161130189437	249
74.372602739726	72.85240325756384	250
67.4616438356164	72.51499105067144	251
