y	y_hat	y_index
79.5808219178082	74.46968207779926	213
68.0506849315069	80.78012248340251	214
80.1835616438356	74.99644281572506	215
