y	y_hat	y_index
89.5835616438356	81.3049373297201	63
67.7328767123288	72.31730586739496	64
61.5369863013699	74.4642129849686	65
