y	y_hat	y_index
68.0479452054795	73.64519347859924	75
81.6397260273973	72.7244397905451	76
68.2753424657534	73.9529941682706	77
