y	y_hat	y_index
71.1260273972603	74.0692685869485	591
74.3780821917808	73.77157679655198	592
80.1958904109589	73.7207765485653	593
