y	y_hat	y_index
75.2835616438356	71.80527917582494	84
75.2424657534247	72.63808406728336	85
74.1780821917808	72.86109457663355	86
