y	y_hat	y_index
61.2698630136986	74.61475742378333	141
74.2808219178082	75.34241709417294	142
62.8753424657534	74.30041669346384	143
