y	y_hat	y_index
71.9671232876712	73.97182401169326	81
69.7095890410959	73.49780672894659	82
69.2260273972603	71.16790312692544	83
