y	y_hat	y_index
55.1616438356164	71.25499290696399	354
83.2534246575342	73.64840086254543	355
78.4397260273973	71.66895149433408	356
