y	y_hat	y_index
89.0698630136986	71.19726141568772	570
77.2260273972603	74.01729950494637	571
79.5616438356164	73.62416538963296	572
