y	y_hat	y_index
68.2205479452055	74.07946971764814	726
70.8342465753425	71.2685275971004	727
