y	y_hat	y_index
79.3561643835616	75.60222975508282	399
73.9616438356164	74.06352542897689	400
75.3972602739726	78.34612364330702	401
