y	y_hat	y_index
71.5671232876712	71.61250669644369	123
70.7616438356164	70.54328191735766	124
81.4342465753425	72.80879475669713	125
