y	y_hat	y_index
74.9643835616438	74.87991898257906	696
73.8616438356164	72.41586079010551	697
75.1808219178082	72.68166731856816	698
