y	y_hat	y_index
65.4931506849315	71.92046886401342	228
73.3301369863014	73.32097557348872	229
68.2506849315069	75.61108183336935	230
