y	y_hat	y_index
71.6835616438356	70.92445386272692	156
77.872602739726	77.62060886238207	157
70.7671232876712	72.81256674683875	158
