y	y_hat	y_index
67.3013698630137	74.33792147826601	186
73.9671232876712	71.14543917298919	187
69.6671232876712	76.36255387439421	188
