y	y_hat	y_index
69.2013698630137	71.70989200842747	648
72.2397260273973	72.34832502207685	649
70.4753424657534	75.73117230376916	650
