y	y_hat	y_index
69.0561643835616	77.32851050995646	216
59.4041095890411	71.51375762899713	217
73.4232876712329	72.22674921297998	218
