y	y_hat	y_index
83.1506849315069	72.67879102673929	546
71.7506849315069	71.42017300646143	547
71.5260273972603	73.07514521341686	548
