y	y_hat	y_index
85.4698630136986	75.91250028191833	724
78.7397260273973	76.44133082704934	725
