y	y_hat	y_index
77.1260273972603	77.03948366761557	195
70.1260273972603	72.04933871878029	196
81.5424657534247	72.29025139919312	197
