y	y_hat	y_index
78.4671232876712	75.5209103032195	222
74.5424657534247	73.14658625878795	223
76.0369863013699	73.73189344392846	224
