y	y_hat	y_index
64.9753424657534	73.13786932064266	12
74.3616438356164	76.24101405155466	13
64.4315068493151	73.61052951456571	14
