y	y_hat	y_index
73.258904109589	73.51731332730392	339
84.1643835616438	73.5820439031553	340
84.4616438356164	75.31643535190112	341
