y	y_hat	y_index
70.1068493150685	72.17180358895236	24
85.2808219178082	77.26853275287381	25
77.3808219178082	73.93598367185845	26
