y	y_hat	y_index
81.8835616438356	77.07059013739695	501
73.558904109589	72.02554189154426	502
63.3452054794521	72.14522361665719	503
