y	y_hat	y_index
71.258904109589	77.3572138159642	612
57.6616438356164	73.41165148662243	613
72.7671232876712	76.8490303204997	614
