y	y_hat	y_index
71.4780821917808	75.63858268961529	525
65.6561643835616	73.81849898681438	526
71.9479452054795	75.03008505997784	527
