y	y_hat	y_index
61.0178082191781	68.57383806399878	507
78.4780821917808	73.98916416883858	508
77.2479452054795	76.79521920815411	509
