y	y_hat	y_index
89.2780821917808	78.73704807481403	438
77.0643835616438	69.33192468607331	439
77.1397260273973	73.83835489988127	440
