y	y_hat	y_index
76.7452054794521	73.95898134974263	734
79.7643835616438	78.2338074772334	735
