y	y_hat	y_index
78.0616438356164	73.25996933288111	417
69.9986301369863	72.69318574624054	418
80.2712328767123	73.04875515393388	419
