y	y_hat	y_index
76.1780821917808	73.25419346063816	240
80.1794520547945	72.08652378189653	241
73.6506849315069	75.3903857476182	242
