y	y_hat	y_index
79.2452054794521	75.03347906723361	720
81.8671232876712	78.02412599777126	721
