y	y_hat	y_index
83.9095890410959	72.81499937259848	108
77.3616438356164	74.36935998326365	109
79.1082191780822	73.72616735615856	110
