y	y_hat	y_index
77.9479452054795	75.73419100751941	405
67.3671232876712	74.349586261975	406
65.5315068493151	75.14231315108445	407
