y	y_hat	y_index
69.9835616438356	76.7530979531147	0
72.5561643835616	73.16101041092827	1
71.3616438356164	72.14523197914411	2
