y	y_hat	y_index
59.6616438356164	67.29871813926661	345
87.6534246575342	72.45629763698548	346
70.5123287671233	71.268430485874	347
