y	y_hat	y_index
69.5534246575342	71.19132818449684	30
71.3808219178082	75.56861082973808	31
60.6616438356164	72.03861025099657	32
