y	y_hat	y_index
84.3616438356164	73.3416147760055	168
85.5369863013699	73.95496695848854	169
75.0671232876712	77.78113327358078	170
