y	y_hat	y_index
79.2232876712329	71.93166840182697	360
56.4287671232877	74.65116245666647	361
87.2835616438356	71.43948853313003	362
