y	y_hat	y_index
67.9671232876712	69.65827942965008	48
84.1506849315069	76.08478336311387	49
67.5671232876712	71.46334884683769	50
