y	y_hat	y_index
75.5616438356164	78.27423908924568	387
79.1671232876712	71.84641542094725	388
79.2534246575342	72.05416808506243	389
