y	y_hat	y_index
86.3917808219178	78.23108248958508	654
72.5780821917808	72.4145460421408	655
78.9753424657534	75.93462663604409	656
