y	y_hat	y_index
80.2794520547945	75.30453384488354	396
77.6616438356164	73.96721972217864	397
61.0	72.40396730364237	398
