y	y_hat	y_index
70.1616438356164	72.20985576213833	669
81.0835616438356	74.75675295140454	670
59.1671232876712	69.75910943273234	671
