y	y_hat	y_index
73.5849315068493	75.2598608430808	297
63.0780821917808	70.5609185992193	298
61.8246575342466	77.74419660524076	299
