y	y_hat	y_index
74.6013698630137	74.21674645227226	333
76.2835616438356	69.89239521292315	334
73.958904109589	77.23086211116937	335
