y	y_hat	y_index
64.7698630136986	70.06231732837124	45
77.7643835616438	72.6714619882455	46
60.7616438356164	74.51135554272444	47
