y	y_hat	y_index
60.1671232876712	74.48704454224648	489
76.5342465753425	76.70896644823434	490
69.172602739726	73.18960336836831	491
