y	y_hat	y_index
67.0835616438356	75.00738042385854	114
80.8643835616438	72.22875799305596	115
56.9643835616438	70.85883580229336	116
