y	y_hat	y_index
83.8205479452055	75.51659725453923	93
75.0342465753425	69.76251028059055	94
77.4808219178082	76.18284917938581	95
