y	y_hat	y_index
81.7643835616438	74.44417695564809	291
88.9342465753425	75.90534090955616	292
68.7479452054795	73.25969188118405	293
