y	y_hat	y_index
70.3369863013699	74.64134529935637	6
66.4616438356164	76.87138808740019	7
75.8643835616438	76.03872803195726	8
