y	y_hat	y_index
74.2698630136986	76.09667584971362	150
66.9780821917808	74.16136814474035	151
82.0616438356164	76.56938655376369	152
