y	y_hat	y_index
76.3397260273973	73.68599016639622	543
83.2342465753425	76.26289472337957	544
64.7561643835616	72.88374787346957	545
