y	y_hat	y_index
79.1424657534247	77.58447955687588	513
73.2616438356164	72.78945600630965	514
64.3027397260274	73.51814396157154	515
