y	y_hat	y_index
71.727397260274	72.55857433792258	72
71.8561643835616	74.18870155728861	73
66.3780821917808	71.504182468684	74
