y	y_hat	y_index
70.9232876712329	74.61788192405847	174
61.7808219178082	75.47278077764935	175
74.0095890410959	75.18682694818511	176
