y	y_hat	y_index
69.4808219178082	75.49996549712003	609
83.6205479452055	80.52638373637319	610
75.1643835616438	69.16617371711766	611
