y	y_hat	y_index
77.8150684931507	72.0828313179059	378
75.5671232876712	70.31317731790192	379
82.0287671232877	77.33048324524425	380
