y	y_hat	y_index
66.6397260273973	71.28646248634449	432
76.1780821917808	73.80364244300844	433
68.9479452054795	73.92281020827294	434
