y	y_hat	y_index
72.772602739726	74.54166005425557	285
77.4232876712329	74.43338147125864	286
54.9671232876712	72.01681103902177	287
