y	y_hat	y_index
78.986301369863	72.34625308858442	105
72.2095890410959	78.11636660137876	106
78.9657534246575	76.9401073129097	107
