y	y_hat	y_index
78.6	71.13484528581371	39
85.3780821917808	71.94526562228869	40
72.2452054794521	73.17190977036951	41
