y	y_hat	y_index
66.7328767123288	75.5117684654594	189
80.5041095890411	71.58043157272121	190
59.9506849315068	70.50584849502107	191
