y	y_hat	y_index
68.3904109589041	69.00157504068152	633
63.8479452054794	72.1548022182443	634
76.186301369863	75.4967542864294	635
