y	y_hat	y_index
70.472602739726	72.97531749414492	471
76.4232876712329	76.67017607341296	472
85.1547945205479	74.85619454974332	473
