y	y_hat	y_index
80.8671232876712	70.23338108755928	192
72.1698630136986	76.7436138445509	193
77.9698630136986	75.5109662682633	194
