y	y_hat	y_index
70.1808219178082	71.85077497550466	675
64.9561643835616	70.39408760438651	676
67.3671232876712	74.732974188556	677
