y	y_hat	y_index
75.758904109589	74.76704188779178	327
61.7671232876712	72.45651366698763	328
80.8534246575342	75.96527792254335	329
