y	y_hat	y_index
55.0041095890411	71.95630208702656	534
72.4780821917808	72.11882282471	535
81.058904109589	72.12683333805711	536
