y	y_hat	y_index
83.0164383561644	73.4950113367122	426
72.8671232876712	71.51278513093752	427
74.9616438356164	76.10873272050407	428
