y	y_hat	y_index
73.5479452054795	71.91047641626983	564
87.5506849315069	78.67660471077512	565
72.8506849315069	70.3471415257416	566
