y	y_hat	y_index
77.9849315068493	73.9533725636826	414
70.7671232876712	71.77163542527742	415
71.4780821917808	73.19295808034062	416
