y	y_hat	y_index
62.1780821917808	71.79958318470297	318
58.9424657534247	72.21300952013247	319
65.5671232876712	71.9990829593889	320
