y	y_hat	y_index
84.5356164383562	71.61842459474798	18
69.3849315068493	70.37578382149448	19
71.1561643835616	70.6674676205501	20
