y	y_hat	y_index
82.2808219178082	74.21131358983008	597
81.1958904109589	72.96171393823738	598
61.0643835616438	71.61680147765486	599
