y	y_hat	y_index
68.2808219178082	79.20654988847105	627
80.5767123287671	77.2836604276756	628
74.2643835616438	75.27310015971484	629
