y	y_hat	y_index
79.8520547945206	76.83897969337984	66
90.2561643835616	75.53330210936971	67
71.058904109589	75.70831250482694	68
