y	y_hat	y_index
63.0808219178082	76.07301761628722	54
61.558904109589	72.35739613431201	55
61.9958904109589	71.71645857830369	56
