y	y_hat	y_index
71.4753424657534	71.45348942626163	600
74.6616438356164	80.36242864338361	601
76.0095890410959	73.34657206804258	602
