y	y_hat	y_index
67.9479452054795	73.622429474949	42
70.086301369863	70.75117676451536	43
82.17005428820563	78.17367596149155	44
