y	y_hat	y_index
86.4643835616438	70.0988284975669	201
69.7808219178082	76.79696555304221	202
75.7835616438356	71.3262864762671	203
