y	y_hat	y_index
69.6178082191781	73.70230365415918	558
82.9027397260274	74.58130567803813	559
72.3260273972603	78.26899575882891	560
