y	y_hat	y_index
71.972602739726	74.90229221945151	555
69.9260273972603	72.3921777691232	556
84.5342465753425	78.97874608755811	557
