y	y_hat	y_index
77.9424657534247	77.317999970294	264
75.3808219178082	71.71793916120093	265
67.6109589041096	74.6402858089411	266
