y	y_hat	y_index
65.658904109589	74.31300534384233	504
65.0328767123288	70.9022662388495	505
67.5315068493151	73.51175953310013	506
