y	y_hat	y_index
73.2808219178082	73.5696532242159	468
76.3424657534247	71.75497711307605	469
77.7643835616438	70.37871702062931	470
