y	y_hat	y_index
63.6616438356164	71.47030663814778	462
73.0424657534247	75.2134607855806	463
63.5506849315069	69.29570832506694	464
