y	y_hat	y_index
74.1342465753425	78.13415678410698	420
74.4698630136986	74.29971302374665	421
78.1808219178082	72.85979474106587	422
