y	y_hat	y_index
73.8342465753425	73.586372963084	321
74.3890410958904	73.03482558866138	322
70.8041095890411	74.7746236854368	323
