y	y_hat	y_index
74.4808219178082	73.793005111572	144
82.1643835616438	75.55238566568248	145
82.6643835616438	77.71463402277234	146
