y	y_hat	y_index
90.272602739726	77.65327569299062	666
66.4561643835616	67.20497536975542	667
71.5643835616438	79.32535604757214	668
