y	y_hat	y_index
79.6849315068493	81.75114599629104	651
68.8616438356164	76.33071284934233	652
64.9712328767123	71.53316215080322	653
