y	y_hat	y_index
66.6753424657534	71.02498311370188	225
73.5808219178082	71.51510376105773	226
78.8835616438356	70.26872979394494	227
