y	y_hat	y_index
66.4369863013699	71.79237708615453	712
65.5671232876712	78.96808708239732	713
