y	y_hat	y_index
69.4178082191781	79.49506071700897	618
65.9890410958904	71.31767160279621	619
83.1808219178082	74.60528261179947	620
