y	y_hat	y_index
71.2506849315069	74.59233452721817	219
62.9616438356164	70.53585231010838	220
70.8780821917808	73.27722697247324	221
