y	y_hat	y_index
66.3630136986301	76.73896507019721	267
68.9452054794521	72.56560456948492	268
58.2931506849315	71.97043214977369	269
