y	y_hat	y_index
81.0643835616438	72.63390112076078	21
79.0342465753425	75.1153536387342	22
71.7452054794521	73.42990061770323	23
