y	y_hat	y_index
76.3123287671233	75.18870471299128	639
82.2054794520548	76.46459087721128	640
70.2630136986301	73.58589316762627	641
