y	y_hat	y_index
65.2561643835616	72.46516749620928	456
75.6808219178082	69.71279729477396	457
74.9835616438356	72.7953716217214	458
