y	y_hat	y_index
76.3561643835616	77.31699580779647	537
69.1780821917808	71.68917847177394	538
82.6424657534247	79.56615407455124	539
