y	y_hat	y_index
71.4671232876712	75.49984348367794	588
78.1986301369863	77.83532627207849	589
62.5698630136986	72.19324867131994	590
