y	y_hat	y_index
69.4753424657534	73.35687500739533	276
65.8753424657534	73.79600793875616	277
72.6452054794521	76.29396649311079	278
