y	y_hat	y_index
84.2698630136986	76.22140280260327	129
71.172602739726	71.87260822735267	130
82.9561643835616	79.53986301375794	131
