y	y_hat	y_index
74.0315068493151	75.70355742028514	408
76.5150684931507	70.4064450089883	409
65.0561643835616	74.15204055245182	410
