y	y_hat	y_index
72.8506849315069	70.42284142578366	660
57.1780821917808	74.17072100958528	661
63.4232876712329	82.27683387035836	662
