y	y_hat	y_index
58.1808219178082	70.46674526261349	435
61.7849315068493	70.54416576661384	436
76.0561643835616	74.8271044510904	437
