y	y_hat	y_index
59.4616438356164	73.47568377310377	624
70.8178082191781	72.29404622829294	625
67.7397260273973	71.97011370145785	626
