y	y_hat	y_index
69.9506849315069	72.38411295346916	288
70.7260273972603	69.49917272856344	289
71.3424657534247	70.8773717942249	290
