y	y_hat	y_index
78.5369863013699	73.0085966687508	642
67.9986301369863	71.16213092491267	643
56.272602739726	69.52613195698925	644
