y	y_hat	y_index
83.1890410958904	76.07716343798934	495
59.6452054794521	70.4988733778639	496
70.7876712328767	72.57386660539089	497
