y	y_hat	y_index
66.4260273972603	74.91247446041568	60
63.7506849315068	69.70262520569247	61
62.258904109589	70.79189138904678	62
