y	y_hat	y_index
88.7369863013699	75.47406078058455	384
75.8534246575342	76.56940248443745	385
87.758904109589	76.085392804054	386
