y	y_hat	y_index
65.6616438356164	72.66175449795033	447
54.9205479452055	71.26349618636416	448
81.3506849315069	72.64116922921356	449
