y	y_hat	y_index
82.3958904109589	79.45208843237141	273
74.7342465753425	70.77297127543227	274
72.158904109589	79.59421504962489	275
