y	y_hat	y_index
75.8616438356164	72.0494552662243	165
70.7643835616438	70.40154838065456	166
73.372602739726	71.21647976421998	167
