y	y_hat	y_index
63.4369863013699	73.00979591218405	480
68.7287671232877	75.87072207395876	481
81.4616438356164	74.28436963132341	482
