y	y_hat	y_index
88.2561643835616	78.59620065110909	99
72.158904109589	69.85221362157205	100
75.7808219178082	71.70516173338731	101
