y	y_hat	y_index
75.1452054794521	72.03252185111415	423
75.6369863013699	68.15719610832323	424
74.7534246575342	68.33912570491847	425
