y	y_hat	y_index
67.6643835616438	74.52913503022847	231
78.3698630136986	68.10678559934955	232
71.958904109589	72.48928158005415	233
