y	y_hat	y_index
82.3917808219178	77.29998127143764	246
74.1849315068493	73.35459583986946	247
55.4164383561644	72.05002305527307	248
