y	y_hat	y_index
70.3246575342466	75.34746573413406	342
79.1698630136986	72.35607138036762	343
78.8383561643836	75.01855876348323	344
