y	y_hat	y_index
64.5616438356164	72.70141774566471	279
71.158904109589	71.77411587376747	280
77.0643835616438	71.35432554116433	281
