y	y_hat	y_index
71.9643835616438	75.45197957000434	585
71.3479452054795	74.64572929654898	586
83.0616438356164	73.70052778640459	587
