y	y_hat	y_index
80.8287671232877	74.73688701556318	102
75.1794520547945	74.06161193362085	103
80.1808219178082	72.25256819427257	104
