y	y_hat	y_index
77.658904109589	71.77279534709999	132
75.7808219178082	74.41844563714726	133
77.5698630136986	72.93536843931496	134
