y	y_hat	y_index
68.9616438356164	75.97419037690798	180
76.7671232876712	74.19451808003654	181
72.4479452054795	69.70050920810988	182
