y	y_hat	y_index
75.8890410958904	74.50385244489647	33
85.7260273972603	69.35497852782744	34
75.7424657534247	71.74166450021886	35
