y	y_hat	y_index
75.8260273972603	78.88138114139561	237
75.1342465753425	69.5178697245197	238
66.7178082191781	73.26238164459701	239
