y	y_hat	y_index
69.4808219178082	69.18375090491742	453
80.072602739726	75.49741930431172	454
61.686301369863	71.34428846182968	455
