y	y_hat	y_index
65.086301369863	75.90817309798996	183
69.1657534246575	75.34923400349724	184
71.6835616438356	71.08496832086274	185
