y	y_hat	y_index
85.458904109589	69.65159666172582	579
65.3698630136986	74.59276174486833	580
78.5808219178082	78.78460722832502	581
