y	y_hat	y_index
60.0232876712329	71.04865139139677	366
81.7013698630137	72.7552200774141	367
71.0506849315069	73.67949082794621	368
