y	y_hat	y_index
66.8643835616438	67.05803158915266	126
75.458904109589	74.24478622897179	127
79.2753424657534	73.89345900374502	128
