y	y_hat	y_index
71.8424657534247	73.17244957525433	684
75.9369863013699	72.50279980217326	685
72.9849315068493	72.65149071677206	686
