y	y_hat	y_index
75.4452054794521	72.7697879876647	120
65.2424657534247	74.1307787638949	121
78.686301369863	70.63272819868583	122
