y	y_hat	y_index
76.1506849315069	73.77951666567253	540
64.5643835616438	70.81016981512526	541
87.1643835616438	79.44924233851458	542
