y	y_hat	y_index
71.2369863013699	70.86543710435095	324
63.8479452054794	80.70144374145178	325
79.6890410958904	73.13739458333293	326
