y	y_hat	y_index
79.1986301369863	77.70454500195306	135
74.7835616438356	78.03555647779345	136
71.8890410958904	70.26009248189578	137
