y	y_hat	y_index
76.6808219178082	75.4070058241919	363
86.5808219178082	75.08549772932697	364
77.4479452054795	73.78478748330068	365
