y	y_hat	y_index
79.5657534246575	70.59673421085438	372
75.2452054794521	71.33831781150671	373
80.9849315068493	73.78673137692587	374
