y	y_hat	y_index
55.8479452054794	72.49465445478481	510
77.0383561643836	76.79735437570554	511
72.3232876712329	71.01892108343534	512
