y	y_hat	y_index
63.9821917808219	73.60775896336753	87
78.2808219178082	75.17691461933588	88
65.772602739726	75.18754545214729	89
