y	y_hat	y_index
73.6780821917808	72.74055820042902	255
72.5534246575342	73.80459519527687	256
72.3643835616438	69.61032793122249	257
