y	y_hat	y_index
75.8780821917808	72.47448118116995	3
71.2671232876712	72.0634457901659	4
61.0808219178082	71.19943428149112	5
