y	y_hat	y_index
88.5698630136986	74.7833093813026	261
76.8657534246575	76.58009046908306	262
87.7698630136986	78.56254564177713	263
