y	y_hat	y_index
72.1260273972603	78.59438063772687	78
82.5109589041096	79.3990407497566	79
60.6205479452055	70.75965631639104	80
