y	y_hat	y_index
76.3424657534247	70.3539417207483	702
74.7041095890411	75.93901321930224	703
80.4616438356164	75.91760363010593	704
