y	y_hat	y_index
75.1452054794521	72.44439530162245	621
67.7561643835616	75.01975403901186	622
61.972602739726	73.46077122723982	623
