y	y_hat	y_index
57.0643835616438	74.27850510272262	582
87.2232876712329	74.46688222793655	583
82.7671232876712	77.18223774935046	584
