y	y_hat	y_index
76.4410958904109	74.27343393724098	282
66.9931506849315	71.24514837346605	283
79.5643835616438	74.40569730366863	284
