y	y_hat	y_index
73.7452054794521	70.6454068114235	450
69.6534246575342	68.60378489634117	451
77.1232876712329	68.58663984737255	452
