y	y_hat	y_index
72.1630136986301	72.22491773195775	615
83.8506849315069	81.2694230787383	616
72.4424657534247	73.37662633354651	617
