y	y_hat	y_index
80.3753424657534	77.77330960460684	258
74.3452054794521	75.07341516150208	259
75.058904109589	72.38884218994225	260
