y	y_hat	y_index
75.8753424657534	74.57249121192982	708
71.0753424657534	65.44032806861328	709
