y	y_hat	y_index
71.8452054794521	76.10622418798032	402
80.1986301369863	75.84238608320808	403
78.3561643835616	71.18785607087979	404
