y	y_hat	y_index
68.5342465753425	79.42983547928429	306
78.1452054794521	75.07126763035424	307
69.458904109589	74.79082782724765	308
