y	y_hat	y_index
73.958904109589	72.59879019556251	486
83.258904109589	79.07924647233348	487
68.2780821917808	68.425252876278	488
