y	y_hat	y_index
77.758904109589	72.17950666483014	381
77.1369863013699	71.21982869767308	382
89.5616438356164	72.97998431168953	383
