y	y_hat	y_index
69.9479452054795	71.83116325604016	162
75.9671232876712	77.440598140451	163
81.4821917808219	75.71711916130805	164
