y	y_hat	y_index
64.3424657534247	75.36700098658741	672
70.9534246575342	72.7044544939586	673
72.6397260273973	70.99249960301859	674
