y	y_hat	y_index
79.5232876712329	76.31774781326295	477
71.7657534246575	71.17743681369059	478
60.718372666497935	71.62930221588726	479
