y	y_hat	y_index
64.0534246575342	69.98863680965574	357
73.0602739726027	71.08160288891604	358
65.3561643835616	72.82567735440469	359
