y	y_hat	y_index
69.3534246575342	76.95964469600135	315
81.0150684931507	75.88700501989226	316
60.6232876712329	73.33084606483567	317
