y	y_hat	y_index
78.3452054794521	74.82902576949064	303
63.5232876712329	70.33088109221738	304
79.3643835616438	69.10670196920108	305
