y	y_hat	y_index
66.7369863013699	74.33678566996406	663
58.772602739726	73.01301680097447	664
63.0	73.75004186871845	665
