y	y_hat	y_index
61.9780821917808	71.93670260650718	300
73.2616438356164	71.96954191310141	301
80.6506849315069	78.08237407008495	302
