y	y_hat	y_index
73.8917808219178	71.29854409520401	351
76.6506849315069	74.8194349407704	352
81.2698630136986	81.01359921950642	353
