y	y_hat	y_index
76.0424657534247	74.57164906316531	630
61.5917808219178	73.06229332944598	631
75.7424657534247	76.12172012403897	632
