y	y_hat	y_index
72.63989854950165	73.6929585949439	90
82.0780821917808	72.19823916958048	91
78.1698630136986	74.31569373204503	92
