y	y_hat	y_index
78.2671232876712	77.42006328235189	459
84.3452054794521	70.19371929754439	460
81.8397260273973	75.7525191444648	461
