y	y_hat	y_index
73.9561643835616	70.2572420442993	728
79.9397260273973	74.18087567964966	729
