y	y_hat	y_index
71.0041095890411	74.49855035698076	528
76.4753424657534	81.15400645284788	529
68.4643835616438	69.36634569043082	530
