y	y_hat	y_index
81.8821917808219	75.8324904362564	636
63.9753424657534	73.31398591796798	637
76.5616438356164	72.36263073091574	638
