y	y_hat	y_index
82.3698630136986	77.91306230190773	294
84.4671232876712	73.8286273160029	295
75.7643835616438	73.66709303170093	296
