y	y_hat	y_index
83.2643835616438	74.89683585927078	519
84.6671232876712	82.32779354343032	520
70.8287671232877	79.40707389292405	521
