y	y_hat	y_index
84.2808219178082	74.95259874180994	465
60.0534246575343	69.28549445574721	466
78.058904109589	72.62318995699597	467
