y	y_hat	y_index
54.2739726027397	76.3834423959466	522
74.8164383561644	74.30676068768395	523
61.9561643835616	76.22976164516194	524
