y	y_hat	y_index
80.9534246575342	74.98155830641976	561
79.9452054794521	78.01609959635827	562
72.3808219178082	73.09467218599893	563
