y	y_hat	y_index
73.558904109589	70.35048553350515	369
65.086301369863	75.90078090695496	370
70.6671232876712	72.11950198963177	371
