y	y_hat	y_index
72.3616438356164	74.66040966277998	147
73.5780821917808	70.1354147743185	148
84.4452054794521	75.5198496417946	149
