y	y_hat	y_index
80.3013698630137	77.51954299921044	531
73.0534246575342	78.1978391918594	532
69.1986301369863	72.17033501303094	533
