y	y_hat	y_index
70.1534246575342	73.37137236652624	710
78.7479452054795	78.46447237973325	711
