y	y_hat	y_index
65.8205479452055	70.03037627048369	498
80.8698630136986	72.57610436516946	499
70.5616438356164	73.062323599465	500
