y	y_hat	y_index
67.9041095890411	72.07590922500374	705
70.4397260273973	73.64272448201152	706
62.8479452054794	74.82209810668941	707
