y	y_hat	y_index
72.2068493150685	70.18673550574343	718
72.7780821917808	72.31996163148033	719
