y	y_hat	y_index
61.2780821917808	73.50979781289865	714
87.6616438356164	81.31754655261014	715
