y	y_hat	y_index
61.0424657534247	71.05646937815789	444
68.058904109589	74.69054062813696	445
74.9260273972603	73.44829511502085	446
