y	y_hat	y_index
74.7287671232877	76.17901100017184	594
55.8808219178082	70.42076517989598	595
68.1643835616438	74.7167183900285	596
