y	y_hat	y_index
79.2616438356164	72.89905456073042	171
79.386301369863	76.32855832743628	172
61.7808219178082	69.14178906277529	173
