y	y_hat	y_index
65.8616438356164	73.40463569652698	69
73.2753424657534	76.34494764118385	70
79.3780821917808	70.62540514853855	71
