y	y_hat	y_index
56.4835616438356	71.78807959683287	15
79.4849315068493	72.27606763996711	16
73.6328767123288	72.06946363848698	17
