y	y_hat	y_index
74.4616438356164	73.78648617326726	111
69.0452054794521	73.44444106712135	112
77.5369863013699	71.8163940982823	113
