y	y_hat	y_index
72.1712328767123	75.83727419569392	393
73.1013698630137	71.03523483974264	394
75.7835616438356	75.42405920204878	395
