mae_mean	mae_single
5.2703314611821215	5.2772563423265755
