mae_mean	mae_single
5.458092480111455	5.460018906716643
