mae_mean	mae_single
4.932435882706414	4.909136956616193
