mae_mean	mae_single
5.895869006718219	5.970988113844834
