mae_mean	mae_single
5.492820046167926	5.713209412229474
