mae_mean	mae_single
4.849789560855579	4.8388260446089575
