mae_mean	mae_single
5.6686678710289895	5.827198036489605
