mae_mean	mae_single
5.244329767299073	5.2544636116796575
