mae_mean	mae_single
5.800035855452946	5.800035855452946
