mae_mean	mae_single
5.1869854935502335	5.469259802627486
