mae_mean	mae_single
5.847382719691339	5.848083419499292
