mae_mean	mae_single
6.230265592084459	6.2232550903041
