mae_mean	mae_single
5.172443956752766	5.250201631023263
