mae_mean	mae_single
5.084512565265217	5.235856968603596
