mae_mean	mae_single
5.576356120215919	5.893812549950641
