mae_mean	mae_single
4.912938160150751	5.09585385232005
