mae_mean	mae_single
5.449480250273339	5.5190940974092
