mae_mean	mae_single
5.541515159414798	5.5560404863800885
