mae_mean	mae_single
6.183660464004723	6.135031542122918
