mae_mean	mae_single
4.711693864826201	4.6843224405561985
