mae_mean	mae_single
5.8114299492459205	5.701947592649356
