mae_mean	mae_single
5.072791496270262	5.104961319264998
