mae_mean	mae_single
5.0899055068848424	4.948848950671935
