mae_mean	mae_single
3.950274050643503	3.8954655015097837
