mae_mean	mae_single
4.3720259868016145	4.905891872566309
