mae_mean	mae_single
5.175810444957304	5.895890623384421
