mae_mean	mae_single
4.881250727510421	4.92036324034556
