mae_mean	mae_single
5.41993337962285	5.446300507510666
