mae_mean	mae_single
4.428571212107984	4.611417414526169
