mae_mean	mae_single
4.530197809527922	4.413236538950341
