mae_mean	mae_single
5.418192718830448	5.418984914375722
