mae_mean	mae_single
5.339414280335166	5.355027678115952
