mae_mean	mae_single
5.554926848390517	5.553126164852659
