mae_mean	mae_single
4.013847037370115	3.988135147804107
