mae_mean	mae_single
4.311768634622171	4.636749534692153
