mae_mean	mae_single
4.285728987160073	4.477939319150172
