mae_mean	mae_single
4.99283950696577	4.96411567669103
