mae_mean	mae_single
5.2966457749267155	5.326985761052387
