mae_mean	mae_single
5.463496362769367	5.430554458764461
