mae_mean	mae_single
5.918347812194176	5.897077673386512
