mae_mean	mae_single
5.69488377855296	5.693269814938381
