mae_mean	mae_single
4.853066815432582	4.871506215701177
