mae_mean	mae_single
6.002845583054154	6.022835156017322
