mae_mean	mae_single
5.16539494120114	5.503535218777327
