mae_mean	mae_single
5.14593651724672	5.142550001572479
