mae_mean	mae_single
4.7307635789500555	5.122819681377261
