mae_mean	mae_single
5.268334154357372	5.271009571302303
