mae_mean	mae_single
4.394871467692394	4.640876671199767
