mae_mean	mae_single
5.477848886902294	5.522763064383414
