mae_mean	mae_single
4.837947293809798	4.87234655328669
