mae_mean	mae_single
5.2596482526092	5.383458105551674
