mae_mean	mae_single
5.3784497433959215	5.425952884592862
