mae_mean	mae_single
6.144768116272334	6.135304415271039
