mae_mean	mae_single
5.317460980848655	5.312206196977254
