mae_mean	mae_single
5.474493467003361	5.4342405250531245
