mae_mean	mae_single
4.71642703826736	4.907966590518877
