mae_mean	mae_single
4.160318268109837	4.893431679957127
