mae_mean	mae_single
6.161024441850678	6.175575761416973
