mae_mean	mae_single
5.42525141068759	5.427340311332372
