mae_mean	mae_single
5.39844201283285	5.516862418138968
