mae_mean	mae_single
5.516701603413342	5.5881389393205305
