mae_mean	mae_single
5.0809260345520295	5.114205454140863
