mae_mean	mae_single
5.723980420260162	6.136079006123314
