mae_mean	mae_single
5.4110524084020435	5.433880534172347
