mae_mean	mae_single
5.604675210187521	5.697943226691745
