mae_mean	mae_single
5.387816669271756	5.35550167699848
