mae_mean	mae_single
6.005216282596741	6.004170398971238
