mae_mean	mae_single
5.372574901274354	5.991909839037876
