mae_mean	mae_single
5.917804963604453	5.898350062965786
