mae_mean	mae_single
4.889009539741904	5.3083782950636635
