mae_mean	mae_single
5.688331011763354	5.674236011418665
