mae_mean	mae_single
4.683139086197509	4.67959290442109
