mae_mean	mae_single
5.055663769345379	5.060931291814564
