mae_mean	mae_single
5.046351173996081	5.051386341761094
