mae_mean	mae_single
5.311840938865508	5.286034540308979
