mae_mean	mae_single
6.040112552125019	6.040413332210974
