mae_mean	mae_single
4.878815078534865	4.776031590391752
