mae_mean	mae_single
5.53332780707645	5.511282451122
