mae_mean	mae_single
5.008489684408731	4.9978927837940965
