mae_mean	mae_single
4.851651261382917	4.832896808505033
