mae_mean	mae_single
5.220643570010919	5.27313842337144
