mae_mean	mae_single
5.022669987014706	5.022669987014706
