mae_mean	mae_single
5.606645796600228	5.512040455272506
