mae_mean	mae_single
5.073765438737556	5.084662304747166
