mae_mean	mae_single
5.052761908807764	5.048259680888761
