mae_mean	mae_single
5.193474862938243	5.193474862938243
