mae_mean	mae_single
6.088468054106651	6.0968131447613985
