mae_mean	mae_single
4.812300842503513	4.991050569404533
