mae_mean	mae_single
5.459399429043928	5.4582466676001555
