mae_mean	mae_single
5.44805040933592	5.591035489234779
