mae_mean	mae_single
5.156869229130541	5.137734764967999
