mae_mean	mae_single
5.202249559466178	5.269208777409898
