mae_mean	mae_single
5.19216403749182	5.17353740860286
