mae_mean	mae_single
4.352016144755752	4.352016144755752
