mae_mean	mae_single
4.878111005049353	4.854067138309435
