mae_mean	mae_single
5.8770917091975035	5.920519986205794
