mae_mean	mae_single
5.009305406754464	5.066381655487451
