mae_mean	mae_single
5.713330509959138	5.6876641032275055
