mae_mean	mae_single
4.290572960833751	4.286838601760906
