mae_mean	mae_single
4.793862854040362	4.793630265880038
