mae_mean	mae_single
4.416013201710796	4.41698637859013
