mae_mean	mae_single
5.349260404992892	5.344595748474655
