mae_mean	mae_single
5.859691815082582	5.85122472923638
