mae_mean	mae_single
5.895884717582841	5.827303512704992
