mae_mean	mae_single
5.777572050767038	5.773631190865012
