mae_mean	mae_single
5.954913830692792	6.35387096645242
