mae_mean	mae_single
4.393197126508475	4.404395764761535
