mae_mean	mae_single
4.5879589877412865	4.677800373859356
