mae_mean	mae_single
4.780688516559373	4.931960222291648
