mae_mean	mae_single
5.030696829960178	4.9555770551337215
