mae_mean	mae_single
6.122379901792291	6.122379901792291
