mae_mean	mae_single
5.7912071656855035	5.807524283345867
