mae_mean	mae_single
4.354403878640475	4.307460858730256
