mae_mean	mae_single
5.248614462933195	5.2574452513461045
