mae_mean	mae_single
5.56228487035705	5.5694940047729595
