mae_mean	mae_single
4.872041330134408	4.722622484981089
