mae_mean	mae_single
4.469505436631076	4.286152985754776
