mae_mean	mae_single
4.557720514653671	4.538839991933756
