mae_mean	mae_single
4.673456448207917	4.678590245743303
