mae_mean	mae_single
5.796250404340791	5.790690456968738
