mae_mean	mae_single
4.924189617014783	4.925190147776698
