mae_mean	mae_single
5.2598094233810375	5.29740924906677
