mae_mean	mae_single
5.436244935268132	5.436244935268132
