mae_mean	mae_single
5.366041541429806	5.371292633551699
