mae_mean	mae_single
5.825438169660118	5.858491698185967
