mae_mean	mae_single
5.478600146712303	5.484514751951305
