mae_mean	mae_single
4.8578481954124175	5.053157994132067
