mae_mean	mae_single
4.504834358347801	4.5608723443148795
