mae_mean	mae_single
4.69700643035095	4.69700643035095
