mae_mean	mae_single
5.758305528634179	5.729507664642816
