mae_mean	mae_single
4.98818058293746	5.14609439402829
