mae_mean	mae_single
5.144660121156167	5.100348607353994
