mae_mean	mae_single
5.222910332182599	5.205290648280565
