mae_mean	mae_single
4.648240314107253	4.648240314107253
