mae_mean	mae_single
5.865451357681141	5.870361952851373
