mae_mean	mae_single
6.116702585987545	6.046004862387348
