mae_mean	mae_single
4.966407922179514	4.907218469140875
