mae_mean	mae_single
5.3356100753061755	5.362915548506777
