mae_mean	mae_single
5.723546333876271	5.888336440896031
