mae_mean	mae_single
5.671176110697477	5.735418991442268
