mae_mean	mae_single
5.4613509415979395	5.463924379705571
