mae_mean	mae_single
5.731667329393209	5.890971014032605
