mae_mean	mae_single
4.866414731198846	4.875874877294436
