mae_mean	mae_single
5.341453098465424	5.348854227564239
