mae_mean	mae_single
5.518697322840261	5.475335914231298
