mae_mean	mae_single
5.398400446661711	5.449504382634965
