mae_mean	mae_single
5.249979026146131	5.21396880889349
