mae_mean	mae_single
5.733050478280944	5.694431240568821
