mae_mean	mae_single
4.125905130325364	4.155790593173675
