mae_mean	mae_single
5.698698893968452	5.704480428271878
