mae_mean	mae_single
4.071641259280006	4.497497298056578
