mae_mean	mae_single
5.071992838756787	5.071992838756787
