mae_mean	mae_single
5.688504043176351	5.677628476187383
