mae_mean	mae_single
5.324643425522655	5.3477250932880915
