mae_mean	mae_single
5.418431318800062	5.394643085777934
