mae_mean	mae_single
5.139817772958931	5.079909315164732
