mae_mean	mae_single
5.174710808165434	5.173193701124674
