mae_mean	mae_single
5.71272841573145	5.696287870383978
