mae_mean	mae_single
5.933852594909149	5.764979274612645
