mae_mean	mae_single
5.1575528285323085	5.154932467994331
