mae_mean	mae_single
5.0873367497819855	5.123561904788312
