mae_mean	mae_single
5.197335047201529	5.1776882531176325
