mae_mean	mae_single
5.962637726995392	6.552103294370904
