mae_mean	mae_single
4.987514082027252	4.929727677610228
