mae_mean	mae_single
5.057228992618804	5.043491078446443
