mae_mean	mae_single
5.191148990341559	5.211746367657388
