mae_mean	mae_single
4.822616243981438	4.811657614251199
