mae_mean	mae_single
5.840763768603292	5.840763768603292
