mae_mean	mae_single
6.066212329358043	6.015881686456018
