mae_mean	mae_single
4.527739309822601	4.6307977936904114
