mae_mean	mae_single
5.66087284494075	5.634117063472192
