mae_mean	mae_single
4.910686794093783	4.896783019538395
