mae_mean	mae_single
5.2860513952640265	6.302581321625654
