mae_mean	mae_single
6.029448766502066	6.029782311349528
