mae_mean	mae_single
5.39939802064306	5.374511984426638
