mae_mean	mae_single
5.7753260191378875	5.913895889317033
