mae_mean	mae_single
4.279464049629061	4.442161741652045
