mae_mean	mae_single
4.758119916978085	4.838364076401245
