mae_mean	mae_single
4.349220620627252	4.246727226951916
