mae_mean	mae_single
4.821887904429054	4.886530993742682
