mae_mean	mae_single
5.616668939745947	5.606957156766012
