mae_mean	mae_single
4.701426280256055	4.715456695217332
