mae_mean	mae_single
5.365296671627679	5.885317920371251
