mae_mean	mae_single
5.672236131740041	5.6705317606903884
