mae_mean	mae_single
5.538482232554393	5.538368148367271
