mae_mean	mae_single
5.622615511788066	5.642526434617932
