mae_mean	mae_single
4.4849097404577085	4.4849097404577085
