mae_mean	mae_single
5.665614883985552	5.621461010352109
