mae_mean	mae_single
5.473954542509345	5.49730007950271
