mae_mean	mae_single
4.286572487488547	4.528251770756933
