mae_mean	mae_single
4.831425248075621	4.598247705150222
