mae_mean	mae_single
6.273604075371177	6.2746820886896
