{"alpha_mean": 0.012189895989248667, "alpha_single": 0.03162277660168379, "mae_mean": 5.523223925958451, "mae_single": 3.797520602648596}