mae_mean	mae_single
4.490695603122175	4.380741077404522
