mae_mean	mae_single
5.7578355140618145	5.753165443597833
