mae_mean	mae_single
5.187939621714215	5.2087372961588585
