mae_mean	mae_single
5.916379726120897	6.037177848589229
