mae_mean	mae_single
5.139006663588565	5.134596066152025
