mae_mean	mae_single
4.967764324458623	5.006690701858434
