mae_mean	mae_single
5.387595177411971	5.4034187233649185
