mae_mean	mae_single
4.554243583616965	4.8022139403610495
