mae_mean	mae_single
4.2514578089793895	4.337911556040173
