mae_mean	mae_single
4.766120838214522	4.782721975736439
