mae_mean	mae_single
4.896395990050057	4.863966303614767
