mae_mean	mae_single
5.6305914028130335	5.66029432864993
