mae_mean	mae_single
5.094482958257712	5.012785026963007
