mae_mean	mae_single
6.241809280567139	6.271014175196609
