mae_mean	mae_single
5.793982669976643	5.752817884780282
