mae_mean	mae_single
4.61235114531003	4.578131159853098
