mae_mean	mae_single
4.788833021742022	4.793761053794219
