mae_mean	mae_single
5.032383329546414	5.040640920118042
