mae_mean	mae_single
4.980390286229086	4.844283945136145
