mae_mean	mae_single
6.003912606115709	5.954920627458901
