mae_mean	mae_single
4.734920122159506	4.797702152121766
