mae_mean	mae_single
5.538933259678615	5.530491731391506
