mae_mean	mae_single
5.831428170414188	5.798057792897254
