mae_mean	mae_single
5.9165528331392645	6.019383508082108
