mae_mean	mae_single
5.204851218271368	5.265258251433474
