mae_mean	mae_single
5.560427394614334	5.562385421667111
