mae_mean	mae_single
5.585048160836722	5.499193206465217
