mae_mean	mae_single
5.341658356183061	5.435970709176506
