mae_mean	mae_single
5.559464295835352	5.57092282037758
