mae_mean	mae_single
4.911037470752618	5.019980066058571
