mae_mean	mae_single
5.037116666944042	5.061313121245191
