mae_mean	mae_single
5.366979991189444	5.363339601690158
