mae_mean	mae_single
4.738296290851796	5.1919285389077965
