mae_mean	mae_single
5.0010135422895665	5.016382395456391
