mae_mean	mae_single
5.334025388587253	5.340245728171685
