mae_mean	mae_single
4.670422000202845	4.689553153244947
