mae_mean	mae_single
4.399880284372765	4.636834930692363
