mae_mean	mae_single
4.825177477610722	4.839171416573916
