mae_mean	mae_single
6.1300471692257545	6.233132331455208
