mae_mean	mae_single
5.452391160827618	5.296024766422228
