mae_mean	mae_single
5.064295143313721	5.000928592505118
