mae_mean	mae_single
4.286949370773231	4.243748980686744
