mae_mean	mae_single
4.541767129213887	4.784018703417692
