mae_mean	mae_single
5.618459902108496	5.6603086430330505
