mae_mean	mae_single
5.628622925060644	5.587263533844697
