mae_mean	mae_single
5.0617270351533366	5.082085564040732
