mae_mean	mae_single
6.000768995664402	5.97035624445371
