mae_mean	mae_single
5.323961401254539	5.34930581956305
