mae_mean	mae_single
5.400806626261293	5.383151547896237
