mae_mean	mae_single
4.3753259444422	4.373688544604626
