mae_mean	mae_single
5.918936973605496	5.838479678011472
