mae_mean	mae_single
6.0399748208873465	6.059299470260972
