mae_mean	mae_single
4.996356117230633	4.981875825070345
