mae_mean	mae_single
4.469859914653038	4.445096731281282
