mae_mean	mae_single
4.933106308166912	4.952352781519775
