mae_mean	mae_single
4.316725994473779	4.3253077492742396
