mae_mean	mae_single
4.276685866441605	4.270046617154372
