mae_mean	mae_single
5.430903851200288	5.388567134839846
