mae_mean	mae_single
5.710016386568682	5.658813698150388
