mae_mean	mae_single
4.946851606449124	4.989314597919623
