mae_mean	mae_single
6.050906002378082	6.051196990312201
