mae_mean	mae_single
4.431192129356656	4.530325708664914
