mae_mean	mae_single
5.3068795696921685	5.308541358750378
