mae_mean	mae_single
4.806781482056473	4.9957103503227325
