mae_mean	mae_single
5.2983679512543365	5.279041772958755
