mae_mean	mae_single
5.277605205420546	5.277605205420546
