mae_mean	mae_single
5.476487732409133	5.5203897943009785
