mae_mean	mae_single
5.224948813389654	5.229339956089947
