mae_mean	mae_single
4.3215915588745775	4.320764473844888
