mae_mean	mae_single
4.531945201826434	4.582434475088734
