mae_mean	mae_single
5.096355475061987	5.1108578455061595
