mae_mean	mae_single
4.624417550284203	4.542976168058701
