mae_mean	mae_single
5.578283200493686	5.511814946854042
