mae_mean	mae_single
4.874758017630687	4.873932830869822
