mae_mean	mae_single
4.725444505170921	4.654801323455323
