mae_mean	mae_single
6.19794904225439	6.004200931557281
