mae_mean	mae_single
5.062050630175296	5.057278411193914
