mae_mean	mae_single
6.329996390494999	6.328432682907757
