mae_mean	mae_single
4.44236640902258	4.29362676257342
