mae_mean	mae_single
5.79348541742535	5.794591023104351
