mae_mean	mae_single
5.146240167897955	5.34434029507253
