y	y_hat	y_index
69.4178082191781	73.6200779757903	618
65.9890410958904	73.61487827458411	619
83.1808219178082	73.61508728923633	620
