y	y_hat	y_index
55.8479452054794	73.61346886382222	510
77.0383561643836	73.61791430836399	511
72.3232876712329	73.61343182674975	512
