y	y_hat	y_index
75.8260273972603	73.55617263954844	237
75.1342465753425	73.55616069204592	238
66.7178082191781	73.55616078668324	239
