y	y_hat	y_index
77.9424657534247	73.55933390683641	264
75.3808219178082	73.55707223665303	265
67.6109589041096	73.55580167775553	266
