y	y_hat	y_index
69.3534246575342	73.61862133185186	315
81.0150684931507	73.61694958500657	316
60.6232876712329	73.6160271456501	317
