y	y_hat	y_index
74.9643835616438	73.54362588449828	696
73.8616438356164	73.54603353565673	697
75.1808219178082	73.54552580962932	698
