y	y_hat	y_index
66.4260273972603	73.65416745689332	60
63.7506849315068	73.64900434611397	61
62.258904109589	73.64983881730696	62
