y	y_hat	y_index
67.7616438356164	73.61164984989054	492
79.2890410958904	73.61164672238216	493
69.8643835616438	73.61165170556168	494
