y	y_hat	y_index
69.1876712328767	73.61565367526	9
77.5616438356164	73.61907719943909	10
59.7616438356164	73.61617800969043	11
