y	y_hat	y_index
62.1205479452055	73.61352781436752	411
68.9890410958904	73.61636006266014	412
77.9397260273973	73.61399779895319	413
