y	y_hat	y_index
70.472602739726	73.55549680489983	471
76.4232876712329	73.55732288175851	472
85.1547945205479	73.55523898538476	473
