y	y_hat	y_index
75.1452054794521	73.61164917910781	621
67.7561643835616	73.61165167935766	622
61.972602739726	73.61165098532572	623
