y	y_hat	y_index
73.6780821917808	73.64638886594473	255
72.5534246575342	73.64758152220297	256
72.3643835616438	73.64156445689312	257
