y	y_hat	y_index
67.0835616438356	73.61365757689526	114
80.8643835616438	73.61420392928913	115
56.9643835616438	73.61057505611589	116
