y	y_hat	y_index
55.1616438356164	73.55386055635279	354
83.2534246575342	73.55759006175646	355
78.4397260273973	73.55545078939574	356
