y	y_hat	y_index
73.7452054794521	73.55156612906016	450
69.6534246575342	73.55003970555742	451
77.1232876712329	73.55043449739478	452
