y	y_hat	y_index
73.8342465753425	73.55792370207546	321
74.3890410958904	73.55492062315896	322
70.8041095890411	73.55428572724125	323
