y	y_hat	y_index
67.6643835616438	73.61541510792277	231
78.3698630136986	73.61023680284242	232
71.958904109589	73.61071338496934	233
