y	y_hat	y_index
69.9479452054795	73.55316020552021	162
75.9671232876712	73.55909901009635	163
81.4821917808219	73.55547986886677	164
