y	y_hat	y_index
71.258904109589	73.6543363344697	612
57.6616438356164	73.64935794787733	613
72.7671232876712	73.65447742365818	614
