y	y_hat	y_index
77.758904109589	73.54438254697337	381
77.1369863013699	73.54290225607613	382
89.5616438356164	73.54322291511691	383
