y	y_hat	y_index
71.2808219178082	73.57065894064343	730
76.0232876712329	73.5698091090271	731
