y	y_hat	y_index
56.3027397260274	73.61578062576456	483
64.5808219178082	73.61293494528532	484
79.1671232876712	73.61672015458011	485
