y	y_hat	y_index
79.1986301369863	73.55745012517923	135
74.7835616438356	73.56125814756963	136
71.8890410958904	73.55278223759935	137
