y	y_hat	y_index
77.8150684931507	73.53972909541196	378
75.5671232876712	73.53972815260308	379
82.0287671232877	73.53973778904684	380
