y	y_hat	y_index
63.6616438356164	73.64836167034638	462
73.0424657534247	73.65246623400755	463
63.5506849315069	73.64987112939644	464
