y	y_hat	y_index
75.1452054794521	73.53967094098272	423
75.6369863013699	73.54348105265322	424
74.7534246575342	73.54227806601715	425
