y	y_hat	y_index
89.0698630136986	73.54390528497804	570
77.2260273972603	73.54546702955692	571
79.5616438356164	73.54523919315683	572
