y	y_hat	y_index
79.2616438356164	73.55600764465966	171
79.386301369863	73.55660734155452	172
61.7808219178082	73.55543794167365	173
