y	y_hat	y_index
84.2698630136986	73.55616655255743	129
71.172602739726	73.55616314001863	130
82.9561643835616	73.5561665972923	131
