y	y_hat	y_index
82.3698630136986	73.53973609456266	294
84.4671232876712	73.53972888972945	295
75.7643835616438	73.53973188479095	296
