y	y_hat	y_index
78.6	73.55140927718031	39
85.3780821917808	73.55316916655026	40
72.2452054794521	73.55144403999765	41
