y	y_hat	y_index
76.8506849315069	73.56345979029687	699
77.1630136986301	73.55404410828898	700
70.4534246575342	73.55548765546114	701
