y	y_hat	y_index
72.8643835616438	73.57349429211631	722
73.8041095890411	73.5801607650533	723
