y	y_hat	y_index
83.1890410958904	73.61725655063107	495
59.6452054794521	73.61479698664357	496
70.7876712328767	73.61603595550314	497
