y	y_hat	y_index
60.0232876712329	73.61213740389977	366
81.7013698630137	73.61844676966895	367
71.0506849315069	73.62006533648568	368
