y	y_hat	y_index
78.986301369863	73.55666505597003	105
72.2095890410959	73.5581132060305	106
78.9657534246575	73.5559825020032	107
