y	y_hat	y_index
70.3369863013699	73.61165155666862	6
66.4616438356164	73.61165192617527	7
75.8643835616438	73.61165364764402	8
