y	y_hat	y_index
80.3753424657534	73.54882010273569	258
74.3452054794521	73.5443334786872	259
75.058904109589	73.54223035652889	260
