y	y_hat	y_index
74.7287671232877	73.61556729047113	594
55.8808219178082	73.61468811671527	595
68.1643835616438	73.6122856173794	596
