y	y_hat	y_index
73.9808219178082	73.54735909439624	96
84.0424657534247	73.544783213427	97
75.572602739726	73.54406442328391	98
