y	y_hat	y_index
64.5616438356164	73.61409941676867	279
71.158904109589	73.61638954629534	280
77.0643835616438	73.61124510111765	281
