y	y_hat	y_index
72.986301369863	73.65275396891107	309
72.7424657534247	73.65134745343799	310
61.9534246575342	73.6507576032932	311
