y	y_hat	y_index
69.5534246575342	73.65223765891284	30
71.3808219178082	73.65476187454325	31
60.6616438356164	73.65058502070602	32
