y	y_hat	y_index
70.4698630136986	73.55740014673694	516
86.6369863013699	73.5603185280391	517
77.8835616438356	73.5594757392409	518
