y	y_hat	y_index
83.3780821917808	73.55154707699306	138
60.6835616438356	73.55358102401534	139
84.7506849315069	73.5605409833051	140
