y	y_hat	y_index
71.5671232876712	73.61235669670077	123
70.7616438356164	73.61430816795995	124
81.4342465753425	73.61482183516435	125
