y	y_hat	y_index
66.7369863013699	73.65144227714931	663
58.772602739726	73.65535235196513	664
63.0	73.65380444105215	665
