y	y_hat	y_index
82.2808219178082	73.5542097356326	597
81.1958904109589	73.55444458830003	598
61.0643835616438	73.5546800957342	599
