y	y_hat	y_index
65.4931506849315	73.65188827085949	228
73.3301369863014	73.65001116543344	229
68.2506849315069	73.6546648793069	230
