y	y_hat	y_index
59.6616438356164	73.60954756780863	345
87.6534246575342	73.61788086134588	346
70.5123287671233	73.61354944730326	347
