y	y_hat	y_index
78.0616438356164	73.55708309408502	417
69.9986301369863	73.55779541997195	418
80.2712328767123	73.55425108120329	419
