y	y_hat	y_index
71.1260273972603	73.55778317506449	591
74.3780821917808	73.55359464213727	592
80.1958904109589	73.55555826371638	593
