y	y_hat	y_index
79.2232876712329	73.55314636767172	360
56.4287671232877	73.55336117259165	361
87.2835616438356	73.5527866951845	362
