y	y_hat	y_index
83.1506849315069	73.61555762136692	546
71.7506849315069	73.61387925900317	547
71.5260273972603	73.61460578958685	548
