y	y_hat	y_index
76.1506849315069	73.55548340461873	540
64.5643835616438	73.55534911786383	541
87.1643835616438	73.56221051515705	542
