y	y_hat	y_index
72.3616438356164	73.57195292684084	147
73.5780821917808	73.56896792293703	148
84.4452054794521	73.5715406455839	149
