y	y_hat	y_index
82.3958904109589	73.5576324118987	273
74.7342465753425	73.55307592205541	274
72.158904109589	73.56243363589388	275
