y	y_hat	y_index
75.8753424657534	73.56995874065235	708
71.0753424657534	73.56976789837009	709
