y	y_hat	y_index
64.9753424657534	73.61196481670684	12
74.3616438356164	73.61285866747534	13
64.4315068493151	73.61245395246135	14
