y	y_hat	y_index
71.8698630136986	73.61571171758018	204
62.7616438356164	73.60973208356724	205
85.8753424657534	73.62082611334482	206
