y	y_hat	y_index
73.4287671232877	73.61379217740637	243
67.4643835616438	73.6193546237862	244
75.3602739726027	73.61275731331673	245
