y	y_hat	y_index
73.9424657534247	73.6144564831865	390
71.9041095890411	73.61400446958241	391
70.8260273972603	73.61503747526281	392
