y	y_hat	y_index
83.9095890410959	73.54647294464633	108
77.3616438356164	73.54208354751636	109
79.1082191780822	73.54023143193386	110
