y	y_hat	y_index
58.1808219178082	73.61164772845788	435
61.7849315068493	73.6116441223992	436
76.0561643835616	73.61165157240414	437
