y	y_hat	y_index
80.2794520547945	73.55482021680047	396
77.6616438356164	73.5563017980528	397
61.0	73.55422380851051	398
