y	y_hat	y_index
72.7835616438356	73.5537871498884	198
82.1753424657534	73.55035321264984	199
74.2671232876712	73.55571767007747	200
