y	y_hat	y_index
73.8643835616438	73.54595669681827	207
75.0397260273973	73.54885771445161	208
91.3068493150685	73.54419650002646	209
