y	y_hat	y_index
88.2561643835616	73.55904185026314	99
72.158904109589	73.55109288275605	100
75.7808219178082	73.55383261136006	101
