y	y_hat	y_index
70.1808219178082	73.65152535948833	675
64.9561643835616	73.64805184078418	676
67.3671232876712	73.64940556878858	677
