y	y_hat	y_index
61.8561643835616	73.61225482345347	252
69.7780821917808	73.61322314389383	253
75.8479452054795	73.61351837285864	254
