y	y_hat	y_index
76.1780821917808	73.5425361412421	240
80.1794520547945	73.54401735773432	241
73.6506849315069	73.54367343304918	242
