y	y_hat	y_index
81.8835616438356	73.576111183571	501
73.558904109589	73.57517544862725	502
63.3452054794521	73.57070366761923	503
