y	y_hat	y_index
54.2739726027397	73.61521687898181	522
74.8164383561644	73.61672443049426	523
61.9561643835616	73.61808377473201	524
