y	y_hat	y_index
70.1068493150685	73.5542326760938	24
85.2808219178082	73.55800971459179	25
77.3808219178082	73.5569364777928	26
