y	y_hat	y_index
64.3424657534247	73.65376639649094	672
70.9534246575342	73.65487352554517	673
72.6397260273973	73.64950208617832	674
