y	y_hat	y_index
80.3013698630137	73.6229335480763	531
73.0534246575342	73.62393605370983	532
69.1986301369863	73.61424631545178	533
