y	y_hat	y_index
74.8452054794521	73.61648869319085	27
57.6315068493151	73.61289335812808	28
71.5794520547945	73.61962399744566	29
