y	y_hat	y_index
89.5835616438356	73.6234335084214	63
67.7328767123288	73.61474440235506	64
61.5369863013699	73.61683932513925	65
