y	y_hat	y_index
71.2506849315069	73.65064126700861	219
62.9616438356164	73.64812942652426	220
70.8780821917808	73.65140493304075	221
