y	y_hat	y_index
69.2013698630137	73.6518927815402	648
72.2397260273973	73.65058532044631	649
70.4753424657534	73.65271392783086	650
