y	y_hat	y_index
61.0424657534247	73.61044592336546	444
68.058904109589	73.61520051441242	445
74.9260273972603	73.61570479455987	446
