y	y_hat	y_index
65.658904109589	73.65104841762464	504
65.0328767123288	73.64928539538444	505
67.5315068493151	73.65077742168877	506
