y	y_hat	y_index
60.672602739726	73.61165091768123	576
75.5	73.6116537444067	577
57.6835616438356	73.61165228212217	578
