y	y_hat	y_index
80.8287671232877	73.54594847365459	102
75.1794520547945	73.54571029866942	103
80.1808219178082	73.5409970902124	104
