y	y_hat	y_index
72.1630136986301	73.61385736974474	615
83.8506849315069	73.62152953138524	616
72.4424657534247	73.61534590148494	617
