y	y_hat	y_index
75.5616438356164	73.54057243810034	387
79.1671232876712	73.53971460478554	388
79.2534246575342	73.53986807994094	389
