y	y_hat	y_index
75.8890410958904	73.5421029606791	33
85.7260273972603	73.53970534387737	34
75.7424657534247	73.54405774336797	35
