y	y_hat	y_index
75.758904109589	73.55781891198095	327
61.7671232876712	73.55208172201507	328
80.8534246575342	73.55584136248766	329
