y	y_hat	y_index
60.1671232876712	73.61385812134309	489
76.5342465753425	73.61935637918259	490
69.172602739726	73.61587455555619	491
