y	y_hat	y_index
88.5698630136986	73.54324962791388	261
76.8657534246575	73.5468480922539	262
87.7698630136986	73.54876021239689	263
