y	y_hat	y_index
70.1027397260274	73.56909425357367	716
87.0808219178082	73.57388644143255	717
