y	y_hat	y_index
72.2068493150685	73.65007455862508	718
72.7780821917808	73.6486052489504	719
