y	y_hat	y_index
76.1753424657534	73.55913422376715	117
68.3068493150685	73.55811430917487	118
75.3452054794521	73.55910687328266	119
