y	y_hat	y_index
69.6178082191781	73.61165150664745	558
82.9027397260274	73.6116474470173	559
72.3260273972603	73.61166143785017	560
