y	y_hat	y_index
69.9506849315069	73.653421307183	288
70.7260273972603	73.65341972607324	289
71.3424657534247	73.65341618483117	290
