y	y_hat	y_index
83.9643835616438	73.55924653088279	312
84.8671232876712	73.55313268889375	313
70.9643835616438	73.55429687109094	314
