y	y_hat	y_index
62.2616438356164	73.5543560167372	375
82.627397260274	73.55753600583716	376
78.9479452054795	73.56128349592979	377
