y	y_hat	y_index
82.3917808219178	73.55774206132321	246
74.1849315068493	73.55506067517761	247
55.4164383561644	73.55069367057548	248
