y	y_hat	y_index
69.4753424657534	73.64893648263723	276
65.8753424657534	73.65011200021883	277
72.6452054794521	73.65453308963353	278
