y	y_hat	y_index
84.3616438356164	73.54358673400975	168
85.5369863013699	73.54868259777578	169
75.0671232876712	73.55003201713446	170
