y	y_hat	y_index
70.1616438356164	73.6134840831591	669
81.0835616438356	73.61858970158947	670
59.1671232876712	73.61466123735393	671
