y	y_hat	y_index
75.8616438356164	73.61315062549536	165
70.7643835616438	73.61362900539365	166
73.372602739726	73.61897911268392	167
