y	y_hat	y_index
64.0534246575342	73.653415997074	357
73.0602739726027	73.65341544236415	358
65.3561643835616	73.653419220814	359
