y	y_hat	y_index
77.9479452054795	73.6173596475948	405
67.3671232876712	73.61355395656582	406
65.5315068493151	73.6185022434147	407
