y	y_hat	y_index
83.058904109589	73.61479393943176	159
72.3657534246575	73.61514664482254	160
70.4698630136986	73.61056371079486	161
