y	y_hat	y_index
79.5657534246575	73.5397305092901	372
75.2452054794521	73.53972667688123	373
80.9849315068493	73.53973231451224	374
