y	y_hat	y_index
63.9821917808219	73.61669965356495	87
78.2808219178082	73.61593894758792	88
65.772602739726	73.6191296996232	89
