y	y_hat	y_index
69.4808219178082	73.55507617209861	609
83.6205479452055	73.56429689647933	610
75.1643835616438	73.55523756477233	611
