y	y_hat	y_index
66.6397260273973	73.61164857039516	432
76.1780821917808	73.61164817674283	433
68.9479452054795	73.6116478519925	434
