y	y_hat	y_index
79.3561643835616	73.54651792319619	399
73.9616438356164	73.54260398000751	400
75.3972602739726	73.55027079250706	401
