y	y_hat	y_index
61.2780821917808	73.57278452855101	714
87.6616438356164	73.58018676434475	715
