y	y_hat	y_index
85.458904109589	73.55295149505713	579
65.3698630136986	73.5558373120104	580
78.5808219178082	73.56275842292514	581
