y	y_hat	y_index
63.4369863013699	73.61724161763732	480
68.7287671232877	73.61901428979586	481
81.4616438356164	73.61735128967219	482
