y	y_hat	y_index
71.4671232876712	73.61574418317515	588
78.1986301369863	73.62048812689036	589
62.5698630136986	73.61390776146548	590
