y	y_hat	y_index
66.6753424657534	73.57042486427625	225
73.5808219178082	73.5698749564834	226
78.8835616438356	73.56700333485747	227
