y	y_hat	y_index
73.8917808219178	73.5411883322008	351
76.6506849315069	73.54133371745698	352
81.2698630136986	73.55015822242636	353
