y	y_hat	y_index
69.0561643835616	73.65526065978717	216
59.4041095890411	73.64940746778322	217
73.4232876712329	73.65226984548234	218
