y	y_hat	y_index
76.3424657534247	73.54362597706157	702
74.7041095890411	73.54631012013652	703
80.4616438356164	73.54403276171578	704
