y	y_hat	y_index
73.2808219178082	73.5573764163471	468
76.3424657534247	73.554415970027	469
77.7643835616438	73.55093898356026	470
