y	y_hat	y_index
73.958904109589	73.55616059171525	486
83.258904109589	73.55617223811991	487
68.2780821917808	73.55615698520081	488
