y	y_hat	y_index
78.3452054794521	73.55986170777635	303
63.5232876712329	73.55148239164828	304
79.3643835616438	73.550451054401	305
