y	y_hat	y_index
62.1780821917808	73.65342408411706	318
58.9424657534247	73.65341948852226	319
65.5671232876712	73.65342331300579	320
