y	y_hat	y_index
68.872602739726	73.61385975088359	270
78.2671232876712	73.61700227486466	271
71.158904109589	73.61535329246038	272
