y	y_hat	y_index
61.0178082191781	73.55089907330262	507
78.4780821917808	73.55525013681401	508
77.2479452054795	73.558621176524	509
