y	y_hat	y_index
68.2205479452055	73.65011221182588	726
70.8342465753425	73.64551718454642	727
