y	y_hat	y_index
72.63989854950165	73.55348482751427	90
82.0780821917808	73.55288104499611	91
78.1698630136986	73.55644488194639	92
