y	y_hat	y_index
71.9643835616438	73.61884869781154	585
71.3479452054795	73.61646335434907	586
83.0616438356164	73.61838422090986	587
