y	y_hat	y_index
66.8643835616438	73.55170616684755	126
75.458904109589	73.55598806409448	127
79.2753424657534	73.55552044298656	128
