y	y_hat	y_index
64.4452054794521	73.65567789604792	153
72.4493150684931	73.65053142613952	154
67.958904109589	73.65067032370814	155
