y	y_hat	y_index
73.558904109589	73.64483168685219	369
65.086301369863	73.65264467743691	370
70.6671232876712	73.64951158115822	371
