y	y_hat	y_index
71.6835616438356	73.61078312763652	156
77.872602739726	73.62214611385428	157
70.7671232876712	73.61280228410133	158
