y	y_hat	y_index
84.1397260273973	73.54774490709802	552
75.3260273972603	73.54536114279006	553
78.4013698630137	73.54531133565078	554
