y	y_hat	y_index
79.2452054794521	73.5472964556019	720
81.8671232876712	73.55220448237117	721
