y	y_hat	y_index
64.2	73.55616747515549	549
87.6397260273973	73.55617346250583	550
74.5684931506849	73.5561651643171	551
