y	y_hat	y_index
79.6849315068493	73.6168095936051	651
68.8616438356164	73.62221412848298	652
64.9712328767123	73.61258088726055	653
