y	y_hat	y_index
67.3013698630137	73.61870813959011	186
73.9671232876712	73.60984103907636	187
69.6671232876712	73.61931959160484	188
