y	y_hat	y_index
86.3917808219178	73.56026808434693	654
72.5780821917808	73.55142067272064	655
78.9753424657534	73.55892248781495	656
