y	y_hat	y_index
74.2698630136986	73.55843980552551	150
66.9780821917808	73.55450910492871	151
82.0616438356164	73.55707754438934	152
