y	y_hat	y_index
84.5356164383562	73.61383601127606	18
69.3849315068493	73.61273524706114	19
71.1561643835616	73.61183388433011	20
