y	y_hat	y_index
77.9342465753425	73.55732566218447	687
66.4232876712329	73.55018335945675	688
80.6397260273973	73.55588289783789	689
