y	y_hat	y_index
72.8506849315069	73.64984109462208	660
57.1780821917808	73.6524585576319	661
63.4232876712329	73.65754239878291	662
