y	y_hat	y_index
61.2698630136986	73.6161283005225	141
74.2808219178082	73.6184712412423	142
62.8753424657534	73.61078316604895	143
