y	y_hat	y_index
68.5342465753425	73.62156134955895	306
78.1452054794521	73.61622531907204	307
69.458904109589	73.61725711257242	308
