y	y_hat	y_index
76.3123287671233	73.55701199660624	639
82.2054794520548	73.55860006399398	640
70.2630136986301	73.55546862207389	641
