y	y_hat	y_index
68.0479452054795	73.61453731453835	75
81.6397260273973	73.61528527660454	76
68.2753424657534	73.61313559958394	77
