y	y_hat	y_index
64.7698630136986	73.6118719008472	45
77.7643835616438	73.6184351375673	46
60.7616438356164	73.61604588224924	47
