y	y_hat	y_index
85.5397260273973	73.55583080646285	249
74.372602739726	73.55378161702626	250
67.4616438356164	73.55691147326	251
