y	y_hat	y_index
76.4410958904109	73.55616438295509	282
66.9931506849315	73.5561595147547	283
79.5643835616438	73.55616196749094	284
