y	y_hat	y_index
65.086301369863	73.65210991846915	183
69.1657534246575	73.6554279439269	184
71.6835616438356	73.64590150791503	185
