y	y_hat	y_index
71.4753424657534	73.55251544936256	600
74.6616438356164	73.56155575372503	601
76.0095890410959	73.55506147607244	602
