y	y_hat	y_index
70.1534246575342	73.57121027899066	710
78.7479452054795	73.57573649586615	711
