y	y_hat	y_index
75.2835616438356	73.54151080403402	84
75.2424657534247	73.5397191745342	85
74.1780821917808	73.5424347870043	86
