y	y_hat	y_index
80.8671232876712	73.55132986343713	192
72.1698630136986	73.55762120997926	193
77.9698630136986	73.55404441908505	194
