y	y_hat	y_index
62.8698630136986	73.61637248703786	177
80.3534246575342	73.61244944585468	178
63.7506849315068	73.6136768297567	179
