y	y_hat	y_index
61.8616438356164	73.61698817387872	474
68.1561643835616	73.61141946972526	475
76.2698630136986	73.61733153764914	476
