y	y_hat	y_index
85.4698630136986	73.55046187581077	724
78.7397260273973	73.5509791832651	725
