y	y_hat	y_index
71.4780821917808	73.65048567115986	525
65.6561643835616	73.65081605109039	526
71.9479452054795	73.6539776369578	527
