y	y_hat	y_index
64.0794520547945	73.64887504580697	732
69.558904109589	73.64909875704734	733
