y	y_hat	y_index
74.1342465753425	73.54665266366024	420
74.4698630136986	73.54289612019119	421
78.1808219178082	73.5414035020802	422
