y	y_hat	y_index
61.9780821917808	73.61555474975977	300
73.2616438356164	73.6141136229763	301
80.6506849315069	73.62068434209249	302
