y	y_hat	y_index
75.7315068493151	73.61288595335623	573
63.8178082191781	73.61585324536844	574
70.572602739726	73.62013678493116	575
