y	y_hat	y_index
57.0643835616438	73.55791908075562	582
87.2232876712329	73.55308486491806	583
82.7671232876712	73.56068895252308	584
