y	y_hat	y_index
76.3561643835616	73.56093948270818	537
69.1780821917808	73.55672186361714	538
82.6424657534247	73.55977978765871	539
