y	y_hat	y_index
62.7808219178082	73.55459764870578	234
81.3232876712329	73.55798812590022	235
76.0616438356164	73.55319207918231	236
