y	y_hat	y_index
88.2643835616438	73.54304376041574	606
73.7821917808219	73.5390205507853	607
82.4534246575342	73.53924574230041	608
