y	y_hat	y_index
65.8616438356164	73.61165173322082	69
73.2753424657534	73.61165361029688	70
79.3780821917808	73.61164746473126	71
