y	y_hat	y_index
71.972602739726	73.61569155166752	555
69.9260273972603	73.61447201185885	556
84.5342465753425	73.61994556239044	557
