y	y_hat	y_index
65.286301369863	73.61610406626599	681
73.8438356164384	73.61656092325926	682
73.4260273972603	73.61296434069958	683
