y	y_hat	y_index
66.3630136986301	73.65641197028559	267
68.9452054794521	73.64933044152066	268
58.2931506849315	73.64957488986182	269
