y	y_hat	y_index
78.4671232876712	73.54560755480884	222
74.5424657534247	73.5414474224015	223
76.0369863013699	73.54660607326126	224
