y	y_hat	y_index
75.8780821917808	73.61585291146562	3
71.2671232876712	73.61407649980943	4
61.0808219178082	73.61220963928177	5
