y	y_hat	y_index
78.5369863013699	73.61548129388214	642
67.9986301369863	73.61432061513045	643
56.272602739726	73.6117035078227	644
