y	y_hat	y_index
77.658904109589	73.53933809411672	132
75.7808219178082	73.54554066575686	133
77.5698630136986	73.5448861081424	134
