y	y_hat	y_index
71.8424657534247	73.61317629316135	684
75.9369863013699	73.61177503540138	685
72.9849315068493	73.6128941174061	686
