y	y_hat	y_index
66.7328767123288	73.61713050280117	189
80.5041095890411	73.61202306240726	190
59.9506849315068	73.61150941125722	191
