y	y_hat	y_index
73.6616438356164	73.5435700040872	336
73.6465753424658	73.54675887801234	337
75.0671232876712	73.54433779164498	338
