y	y_hat	y_index
74.0315068493151	73.55676490858318	408
76.5150684931507	73.55387404254199	409
65.0561643835616	73.55327169994428	410
