y	y_hat	y_index
67.9041095890411	73.64674417456544	705
70.4397260273973	73.653735485471	706
62.8479452054794	73.65487908592642	707
