y	y_hat	y_index
84.2808219178082	73.55605686934373	465
60.0534246575343	73.55193142168795	466
78.058904109589	73.55252448169058	467
