y	y_hat	y_index
71.2369863013699	73.61794485517956	324
63.8479452054794	73.62084760618876	325
79.6890410958904	73.61453362793216	326
