y	y_hat	y_index
78.2671232876712	73.53973473959415	459
84.3452054794521	73.53972608618423	460
81.8397260273973	73.53973665776512	461
