y	y_hat	y_index
81.7643835616438	73.55567180668685	291
88.9342465753425	73.55802509574646	292
68.7479452054795	73.55416503068278	293
