y	y_hat	y_index
65.8205479452055	73.61142943376801	498
80.8698630136986	73.61835818943801	499
70.5616438356164	73.61087212809399	500
