y	y_hat	y_index
71.8452054794521	73.55517910718184	402
80.1986301369863	73.5579020170701	403
78.3561643835616	73.55631520047949	404
