y	y_hat	y_index
72.7013698630137	73.55616414032856	57
77.8342465753425	73.55616390599435	58
79.7643835616438	73.5561647956266	59
