y	y_hat	y_index
74.4808219178082	73.54599283413957	144
82.1643835616438	73.54372464340071	145
82.6643835616438	73.5470436248228	146
