y	y_hat	y_index
70.8616438356164	73.61837347973028	330
84.7424657534247	73.61789496306868	331
62.7643835616438	73.61000304001035	332
