y	y_hat	y_index
56.4835616438356	73.57031529414903	15
79.4849315068493	73.56795690091583	16
73.6328767123288	73.56791606403402	17
