y	y_hat	y_index
63.0808219178082	73.65340057620512	54
61.558904109589	73.64587273154244	55
61.9958904109589	73.6517527729434	56
