y	y_hat	y_index
79.1424657534247	73.62353554772427	513
73.2616438356164	73.61626980885787	514
64.3027397260274	73.61367607210585	515
