y	y_hat	y_index
76.0424657534247	73.55469545680438	630
61.5917808219178	73.55616527943965	631
75.7424657534247	73.55966559306175	632
