y	y_hat	y_index
72.1712328767123	73.61689101503904	393
73.1013698630137	73.61316030939973	394
75.7835616438356	73.61686347824808	395
