y	y_hat	y_index
73.9561643835616	73.54076106949019	728
79.9397260273973	73.54698366711307	729
