y	y_hat	y_index
76.3397260273973	73.5566539210808	543
83.2342465753425	73.55702867901852	544
64.7561643835616	73.55688548333156	545
