y	y_hat	y_index
65.2561643835616	73.55615937727597	456
75.6808219178082	73.55615797942524	457
74.9835616438356	73.55615836860709	458
