y	y_hat	y_index
76.7452054794521	73.54862549428802	734
79.7643835616438	73.54863457454901	735
