y	y_hat	y_index
83.0164383561644	73.55544037488374	426
72.8671232876712	73.5523669157216	427
74.9616438356164	73.55792081400335	428
