y	y_hat	y_index
69.9835616438356	73.65933493215134	0
72.5561643835616	73.64897065463013	1
71.3616438356164	73.65095548359291	2
