y	y_hat	y_index
76.6808219178082	73.54214245733095	363
86.5808219178082	73.54478052432111	364
77.4479452054795	73.54111557181017	365
