y	y_hat	y_index
88.7369863013699	73.53973726380089	384
75.8534246575342	73.53973646266064	385
87.758904109589	73.53973774795261	386
