y	y_hat	y_index
76.7041095890411	73.61164333181954	348
73.2479452054795	73.61165578433918	349
67.3205479452055	73.61164984645441	350
