y	y_hat	y_index
71.3835616438356	73.6138062779986	429
78.072602739726	73.61566133108228	430
70.8835616438356	73.61704518822998	431
