y	y_hat	y_index
69.4808219178082	73.61111645757747	453
80.072602739726	73.61878645896553	454
61.686301369863	73.61330752844746	455
