y	y_hat	y_index
70.4219178082192	73.65470070250781	603
65.9424657534247	73.64927832911536	604
68.1698630136986	73.65041648610999	605
