y	y_hat	y_index
74.6013698630137	73.54721390905105	333
76.2835616438356	73.53960608043914	334
73.958904109589	73.54811587739766	335
