y	y_hat	y_index
79.5698630136986	73.5527421091329	441
77.7753424657534	73.55529943232511	442
72.4849315068493	73.56087291012025	443
