y	y_hat	y_index
75.4452054794521	73.55313326721267	120
65.2424657534247	73.55320184774753	121
78.686301369863	73.55406773888046	122
