y	y_hat	y_index
74.4616438356164	73.55537915590472	111
69.0452054794521	73.5559363031412	112
77.5369863013699	73.55609329753142	113
