y	y_hat	y_index
89.2780821917808	73.53973907487847	438
77.0643835616438	73.53972746970406	439
77.1397260273973	73.53973403489472	440
