y	y_hat	y_index
79.5808219178082	73.55676345097307	213
68.0506849315069	73.56450255674264	214
80.1835616438356	73.55374653743674	215
