y	y_hat	y_index
86.4643835616438	73.55091999058449	201
69.7808219178082	73.55562609308856	202
75.7835616438356	73.5533178847378	203
