y	y_hat	y_index
81.0643835616438	73.55494424677468	21
79.0342465753425	73.55584985039201	22
71.7452054794521	73.55428920500647	23
