y	y_hat	y_index
57.7369863013699	73.61113924434784	678
72.0013698630137	73.61507115161655	679
75.572602739726	73.61337305488308	680
