y	y_hat	y_index
71.9671232876712	73.65452482207678	81
69.7095890410959	73.65208977313489	82
69.2260273972603	73.64698723637551	83
