y	y_hat	y_index
79.8520547945206	73.56161630403727	66
90.2561643835616	73.55837339928244	67
71.058904109589	73.55452573734676	68
