y	y_hat	y_index
65.2657534246575	73.61385087928684	36
77.6616438356164	73.61828027942119	37
67.958904109589	73.61639812414609	38
