y	y_hat	y_index
70.4616438356164	73.55438015902986	645
88.4753424657534	73.55378079130449	646
78.0616438356164	73.55236810853543	647
