y	y_hat	y_index
67.9671232876712	73.61043972573242	48
84.1506849315069	73.61628114526664	49
67.5671232876712	73.61169561593226	50
