y	y_hat	y_index
80.9534246575342	73.55729872184169	561
79.9452054794521	73.56055907260142	562
72.3808219178082	73.55561640519772	563
