y	y_hat	y_index
86.3630136986301	73.55647532457257	51
82.672602739726	73.55886668228904	52
71.6808219178082	73.55911076444882	53
