y	y_hat	y_index
77.9849315068493	73.61491702149549	414
70.7671232876712	73.61153891782537	415
71.4780821917808	73.61486513487726	416
