y	y_hat	y_index
55.8671232876712	73.61415144801387	657
84.5506849315069	73.61688267106574	658
62.3821917808219	73.61249600646892	659
