y	y_hat	y_index
73.5849315068493	73.64901863291684	297
63.0780821917808	73.64508717575225	298
61.8246575342466	73.65233328858339	299
