y	y_hat	y_index
68.9616438356164	73.61585454381385	180
76.7671232876712	73.61614342067148	181
72.4479452054795	73.61241244096614	182
