y	y_hat	y_index
71.0041095890411	73.61995578943693	528
76.4753424657534	73.62215928040877	529
68.4643835616438	73.61143641660253	530
