y	y_hat	y_index
70.3246575342466	73.55853289784685	342
79.1698630136986	73.55224269922444	343
78.8383561643836	73.55824468176704	344
