y	y_hat	y_index
77.1260273972603	73.55960920085225	195
70.1260273972603	73.5553410651142	196
81.5424657534247	73.55699782826542	197
