y	y_hat	y_index
67.9342465753425	73.55621979272667	693
78.5287671232877	73.556175337782	694
88.3315068493151	73.55618030372842	695
