y	y_hat	y_index
68.3904109589041	73.61397182558007	633
63.8479452054794	73.6132600522996	634
76.186301369863	73.61616598983352	635
