y	y_hat	y_index
67.9479452054795	73.61450697531252	42
70.086301369863	73.61368886404685	43
82.17005428820563	73.62145165752747	44
