y	y_hat	y_index
71.727397260274	73.65295832568842	72
71.8561643835616	73.65101763503543	73
66.3780821917808	73.64864106150237	74
