y	y_hat	y_index
73.5479452054795	73.56947564789505	564
87.5506849315069	73.57667189654666	565
72.8506849315069	73.57213098532016	566
