y	y_hat	y_index
83.8205479452055	73.54634464088645	93
75.0342465753425	73.54190191844312	94
77.4808219178082	73.5475708232135	95
