y	y_hat	y_index
59.4616438356164	73.65323673588121	624
70.8178082191781	73.65102706470378	625
67.7397260273973	73.65011454928322	626
