y	y_hat	y_index
65.6616438356164	73.61136243128638	447
54.9205479452055	73.61369377071149	448
81.3506849315069	73.61402805873585	449
