y	y_hat	y_index
90.272602739726	73.6162711833907	666
66.4561643835616	73.61025918890685	667
71.5643835616438	73.62140681393653	668
