y	y_hat	y_index
70.9232876712329	73.61492564518923	174
61.7808219178082	73.6156298882847	175
74.0095890410959	73.6174600841568	176
