y	y_hat	y_index
68.2808219178082	73.56069717959045	627
80.5767123287671	73.55917592187349	628
74.2643835616438	73.55887387497403	629
