y	y_hat	y_index
72.772602739726	73.61826016726643	285
77.4232876712329	73.61509580968263	286
54.9671232876712	73.6154427380071	287
