y	y_hat	y_index
81.8821917808219	73.55643973558969	636
63.9753424657534	73.55487080773715	637
76.5616438356164	73.55345804927761	638
