y	y_hat	y_index
72.1260273972603	73.61738017713455	78
82.5109589041096	73.6227453235277	79
60.6205479452055	73.6095203126935	80
