y	y_hat	y_index
55.0041095890411	73.61612710632019	534
72.4780821917808	73.61415579153936	535
81.058904109589	73.61689663754031	536
