y	y_hat	y_index
83.2643835616438	73.55969522771267	519
84.6671232876712	73.56418560058958	520
70.8287671232877	73.55822800939606	521
