y	y_hat	y_index
79.5232876712329	73.61783450014687	477
71.7657534246575	73.61243399037984	478
60.718372666497935	73.61370985848474	479
