y	y_hat	y_index
66.4369863013699	73.6495840246035	712
65.5671232876712	73.65539477372045	713
