y	y_hat	y_index
78.1698630136986	73.54828610951836	690
79.0479452054795	73.5403782797571	691
77.3452054794521	73.54714777027021	692
