y	y_hat	y_index
73.258904109589	73.55632493473543	339
84.1643835616438	73.55455027872367	340
84.4616438356164	73.55622896151426	341
