y	y_hat	y_index
73.1616438356164	73.61626670917744	567
56.3643835616438	73.61594007391167	568
74.6534246575342	73.61677616569668	569
