y	y_hat	y_index
84.2205479452055	73.5573417888954	210
72.3534246575342	73.555511168601	211
79.672602739726	73.55704482543094	212
