mae_mean	mae_single
5.587810438517613	5.501365056540389
