mae_mean	mae_single
5.517033588537512	5.511568386279513
