mae_mean	mae_single
4.063182171493159	4.041256429211747
