mae_mean	mae_single
5.426846344058868	5.410619251833286
