mae_mean	mae_single
5.56146838059615	5.709553002771475
