mae_mean	mae_single
5.051351561738778	5.100989533296269
