mae_mean	mae_single
5.4485851778413945	5.462466322752267
