mae_mean	mae_single
5.554342939211931	5.548790742439547
