mae_mean	mae_single
4.457402194873354	4.410689608362995
