mae_mean	mae_single
4.3937849602324235	4.402187763465368
