mae_mean	mae_single
5.817125341502214	5.971205652091652
