mae_mean	mae_single
5.781277260301286	6.082689074341131
