mae_mean	mae_single
5.117546209917046	5.139184823772518
