mae_mean	mae_single
4.300714681154043	4.461888128982217
