mae_mean	mae_single
4.888235369680111	4.91126546997951
