mae_mean	mae_single
5.430993745963086	5.440975754445516
