mae_mean	mae_single
4.820816349146442	4.849902860619421
