mae_mean	mae_single
6.040883374886377	6.048566750129665
