mae_mean	mae_single
4.629322195775396	4.55830175438526
