mae_mean	mae_single
4.924515168549346	4.972055974450055
