mae_mean	mae_single
5.200876733959578	5.196658614534124
