mae_mean	mae_single
4.698302765250347	4.696011904981447
