mae_mean	mae_single
5.348332271376477	5.390952795835111
