y	y_hat	y_index
81.8821917808219	73.55509042641069	636
63.9753424657534	73.55545500404784	637
76.5616438356164	73.55524693017341	638
