y	y_hat	y_index
69.1876712328767	73.61010803101985	9
77.5616438356164	73.61242786265366	10
59.7616438356164	73.60879884943813	11
