y	y_hat	y_index
61.8616438356164	73.61110319936606	474
68.1561643835616	73.6092868613274	475
76.2698630136986	73.61106175660103	476
