y	y_hat	y_index
68.0479452054795	73.61029130621928	75
81.6397260273973	73.61095241463106	76
68.2753424657534	73.61112273839305	77
