y	y_hat	y_index
80.8287671232877	73.54079965690984	102
75.1794520547945	73.5407933619575	103
80.1808219178082	73.53912975285932	104
