y	y_hat	y_index
71.727397260274	73.65297161510958	72
71.8561643835616	73.65149639884606	73
66.3780821917808	73.6527358369096	74
