y	y_hat	y_index
65.4931506849315	73.65341444212257	228
73.3301369863014	73.65122385374386	229
68.2506849315069	73.65278534849992	230
