y	y_hat	y_index
75.1452054794521	73.53796192983546	423
75.6369863013699	73.53879861993664	424
74.7534246575342	73.53711111661951	425
