y	y_hat	y_index
77.9424657534247	73.55825514518989	264
75.3808219178082	73.55628731153051	265
67.6109589041096	73.55583405931971	266
