y	y_hat	y_index
72.63989854950165	73.55618744416124	90
82.0780821917808	73.55546935149651	91
78.1698630136986	73.5563388391295	92
