y	y_hat	y_index
88.5698630136986	73.53953697293929	261
76.8657534246575	73.53754886344211	262
87.7698630136986	73.53891272758617	263
