y	y_hat	y_index
75.8260273972603	73.55607764501136	237
75.1342465753425	73.55495288882018	238
66.7178082191781	73.55616847916156	239
