y	y_hat	y_index
59.4616438356164	73.65134530220853	624
70.8178082191781	73.65235456941765	625
67.7397260273973	73.65275712099348	626
