y	y_hat	y_index
65.086301369863	73.65205802938797	183
69.1657534246575	73.65402569698392	184
71.6835616438356	73.65083181445506	185
