y	y_hat	y_index
55.1616438356164	73.55487043865098	354
83.2534246575342	73.55621848212425	355
78.4397260273973	73.55642309655788	356
