y	y_hat	y_index
81.0643835616438	73.55556742018354	21
79.0342465753425	73.55525478892697	22
71.7452054794521	73.55554345134294	23
