y	y_hat	y_index
83.2643835616438	73.55709276778218	519
84.6671232876712	73.55903676287772	520
70.8287671232877	73.55865078217587	521
