y	y_hat	y_index
71.3835616438356	73.61090037192318	429
78.072602739726	73.61271215807359	430
70.8835616438356	73.61270813065153	431
