y	y_hat	y_index
75.8616438356164	73.61039424046018	165
70.7643835616438	73.6094517947989	166
73.372602739726	73.61211215717158	167
