y	y_hat	y_index
76.4410958904109	73.55807910392281	282
66.9931506849315	73.55585151863178	283
79.5643835616438	73.557268020425	284
