y	y_hat	y_index
70.1616438356164	73.61073274618872	669
81.0835616438356	73.61141827275375	670
59.1671232876712	73.6103079846485	671
