y	y_hat	y_index
67.6643835616438	73.61156339528209	231
78.3698630136986	73.61053743240575	232
71.958904109589	73.61040421306731	233
