y	y_hat	y_index
60.0232876712329	73.60961605113815	366
81.7013698630137	73.61162025058609	367
71.0506849315069	73.61030363863432	368
