y	y_hat	y_index
61.8561643835616	73.60971290535728	252
69.7780821917808	73.61030307961103	253
75.8479452054795	73.60999936081785	254
