y	y_hat	y_index
73.9561643835616	73.54574683678544	728
79.9397260273973	73.54826077941581	729
