y	y_hat	y_index
75.1452054794521	73.61030590551736	621
67.7561643835616	73.6115061239152	622
61.972602739726	73.61071151063403	623
