y	y_hat	y_index
54.2739726027397	73.61042677057178	522
74.8164383561644	73.60949524019554	523
61.9561643835616	73.6095610183739	524
