y	y_hat	y_index
74.9643835616438	73.53979320555231	696
73.8616438356164	73.53905548165872	697
75.1808219178082	73.53914181071335	698
