y	y_hat	y_index
71.1260273972603	73.55643617505397	591
74.3780821917808	73.55520176541245	592
80.1958904109589	73.55541011811772	593
