y	y_hat	y_index
78.5369863013699	73.61035961101338	642
67.9986301369863	73.60989870044752	643
56.272602739726	73.60960563286231	644
