y	y_hat	y_index
72.7835616438356	73.55511877940228	198
82.1753424657534	73.55670721943045	199
74.2671232876712	73.55502537036898	200
