y	y_hat	y_index
77.9479452054795	73.6109399008598	405
67.3671232876712	73.6096991736581	406
65.5315068493151	73.60994446095671	407
