y	y_hat	y_index
71.972602739726	73.61087056531663	555
69.9260273972603	73.61063107453087	556
84.5342465753425	73.61349710452541	557
