y	y_hat	y_index
83.0164383561644	73.55612682007464	426
72.8671232876712	73.55568928412573	427
74.9616438356164	73.55582980275257	428
