y	y_hat	y_index
76.1506849315069	73.5557885342013	540
64.5643835616438	73.55630256813495	541
87.1643835616438	73.55646469429253	542
