y	y_hat	y_index
78.986301369863	73.55673021703824	105
72.2095890410959	73.55591408475856	106
78.9657534246575	73.55562482227897	107
