y	y_hat	y_index
68.2808219178082	73.55583456021613	627
80.5767123287671	73.55745183870795	628
74.2643835616438	73.55564411863142	629
