y	y_hat	y_index
62.1780821917808	73.65313968219726	318
58.9424657534247	73.65186137763796	319
65.5671232876712	73.65322974754586	320
