y	y_hat	y_index
84.2205479452055	73.55629489839092	210
72.3534246575342	73.55638416037962	211
79.672602739726	73.55874104423982	212
