y	y_hat	y_index
57.0643835616438	73.55481986144156	582
87.2232876712329	73.55603717560064	583
82.7671232876712	73.55565210890843	584
