y	y_hat	y_index
75.758904109589	73.55585120521631	327
61.7671232876712	73.55476372219245	328
80.8534246575342	73.55475060560245	329
