y	y_hat	y_index
71.5671232876712	73.60995237616166	123
70.7616438356164	73.61191638805336	124
81.4342465753425	73.60953488788806	125
