y	y_hat	y_index
73.558904109589	73.64444205926948	369
65.086301369863	73.64695742657241	370
70.6671232876712	73.64532337911231	371
