y	y_hat	y_index
73.1616438356164	73.61195903006153	567
56.3643835616438	73.61118288435995	568
74.6534246575342	73.61118774586333	569
