y	y_hat	y_index
56.4835616438356	73.56863589959221	15
79.4849315068493	73.56795350039366	16
73.6328767123288	73.5694080654816	17
