y	y_hat	y_index
55.8479452054794	73.61050243382783	510
77.0383561643836	73.61284755960153	511
72.3232876712329	73.6110502262405	512
