y	y_hat	y_index
88.2643835616438	73.54066674016327	606
73.7821917808219	73.53974843500589	607
82.4534246575342	73.5374976268364	608
