y	y_hat	y_index
73.258904109589	73.55557638373517	339
84.1643835616438	73.55586544575813	340
84.4616438356164	73.55820965324057	341
