y	y_hat	y_index
72.8506849315069	73.65094831594298	660
57.1780821917808	73.65138062911933	661
63.4232876712329	73.65255286121177	662
