y	y_hat	y_index
86.4643835616438	73.55547993630677	201
69.7808219178082	73.5553928789092	202
75.7835616438356	73.55628907478757	203
