y	y_hat	y_index
67.9342465753425	73.55620092302054	693
78.5287671232877	73.55653568721708	694
88.3315068493151	73.55648916920478	695
