y	y_hat	y_index
90.272602739726	73.61332731848573	666
66.4561643835616	73.61023639519415	667
71.5643835616438	73.61224794360898	668
