y	y_hat	y_index
68.2205479452055	73.6465435503495	726
70.8342465753425	73.6440796109208	727
