y	y_hat	y_index
64.2	73.55425927731217	549
87.6397260273973	73.5575367166921	550
74.5684931506849	73.55516552923436	551
