y	y_hat	y_index
64.0794520547945	73.6448464360155	732
69.558904109589	73.64546471925385	733
