y	y_hat	y_index
73.8917808219178	73.5375118022918	351
76.6506849315069	73.5382840456773	352
81.2698630136986	73.54074166297849	353
