y	y_hat	y_index
69.4753424657534	73.65330934735434	276
65.8753424657534	73.65238827047466	277
72.6452054794521	73.65368174600324	278
