y	y_hat	y_index
66.7328767123288	73.61043599871807	189
80.5041095890411	73.61063570099456	190
59.9506849315068	73.6100074218298	191
