y	y_hat	y_index
75.4452054794521	73.55531555410764	120
65.2424657534247	73.55496969568688	121
78.686301369863	73.55495526075376	122
