y	y_hat	y_index
73.9424657534247	73.61035867951911	390
71.9041095890411	73.61068668153084	391
70.8260273972603	73.61033008869262	392
