y	y_hat	y_index
80.3753424657534	73.54011314140187	258
74.3452054794521	73.53950918503845	259
75.058904109589	73.54067928267338	260
