y	y_hat	y_index
69.5534246575342	73.65516083269327	30
71.3808219178082	73.65316136847633	31
60.6616438356164	73.6558620520203	32
