y	y_hat	y_index
65.6616438356164	73.61018240334772	447
54.9205479452055	73.60882984522983	448
81.3506849315069	73.61205783292019	449
