y	y_hat	y_index
65.2657534246575	73.61143192454182	36
77.6616438356164	73.61158933661513	37
67.958904109589	73.61037679558632	38
