y	y_hat	y_index
60.1671232876712	73.61048635435567	489
76.5342465753425	73.6126174162952	490
69.172602739726	73.6107941311038	491
