y	y_hat	y_index
76.7452054794521	73.54787569454422	734
79.7643835616438	73.54889160744592	735
