y	y_hat	y_index
74.7287671232877	73.61145628580915	594
55.8808219178082	73.61105541521215	595
68.1643835616438	73.60926081208814	596
