y	y_hat	y_index
64.5616438356164	73.6116436467632	279
71.158904109589	73.61164492395815	280
77.0643835616438	73.6116423146059	281
