y	y_hat	y_index
82.3917808219178	73.55392143409166	246
74.1849315068493	73.5565250430246	247
55.4164383561644	73.5536274386543	248
