y	y_hat	y_index
76.6808219178082	73.53911573383908	363
86.5808219178082	73.53874218200049	364
77.4479452054795	73.53919999229791	365
