y	y_hat	y_index
70.3246575342466	73.55630106140609	342
79.1698630136986	73.55678702203046	343
78.8383561643836	73.55666468579555	344
