y	y_hat	y_index
74.4616438356164	73.55450429539574	111
69.0452054794521	73.55525838129255	112
77.5369863013699	73.55745894756674	113
