y	y_hat	y_index
70.1808219178082	73.65342281007399	675
64.9561643835616	73.65342313060975	676
67.3671232876712	73.65342364306768	677
