y	y_hat	y_index
64.3424657534247	73.65341425870714	672
70.9534246575342	73.65420854737663	673
72.6397260273973	73.65263790690528	674
