y	y_hat	y_index
71.4753424657534	73.55553832196709	600
74.6616438356164	73.55686879223799	601
76.0095890410959	73.55565466910942	602
