y	y_hat	y_index
79.3561643835616	73.53803481213484	399
73.9616438356164	73.53915777773952	400
75.3972602739726	73.53989511490244	401
