y	y_hat	y_index
73.7452054794521	73.5551395665774	450
69.6534246575342	73.5552905479019	451
77.1232876712329	73.55492206738852	452
