y	y_hat	y_index
71.2506849315069	73.65428892711361	219
62.9616438356164	73.65104280220669	220
70.8780821917808	73.65229299103652	221
