y	y_hat	y_index
79.1424657534247	73.61370645417027	513
73.2616438356164	73.61191333870846	514
64.3027397260274	73.61159832882996	515
