y	y_hat	y_index
63.6616438356164	73.65147761236821	462
73.0424657534247	73.65341136089302	463
63.5506849315069	73.65184576705265	464
