y	y_hat	y_index
76.3561643835616	73.55639663460276	537
69.1780821917808	73.55402828898215	538
82.6424657534247	73.55836585827998	539
