y	y_hat	y_index
69.3534246575342	73.61111633906351	315
81.0150684931507	73.61143961157121	316
60.6232876712329	73.61045066252072	317
