y	y_hat	y_index
78.4671232876712	73.53764652715184	222
74.5424657534247	73.53750958079318	223
76.0369863013699	73.5414782149387	224
