y	y_hat	y_index
69.4808219178082	73.55811608435408	609
83.6205479452055	73.55965970807296	610
75.1643835616438	73.55604668287039	611
