y	y_hat	y_index
73.9808219178082	73.53803381563223	96
84.0424657534247	73.53953052084161	97
75.572602739726	73.54103209017413	98
