y	y_hat	y_index
66.4369863013699	73.64657513701124	712
65.5671232876712	73.6465744524647	713
