y	y_hat	y_index
66.6397260273973	73.60894015377173	432
76.1780821917808	73.61019371039787	433
68.9479452054795	73.60939871192349	434
