y	y_hat	y_index
64.0534246575342	73.6513202480147	357
73.0602739726027	73.65185475942872	358
65.3561643835616	73.65286937536565	359
