y	y_hat	y_index
84.3616438356164	73.53858726856592	168
85.5369863013699	73.54056412496045	169
75.0671232876712	73.539400468128	170
