y	y_hat	y_index
84.2808219178082	73.55529570107615	465
60.0534246575343	73.55322553500076	466
78.058904109589	73.55524040868968	467
