y	y_hat	y_index
89.2780821917808	73.53906469083019	438
77.0643835616438	73.53979799544649	439
77.1397260273973	73.53721437046427	440
