y	y_hat	y_index
60.672602739726	73.61098780875209	576
75.5	73.61210492932987	577
57.6835616438356	73.61153513774222	578
