y	y_hat	y_index
71.6835616438356	73.60941047837363	156
77.872602739726	73.61381988035362	157
70.7671232876712	73.60949010929431	158
