y	y_hat	y_index
85.5397260273973	73.55654354777312	249
74.372602739726	73.55560213938112	250
67.4616438356164	73.55461500429843	251
