y	y_hat	y_index
68.9616438356164	73.6115700937448	180
76.7671232876712	73.61209882369509	181
72.4479452054795	73.60980920066825	182
