y	y_hat	y_index
70.472602739726	73.55507108992471	471
76.4232876712329	73.5578710399061	472
85.1547945205479	73.5590389228702	473
