y	y_hat	y_index
73.8342465753425	73.55613225631681	321
74.3890410958904	73.55409543845876	322
70.8041095890411	73.55495839832582	323
