y	y_hat	y_index
79.6849315068493	73.6120817654624	651
68.8616438356164	73.61223563748445	652
64.9712328767123	73.61099249491038	653
