y	y_hat	y_index
83.058904109589	73.61129718970065	159
72.3657534246575	73.60991785837058	160
70.4698630136986	73.61056279958333	161
