y	y_hat	y_index
89.0698630136986	73.53869519912847	570
77.2260273972603	73.53939556739671	571
79.5616438356164	73.54209751219426	572
