y	y_hat	y_index
66.4260273972603	73.65260206063579	60
63.7506849315068	73.6526359024106	61
62.258904109589	73.6523986503283	62
