y	y_hat	y_index
70.1068493150685	73.55406605546807	24
85.2808219178082	73.55676301891631	25
77.3808219178082	73.55510643507135	26
