y	y_hat	y_index
71.2369863013699	73.61135233471143	324
63.8479452054794	73.61027730926857	325
79.6890410958904	73.61126243595625	326
