y	y_hat	y_index
70.4698630136986	73.55758108410289	516
86.6369863013699	73.5591622645603	517
77.8835616438356	73.55429695255268	518
