y	y_hat	y_index
57.7369863013699	73.60917640393956	678
72.0013698630137	73.61114787373441	679
75.572602739726	73.61134821649559	680
