y	y_hat	y_index
77.658904109589	73.53855824816968	132
75.7808219178082	73.53926329644231	133
77.5698630136986	73.54019413601272	134
