y	y_hat	y_index
80.9534246575342	73.55670729947646	561
79.9452054794521	73.55748260299131	562
72.3808219178082	73.55481051813878	563
