y	y_hat	y_index
83.9095890410959	73.54107386234217	108
77.3616438356164	73.53777953377279	109
79.1082191780822	73.53802043175025	110
