y	y_hat	y_index
83.1890410958904	73.6128261840604	495
59.6452054794521	73.61178217570465	496
70.7876712328767	73.61185784337434	497
