y	y_hat	y_index
86.3630136986301	73.55549499422514	51
82.672602739726	73.55487775570192	52
71.6808219178082	73.5548497135554	53
