y	y_hat	y_index
73.6780821917808	73.64600827428904	255
72.5534246575342	73.64482321940822	256
72.3643835616438	73.64461337326496	257
