y	y_hat	y_index
73.4287671232877	73.61009561333509	243
67.4643835616438	73.61088456947887	244
75.3602739726027	73.60973608953829	245
