y	y_hat	y_index
71.4780821917808	73.6546773496045	525
65.6561643835616	73.6524057906477	526
71.9479452054795	73.65557619386888	527
