y	y_hat	y_index
71.8452054794521	73.5561639163743	402
80.1986301369863	73.55616653140312	403
78.3561643835616	73.55616618983461	404
