y	y_hat	y_index
61.9780821917808	73.6097607498079	300
73.2616438356164	73.6114381166565	301
80.6506849315069	73.61349983583874	302
