y	y_hat	y_index
82.3958904109589	73.55642591067134	273
74.7342465753425	73.55621631151334	274
72.158904109589	73.5575651704438	275
