y	y_hat	y_index
62.8698630136986	73.6088769900241	177
80.3534246575342	73.60996723730122	178
63.7506849315068	73.61094628171935	179
