y	y_hat	y_index
75.8890410958904	73.54154659711381	33
85.7260273972603	73.53719810214936	34
75.7424657534247	73.53784196998485	35
