y	y_hat	y_index
66.7369863013699	73.65141087872163	663
58.772602739726	73.65306825330993	664
63.0	73.65505030048583	665
