y	y_hat	y_index
79.5232876712329	73.61295712541477	477
71.7657534246575	73.61197726663877	478
60.718372666497935	73.61066095314818	479
