y	y_hat	y_index
67.0835616438356	73.61042933195952	114
80.8643835616438	73.61097035416739	115
56.9643835616438	73.60989676023	116
