y	y_hat	y_index
74.8452054794521	73.61256254932755	27
57.6315068493151	73.6104898890949	28
71.5794520547945	73.61214749402059	29
