y	y_hat	y_index
79.5808219178082	73.55911679333794	213
68.0506849315069	73.55546948150653	214
80.1835616438356	73.55500697373773	215
