y	y_hat	y_index
69.2013698630137	73.65292203612036	648
72.2397260273973	73.65219684672377	649
70.4753424657534	73.65103531730887	650
