y	y_hat	y_index
75.2835616438356	73.53849100988579	84
75.2424657534247	73.53687080623928	85
74.1780821917808	73.53870014332855	86
