y	y_hat	y_index
73.5479452054795	73.5698611421372	564
87.5506849315069	73.56986330381574	565
72.8506849315069	73.56986393880808	566
