y	y_hat	y_index
55.8671232876712	73.61048916622576	657
84.5506849315069	73.60953324750521	658
62.3821917808219	73.6102872385811	659
