y	y_hat	y_index
79.5657534246575	73.53870077741907	372
75.2452054794521	73.53698030736987	373
80.9849315068493	73.53886664685756	374
