y	y_hat	y_index
69.4808219178082	73.61029024206586	453
80.072602739726	73.61212177735347	454
61.686301369863	73.61104379252428	455
