y	y_hat	y_index
69.4178082191781	73.61394659050131	618
65.9890410958904	73.61143219193421	619
83.1808219178082	73.61251722919272	620
