y	y_hat	y_index
86.3917808219178	73.55777714705889	654
72.5780821917808	73.55487715539	655
78.9753424657534	73.55510874497473	656
