y	y_hat	y_index
58.1808219178082	73.60907698797838	435
61.7849315068493	73.61043288166879	436
76.0561643835616	73.61201918229565	437
