y	y_hat	y_index
63.0808219178082	73.65162131873925	54
61.558904109589	73.65097711023975	55
61.9958904109589	73.6523803115055	56
