y	y_hat	y_index
76.3424657534247	73.53872224146302	702
74.7041095890411	73.54141473614492	703
80.4616438356164	73.53749091269528	704
