y	y_hat	y_index
71.9671232876712	73.65284558863118	81
69.7095890410959	73.65508670923666	82
69.2260273972603	73.65125570212739	83
