y	y_hat	y_index
89.5835616438356	73.61527702748049	63
67.7328767123288	73.61197567073515	64
61.5369863013699	73.61178133042002	65
