y	y_hat	y_index
71.258904109589	73.65440393077282	612
57.6616438356164	73.65221513724991	613
72.7671232876712	73.65526824167516	614
