y	y_hat	y_index
83.9643835616438	73.5582979139584	312
84.8671232876712	73.55477016138569	313
70.9643835616438	73.55451743687777	314
