y	y_hat	y_index
88.2561643835616	73.55678296195101	99
72.158904109589	73.55387345505575	100
75.7808219178082	73.55512272701748	101
