y	y_hat	y_index
72.8643835616438	73.56974355721373	722
73.8041095890411	73.56957778869213	723
