y	y_hat	y_index
79.5698630136986	73.55444172861107	441
77.7753424657534	73.55454673959815	442
72.4849315068493	73.55613177169761	443
