y	y_hat	y_index
79.2452054794521	73.5461795110346	720
81.8671232876712	73.5498742227352	721
