y	y_hat	y_index
77.1260273972603	73.55686733785556	195
70.1260273972603	73.55444782005662	196
81.5424657534247	73.55616452190233	197
