y	y_hat	y_index
83.1506849315069	73.61224698403632	546
71.7506849315069	73.61192172956527	547
71.5260273972603	73.61229212846611	548
