y	y_hat	y_index
81.7643835616438	73.55563537288121	291
88.9342465753425	73.5574963180557	292
68.7479452054795	73.55457153224225	293
