y	y_hat	y_index
69.9506849315069	73.65541411485162	288
70.7260273972603	73.65152306406682	289
71.3424657534247	73.65295289464481	290
