y	y_hat	y_index
71.0041095890411	73.61285515102725	528
76.4753424657534	73.61256271836848	529
68.4643835616438	73.61029863074249	530
