y	y_hat	y_index
79.2232876712329	73.5551985117729	360
56.4287671232877	73.5532157525586	361
87.2835616438356	73.55533677938402	362
