y	y_hat	y_index
61.2780821917808	73.56889326752473	714
87.6616438356164	73.57193636335195	715
