y	y_hat	y_index
70.1534246575342	73.56959194458024	710
78.7479452054795	73.57031871943937	711
