y	y_hat	y_index
76.3123287671233	73.5548887640566	639
82.2054794520548	73.55794971693139	640
70.2630136986301	73.55575361742092	641
