y	y_hat	y_index
75.8780821917808	73.61298810635463	3
71.2671232876712	73.61162756061088	4
61.0808219178082	73.60994126537099	5
