y	y_hat	y_index
68.872602739726	73.60978095720829	270
78.2671232876712	73.6105936650435	271
71.158904109589	73.61091840276558	272
