y	y_hat	y_index
74.2698630136986	73.55642800728762	150
66.9780821917808	73.55509891201301	151
82.0616438356164	73.55391771132115	152
