y	y_hat	y_index
76.3397260273973	73.55829066904886	543
83.2342465753425	73.55657400460136	544
64.7561643835616	73.55476312339574	545
