y	y_hat	y_index
76.7041095890411	73.60993334361416	348
73.2479452054795	73.61204418061826	349
67.3205479452055	73.61253931814774	350
