y	y_hat	y_index
83.3780821917808	73.55337362047642	138
60.6835616438356	73.5550751769568	139
84.7506849315069	73.5553973935658	140
