y	y_hat	y_index
65.2561643835616	73.55709894461427	456
75.6808219178082	73.55562992729439	457
74.9835616438356	73.55507221978367	458
