y	y_hat	y_index
68.3904109589041	73.61214660352545	633
63.8479452054794	73.61012203557803	634
76.186301369863	73.61188231410263	635
