y	y_hat	y_index
55.0041095890411	73.60950211858716	534
72.4780821917808	73.61146573789382	535
81.058904109589	73.61393490208522	536
