y	y_hat	y_index
66.8643835616438	73.55502064611899	126
75.458904109589	73.55646225807078	127
79.2753424657534	73.55626894332883	128
