y	y_hat	y_index
69.0561643835616	73.65272412802463	216
59.4041095890411	73.65104019425101	217
73.4232876712329	73.65245435845938	218
