y	y_hat	y_index
71.9643835616438	73.61164306415178	585
71.3479452054795	73.61164353068393	586
83.0616438356164	73.61164487911769	587
