y	y_hat	y_index
71.8424657534247	73.6095521343612	684
75.9369863013699	73.608812464385	685
72.9849315068493	73.61084718540462	686
