y	y_hat	y_index
76.1780821917808	73.5371736298499	240
80.1794520547945	73.53885834144133	241
73.6506849315069	73.5377485836394	242
