y	y_hat	y_index
79.1986301369863	73.5561650116485	135
74.7835616438356	73.55616531566838	136
71.8890410958904	73.55616216624298	137
