y	y_hat	y_index
67.9479452054795	73.61122258934141	42
70.086301369863	73.60997591289203	43
82.17005428820563	73.61085531918022	44
