y	y_hat	y_index
74.1342465753425	73.53903732847829	420
74.4698630136986	73.53899153704401	421
78.1808219178082	73.53835072353031	422
