y	y_hat	y_index
72.3616438356164	73.56851680401394	147
73.5780821917808	73.56920687208613	148
84.4452054794521	73.57104156750036	149
