y	y_hat	y_index
68.5342465753425	73.61295471408889	306
78.1452054794521	73.6093416491675	307
69.458904109589	73.60960978505555	308
