y	y_hat	y_index
75.7315068493151	73.61046969822942	573
63.8178082191781	73.61039695727966	574
70.572602739726	73.61247121677489	575
