y	y_hat	y_index
78.2671232876712	73.53866975802828	459
84.3452054794521	73.53820264744273	460
81.8397260273973	73.54034093098565	461
