y	y_hat	y_index
72.2068493150685	73.64632520077973	718
72.7780821917808	73.64627495086715	719
