y	y_hat	y_index
67.9041095890411	73.65229780577064	705
70.4397260273973	73.65236643712738	706
62.8479452054794	73.65456722459248	707
