y	y_hat	y_index
73.2808219178082	73.55473206364863	468
76.3424657534247	73.55668911953919	469
77.7643835616438	73.55493821120528	470
