y	y_hat	y_index
78.1698630136986	73.54282567440855	690
79.0479452054795	73.53788019741067	691
77.3452054794521	73.54133631179728	692
