y	y_hat	y_index
62.1205479452055	73.61200375067634	411
68.9890410958904	73.6115920660618	412
77.9397260273973	73.6107840881976	413
