y	y_hat	y_index
71.4671232876712	73.61101638310409	588
78.1986301369863	73.61452700974785	589
62.5698630136986	73.60956343542392	590
