y	y_hat	y_index
74.4808219178082	73.53962219362037	144
82.1643835616438	73.53789140935714	145
82.6643835616438	73.540344629663	146
