y	y_hat	y_index
73.8643835616438	73.54014277574962	207
75.0397260273973	73.53906994897405	208
91.3068493150685	73.53868593545437	209
