y	y_hat	y_index
74.6013698630137	73.53865180050268	333
76.2835616438356	73.53877378455238	334
73.958904109589	73.54062703235167	335
