y	y_hat	y_index
61.2698630136986	73.60960748232955	141
74.2808219178082	73.61347967097421	142
62.8753424657534	73.61011134694265	143
