y	y_hat	y_index
85.458904109589	73.55493630114894	579
65.3698630136986	73.55550819002046	580
78.5808219178082	73.5582761285573	581
