y	y_hat	y_index
80.3013698630137	73.61208279710482	531
73.0534246575342	73.61249164875508	532
69.1986301369863	73.61270658492103	533
