y	y_hat	y_index
70.3369863013699	73.61067491103964	6
66.4616438356164	73.6111085424811	7
75.8643835616438	73.61098892425437	8
