y	y_hat	y_index
79.2616438356164	73.5561625747415	171
79.386301369863	73.55616872794539	172
61.7808219178082	73.55616183227218	173
