y	y_hat	y_index
61.0178082191781	73.55440375948497	507
78.4780821917808	73.5543315199966	508
77.2479452054795	73.55872462874233	509
