y	y_hat	y_index
77.8150684931507	73.53873477909093	378
75.5671232876712	73.53916323643186	379
82.0287671232877	73.54090375275307	380
