y	y_hat	y_index
73.958904109589	73.55555146795011	486
83.258904109589	73.55719429065753	487
68.2780821917808	73.55440076195121	488
