y	y_hat	y_index
81.8835616438356	73.5721276517206	501
73.558904109589	73.57175669251234	502
63.3452054794521	73.56895332365922	503
