y	y_hat	y_index
69.6178082191781	73.61235706903332	558
82.9027397260274	73.61059087467383	559
72.3260273972603	73.61258353367388	560
