y	y_hat	y_index
67.7616438356164	73.61043944018499	492
79.2890410958904	73.61101522651367	493
69.8643835616438	73.6121059755215	494
