y	y_hat	y_index
67.3013698630137	73.61201232651229	186
73.9671232876712	73.61124823952716	187
69.6671232876712	73.61129338391859	188
