y	y_hat	y_index
56.3027397260274	73.61164377466308	483
64.5808219178082	73.60982665029466	484
79.1671232876712	73.61140913853204	485
