y	y_hat	y_index
72.1712328767123	73.61385486516227	393
73.1013698630137	73.61074129895557	394
75.7835616438356	73.61244752197598	395
