y	y_hat	y_index
78.3452054794521	73.55599836318059	303
63.5232876712329	73.55525016672972	304
79.3643835616438	73.55291515162102	305
