y	y_hat	y_index
77.758904109589	73.53734523648838	381
77.1369863013699	73.53827414915716	382
89.5616438356164	73.53911053604624	383
