y	y_hat	y_index
70.1027397260274	73.57019708726541	716
87.0808219178082	73.57452973470919	717
