y	y_hat	y_index
65.658904109589	73.6526306237628	504
65.0328767123288	73.65158087184903	505
67.5315068493151	73.65254471844754	506
