y	y_hat	y_index
80.2794520547945	73.55490586617515	396
77.6616438356164	73.55383462303905	397
61.0	73.55488293669995	398
