y	y_hat	y_index
75.5616438356164	73.53699176964133	387
79.1671232876712	73.53873589197241	388
79.2534246575342	73.53845496443729	389
