y	y_hat	y_index
77.9849315068493	73.61101942408402	414
70.7671232876712	73.60900734546632	415
71.4780821917808	73.61193982015277	416
