y	y_hat	y_index
71.8698630136986	73.6105905269281	204
62.7616438356164	73.61081565271608	205
85.8753424657534	73.61143552211693	206
