y	y_hat	y_index
72.986301369863	73.6529311777627	309
72.7424657534247	73.65270734056037	310
61.9534246575342	73.65207567278183	311
