y	y_hat	y_index
84.5356164383562	73.61014446355158	18
69.3849315068493	73.61091409151595	19
71.1561643835616	73.61017635211462	20
