y	y_hat	y_index
78.6	73.55459999382559	39
85.3780821917808	73.55641110699732	40
72.2452054794521	73.55593236806827	41
