y	y_hat	y_index
64.9753424657534	73.61017242371149	12
74.3616438356164	73.61250879559113	13
64.4315068493151	73.61072053807149	14
