y	y_hat	y_index
82.2808219178082	73.55387946751263	597
81.1958904109589	73.55499975656335	598
61.0643835616438	73.55521904991238	599
