y	y_hat	y_index
64.7698630136986	73.61118946666979	45
77.7643835616438	73.61121059350174	46
60.7616438356164	73.61069832968145	47
