y	y_hat	y_index
79.8520547945206	73.55806084297228	66
90.2561643835616	73.5556164520367	67
71.058904109589	73.55559383722539	68
