y	y_hat	y_index
77.9342465753425	73.55770696653647	687
66.4232876712329	73.55425523538482	688
80.6397260273973	73.55582583263381	689
