y	y_hat	y_index
66.6753424657534	73.5673842868201	225
73.5808219178082	73.57020387765954	226
78.8835616438356	73.56808105820066	227
