y	y_hat	y_index
70.4219178082192	73.65326271509741	603
65.9424657534247	73.65256201703502	604
68.1698630136986	73.6509794586297	605
