y	y_hat	y_index
84.2698630136986	73.5572549380574	129
71.172602739726	73.55559984409275	130
82.9561643835616	73.55472326612968	131
