y	y_hat	y_index
72.772602739726	73.6116468223366	285
77.4232876712329	73.61164349568425	286
54.9671232876712	73.61164153970371	287
