y	y_hat	y_index
76.1753424657534	73.55765078358507	117
68.3068493150685	73.55684303777552	118
75.3452054794521	73.55578275656958	119
