y	y_hat	y_index
63.9821917808219	73.61023191301126	87
78.2808219178082	73.61081751896418	88
65.772602739726	73.61013804857052	89
