y	y_hat	y_index
66.3630136986301	73.65547075819416	267
68.9452054794521	73.65197379329832	268
58.2931506849315	73.65307004316189	269
