y	y_hat	y_index
65.8205479452055	73.61241885452279	498
80.8698630136986	73.61315599647916	499
70.5616438356164	73.60944883403819	500
