y	y_hat	y_index
70.4616438356164	73.5548106395925	645
88.4753424657534	73.55474192769817	646
78.0616438356164	73.5543602360564	647
