y	y_hat	y_index
72.7013698630137	73.55399331646593	57
77.8342465753425	73.55511014946404	58
79.7643835616438	73.5564461528207	59
