y	y_hat	y_index
75.8753424657534	73.57033688704546	708
71.0753424657534	73.56789187741133	709
