y	y_hat	y_index
70.9232876712329	73.61007899183126	174
61.7808219178082	73.60962854893991	175
74.0095890410959	73.61436195365897	176
