y	y_hat	y_index
70.8616438356164	73.61103909306405	330
84.7424657534247	73.61276269685706	331
62.7643835616438	73.60972420493793	332
