y	y_hat	y_index
73.6616438356164	73.54108410360041	336
73.6465753424658	73.53932657035278	337
75.0671232876712	73.54085715329902	338
