y	y_hat	y_index
84.1397260273973	73.54002084534758	552
75.3260273972603	73.53912311155194	553
78.4013698630137	73.53976580927772	554
