y	y_hat	y_index
72.1260273972603	73.61147124663918	78
82.5109589041096	73.61324765061036	79
60.6205479452055	73.60896567709817	80
