y	y_hat	y_index
73.5849315068493	73.64553934732065	297
63.0780821917808	73.64520154907207	298
61.8246575342466	73.64789245224516	299
