y	y_hat	y_index
85.4698630136986	73.54770135966072	724
78.7397260273973	73.54931581159889	725
