y	y_hat	y_index
62.7808219178082	73.55461799638759	234
81.3232876712329	73.55614040919602	235
76.0616438356164	73.55588915879562	236
