y	y_hat	y_index
64.4452054794521	73.65386662503272	153
72.4493150684931	73.65203787007657	154
67.958904109589	73.65203089218033	155
