y	y_hat	y_index
62.2616438356164	73.55407486695147	375
82.627397260274	73.5566757097635	376
78.9479452054795	73.55599223273671	377
