y	y_hat	y_index
83.8205479452055	73.54150299790983	93
75.0342465753425	73.53940220858337	94
77.4808219178082	73.54074273273139	95
