y	y_hat	y_index
76.0424657534247	73.55540909286233	630
61.5917808219178	73.55514828249979	631
75.7424657534247	73.55724172562884	632
