y	y_hat	y_index
63.4369863013699	73.6116431628785	480
68.7287671232877	73.61164668728982	481
81.4616438356164	73.61164444434954	482
