y	y_hat	y_index
82.3698630136986	73.54182172947534	294
84.4671232876712	73.53768514643541	295
75.7643835616438	73.53901170267717	296
