y	y_hat	y_index
74.0315068493151	73.5567218227914	408
76.5150684931507	73.55773180316245	409
65.0561643835616	73.55633212883944	410
