y	y_hat	y_index
67.9671232876712	73.61164433457728	48
84.1506849315069	73.61164308341372	49
67.5671232876712	73.61164127621748	50
