y	y_hat	y_index
69.9479452054795	73.55512772729602	162
75.9671232876712	73.5562190332575	163
81.4821917808219	73.55601614675673	164
