y	y_hat	y_index
65.8616438356164	73.61202818182161	69
73.2753424657534	73.61123461707577	70
79.3780821917808	73.61074810400626	71
