y	y_hat	y_index
71.2808219178082	73.56880810474479	730
76.0232876712329	73.56892040292442	731
