y	y_hat	y_index
76.8506849315069	73.55989602175988	699
77.1630136986301	73.55527642240942	700
70.4534246575342	73.55747259627938	701
