y	y_hat	y_index
59.6616438356164	73.60818576849191	345
87.6534246575342	73.61163056778904	346
70.5123287671233	73.61060275536073	347
