y	y_hat	y_index
88.7369863013699	73.54064064323566	384
75.8534246575342	73.54053709036866	385
87.758904109589	73.5396102577163	386
