y	y_hat	y_index
78.0616438356164	73.55616356974308	417
69.9986301369863	73.55616545404584	418
80.2712328767123	73.5561628986017	419
