y	y_hat	y_index
69.9835616438356	73.65476300794833	0
72.5561643835616	73.65269255820229	1
71.3616438356164	73.65128678837894	2
