y	y_hat	y_index
61.0424657534247	73.60940075657415	444
68.058904109589	73.60899642455556	445
74.9260273972603	73.61142179251512	446
