mae_mean	mae_single
5.923493983404042	5.892103644054819
