mae_mean	mae_single
5.1560666017057395	5.191464130667403
