mae_mean	mae_single
4.445498513441398	4.481025430375395
