mae_mean	mae_single
6.023096644469362	6.290260250274912
