mae_mean	mae_single
6.066380580491518	6.0785769588359875
