mae_mean	mae_single
5.961332076675857	5.976011745514025
