mae_mean	mae_single
4.845585537567607	4.836730793838219
