mae_mean	mae_single
5.167706140542304	5.1728735098120024
