mae_mean	mae_single
4.635779247522839	4.635779247522839
