mae_mean	mae_single
6.022168254675297	6.018958633573681
