mae_mean	mae_single
5.589377056018818	5.688479421366508
