mae_mean	mae_single
4.965211784468472	4.9784332056482326
