mae_mean	mae_single
5.063669159648599	5.070458159074008
