mae_mean	mae_single
5.123979735625752	5.116231020808082
