mae_mean	mae_single
5.0552726692631245	5.190331107106699
