mae_mean	mae_single
4.903792177579717	5.239244059703035
