mae_mean	mae_single
5.139301564123714	5.096721833607914
