mae_mean	mae_single
5.227626448884824	5.248551844173207
