mae_mean	mae_single
5.686081192301102	5.668361622356687
