mae_mean	mae_single
6.061068813383899	5.927101494949602
