mae_mean	mae_single
5.802254403994504	5.819055544635489
