mae_mean	mae_single
4.596636060091721	4.532358510416885
