mae_mean	mae_single
5.5462284393410695	5.5624663779176196
