mae_mean	mae_single
5.683825691129632	5.668688786000361
