mae_mean	mae_single
5.083246954703579	5.083568953096517
