mae_mean	mae_single
5.297422354322542	5.279928587842548
