mae_mean	mae_single
5.367745945478672	5.378184388307175
