mae_mean	mae_single
4.308332273764735	4.308332273764735
