mae_mean	mae_single
4.402139277171035	4.784629581742243
