mae_mean	mae_single
4.211918818383874	4.063951294439968
