mae_mean	mae_single
5.46197960944215	5.47370131764001
