mae_mean	mae_single
4.978610816137978	4.852595594924388
