mae_mean	mae_single
5.939737334149183	5.8271973494466724
