mae_mean	mae_single
5.357894024294049	5.316109997361879
