mae_mean	mae_single
4.877195887690507	4.937575785018672
