mae_mean	mae_single
4.429616369140112	4.4525007011542
