mae_mean	mae_single
5.543041144873764	5.443029479351114
