mae_mean	mae_single
5.590277636470836	5.570175922719873
