mae_mean	mae_single
5.084397692516232	5.154709171949633
