mae_mean	mae_single
6.527785075364564	6.657936350038691
