mae_mean	mae_single
5.882422920555004	5.890583791643819
