mae_mean	mae_single
4.93244743857367	5.059339717585445
