mae_mean	mae_single
4.58254783048192	4.58254783048192
