mae_mean	mae_single
5.581758333108726	5.580286960586618
