mae_mean	mae_single
4.922029635747124	4.916827186078237
