mae_mean	mae_single
5.259171197967613	5.2885271025928
