mae_mean	mae_single
5.4071515053193435	5.360206130676706
