mae_mean	mae_single
4.756183966354208	4.702935867791778
