mae_mean	mae_single
4.771357185064195	4.7962238708526765
