mae_mean	mae_single
4.407407707502332	4.594684052636391
