mae_mean	mae_single
4.740129205858446	4.726764567913959
