mae_mean	mae_single
5.498977622487744	5.5284760619309985
