mae_mean	mae_single
4.93642963087546	4.936936187253476
