mae_mean	mae_single
4.7685109076085	4.704162178291258
