mae_mean	mae_single
6.541048775876112	6.541352830658975
