mae_mean	mae_single
5.106479299744378	5.128940771201258
