mae_mean	mae_single
4.970306964042959	4.974438690208389
