mae_mean	mae_single
6.020114648608848	5.877531272546534
