mae_mean	mae_single
5.846104886363739	5.741961921644288
