mae_mean	mae_single
5.479512197336137	5.536256783137661
