mae_mean	mae_single
5.008390722334869	5.018849938172992
