mae_mean	mae_single
5.867015442096627	5.8473536639562536
