mae_mean	mae_single
4.5540043992729355	4.55890210302757
