mae_mean	mae_single
5.183792738252873	5.125403526706635
