mae_mean	mae_single
4.776964794658128	4.910842020453345
