mae_mean	mae_single
5.018701555430525	5.048657329484855
