mae_mean	mae_single
5.855632087063333	5.8745287190025985
