mae_mean	mae_single
6.077505888839963	6.0764220154588315
