mae_mean	mae_single
4.581828179926489	4.596143065403087
