mae_mean	mae_single
4.994495827005616	4.901730540147599
