mae_mean	mae_single
5.28216171151823	5.31816705249767
