mae_mean	mae_single
5.457577203153001	5.456273333515364
