mae_mean	mae_single
5.255183726812908	5.228257226631505
