mae_mean	mae_single
5.074149399469167	5.094930283687599
