mae_mean	mae_single
5.338809551842254	5.338809551842254
