mae_mean	mae_single
4.677488870866971	4.5976741758602575
