mae_mean	mae_single
5.114133076191892	5.032950622503898
