mae_mean	mae_single
5.586609263223009	5.948205070606329
