mae_mean	mae_single
5.987439340497249	5.983287313232202
