mae_mean	mae_single
4.699897390476812	5.091287312792903
