mae_mean	mae_single
5.079000963718811	5.095443079633819
