mae_mean	mae_single
5.2417633261047465	5.253914613605713
