mae_mean	mae_single
5.6686255864694255	5.826980632239221
