mae_mean	mae_single
4.588155078708387	4.671530714416801
