mae_mean	mae_single
5.640206213221555	5.604994692901833
