mae_mean	mae_single
5.560332682640617	5.561978760171904
