mae_mean	mae_single
5.85669395483673	5.85878380656754
