mae_mean	mae_single
5.40147110129792	5.468659804736376
