mae_mean	mae_single
5.388111107184399	5.400119102858557
