mae_mean	mae_single
3.8086317303992456	3.8551780112510308
