mae_mean	mae_single
5.659102610722138	5.64702281528817
