mae_mean	mae_single
5.57845359979474	5.585674932203879
