mae_mean	mae_single
4.403770275887715	4.424795171370723
