mae_mean	mae_single
4.961462606545676	5.0393325659525186
