mae_mean	mae_single
5.503763705041096	5.489480796129845
