mae_mean	mae_single
5.715354505440283	5.437017060750757
