mae_mean	mae_single
4.379363426564516	4.430647558644343
