mae_mean	mae_single
5.830872998531348	5.80461948237569
