mae_mean	mae_single
5.992535807251364	5.988704102154698
