mae_mean	mae_single
4.691233429403574	4.698217100811438
