mae_mean	mae_single
5.8184197998527365	5.820696099968847
