mae_mean	mae_single
5.9600671944754415	5.9600671944754415
