mae_mean	mae_single
6.388709585962627	6.089649672792432
