mae_mean	mae_single
4.693750020635279	4.894076267985585
