mae_mean	mae_single
5.333879618556223	5.327449110027969
