mae_mean	mae_single
5.895742859477212	5.886822814979701
