mae_mean	mae_single
5.705286361927584	5.664148405532718
