mae_mean	mae_single
5.681384638292524	5.645566452581535
