mae_mean	mae_single
5.473133773860579	5.4614368436342895
