mae_mean	mae_single
4.692826892577603	4.68615076381187
