mae_mean	mae_single
5.641735878415821	5.641885821398592
