mae_mean	mae_single
4.993353826881088	5.119427533565982
