mae_mean	mae_single
5.341667774793097	5.375901837629152
