mae_mean	mae_single
4.780699336211353	4.830667542487748
