mae_mean	mae_single
4.916982179992014	4.940776459167681
