mae_mean	mae_single
5.409059560486772	5.3134348201004595
