mae_mean	mae_single
5.246278614246267	5.222658612838719
