mae_mean	mae_single
5.900861775238537	5.9392627241639175
