{"gamma_mean": 9.382115911481399e-08, "c_mean": 3323.42818416923, "mae_mean": 4.79698995576045, "gamma_single": 4e-07, "c_single": 3323.42818416923, "mae_single": 3.919551932541107}