mae_mean	mae_single
4.281027197496635	4.538250095735394
