mae_mean	mae_single
5.611931779163681	5.903140656469958
