mae_mean	mae_single
4.9048572812606865	4.98241933358951
