mae_mean	mae_single
4.853881747634205	4.888568532539461
