mae_mean	mae_single
6.186614547428381	6.258836364827642
