mae_mean	mae_single
6.321523998897593	6.342398408849957
