mae_mean	mae_single
5.7055533845320126	5.693763546070819
