mae_mean	mae_single
5.131486322941779	5.1745988185689535
