mae_mean	mae_single
6.203235639256981	6.167649491105125
