mae_mean	mae_single
6.211436462938236	6.213987077598582
