mae_mean	mae_single
4.903790136581627	4.6400320394548595
