mae_mean	mae_single
4.50835069103508	4.753160470239355
