mae_mean	mae_single
4.996334248048235	4.995193252712728
