mae_mean	mae_single
5.742638418122512	5.791522184234336
