mae_mean	mae_single
6.072327922665962	6.231153871243997
