mae_mean	mae_single
5.332053519861229	5.4322958933690595
