mae_mean	mae_single
4.868015948411632	4.838266665810191
