mae_mean	mae_single
4.871222944468779	4.8661494964449
