mae_mean	mae_single
5.706367641629461	5.712202140230414
