mae_mean	mae_single
4.7191872290122525	4.784532141557351
