mae_mean	mae_single
5.643452097962847	5.629467110577329
