mae_mean	mae_single
5.260090862265431	5.125474078231049
