mae_mean	mae_single
5.859231945432608	5.996852648548141
