mae_mean	mae_single
5.253568475871535	5.2575947575208
