mae_mean	mae_single
5.4604757561221655	5.4196105277629805
