mae_mean	mae_single
5.329513675461528	5.317292030662396
