mae_mean	mae_single
5.601523166453683	5.522652185423403
