mae_mean	mae_single
4.522765595128598	4.613362038412748
