mae_mean	mae_single
5.644761197714176	5.727082740478149
