mae_mean	mae_single
5.20155381183135	5.2010804288827375
