mae_mean	mae_single
5.06531374448264	5.077156422843966
