mae_mean	mae_single
5.002903181186426	5.010121540368663
