mae_mean	mae_single
5.262262356844528	5.243431209084274
