mae_mean	mae_single
6.065820712822687	6.299513074968973
