mae_mean	mae_single
4.3189715420475325	4.35172747050458
