mae_mean	mae_single
4.879218121778963	4.8372948540106595
