mae_mean	mae_single
5.7936664210763125	5.899726853804713
