mae_mean	mae_single
5.027231194970273	5.04713854602083
