mae_mean	mae_single
4.911527449706645	4.911645698847024
