mae_mean	mae_single
5.237026824146409	5.27027344121138
