mae_mean	mae_single
4.674281257738488	4.722545383638095
