mae_mean	mae_single
5.07230431694073	5.037987417425489
