mae_mean	mae_single
5.618301537642718	5.575308726246172
