mae_mean	mae_single
5.961664911855067	5.96697058937005
