mae_mean	mae_single
4.455616950245735	4.449047520036237
