mae_mean	mae_single
5.523887257624621	5.633090256369909
