mae_mean	mae_single
4.914439001505946	4.829792253528322
