mae_mean	mae_single
4.5468187832891145	4.583366029885025
