mae_mean	mae_single
4.880546345915827	5.069241696207291
