mae_mean	mae_single
4.4776350858258755	4.540250101260659
