mae_mean	mae_single
5.946112391814134	5.98171331443903
