mae_mean	mae_single
5.394598457220459	5.3619004177817
