mae_mean	mae_single
4.642653499272622	4.93010507486497
