mae_mean	mae_single
4.453259664552948	4.552804333152224
