mae_mean	mae_single
5.257932269954232	5.792721915638896
