mae_mean	mae_single
4.821661238093168	4.883280659435601
