mae_mean	mae_single
5.734956556274304	5.7248925231360115
