mae_mean	mae_single
4.833859314344886	4.699611264250664
