mae_mean	mae_single
4.957224836919806	5.4986556801558235
