mae_mean	mae_single
4.972183963230862	5.41042265423745
