{"alpha_mean": 0.002654605561975539, "alpha_single": 1e-06, "mae_mean": 5.418449260834013, "mae_single": 3.771184165409626}