mae_mean	mae_single
5.671058623508404	5.6764777926976855
