mae_mean	mae_single
5.362570943495002	5.817255031774395
