mae_mean	mae_single
4.568106310821747	4.557927032701383
