mae_mean	mae_single
5.280339273771577	5.32532273449006
