mae_mean	mae_single
4.870508758352304	4.870508758352304
