mae_mean	mae_single
5.518547519399284	5.425310743092868
