mae_mean	mae_single
5.775163351337963	5.791116395746985
