mae_mean	mae_single
5.737671699824504	5.737755404014229
