mae_mean	mae_single
4.387966510064515	4.568799887484002
