mae_mean	mae_single
5.802003860168085	5.824057026710455
