mae_mean	mae_single
4.146436072149665	4.142406897482702
