mae_mean	mae_single
5.353109541304844	5.358620721755141
