mae_mean	mae_single
4.4167136361310355	4.449670875630019
