mae_mean	mae_single
5.839201137837884	6.057116872963528
