mae_mean	mae_single
5.583361546947582	5.5634296542183135
