mae_mean	mae_single
5.1591871959484354	5.337315290883297
