mae_mean	mae_single
5.077306105605823	5.745958755491192
