mae_mean	mae_single
5.796268034397767	5.6253969845108065
