mae_mean	mae_single
4.390100280435776	4.428812385469845
