mae_mean	mae_single
5.194760502831852	5.163401920769847
