mae_mean	mae_single
5.00889870122036	5.185891085027946
