mae_mean	mae_single
4.609601104734351	4.62947603823015
