mae_mean	mae_single
4.922194658599817	4.827139078757329
