mae_mean	mae_single
5.829944737130236	5.833003257842053
