mae_mean	mae_single
4.131582938501218	4.400608725259263
