mae_mean	mae_single
5.3501307692412565	5.456770323355106
