mae_mean	mae_single
5.538883300068991	5.778471930106429
