mae_mean	mae_single
4.862764046997655	5.206319231314
