mae_mean	mae_single
5.382607088484968	5.613140012487242
