mae_mean	mae_single
5.7327263237040285	5.759607368568894
