mae_mean	mae_single
5.019229354508323	4.9975147509003115
