mae_mean	mae_single
4.465645440517542	4.4625383432206815
