mae_mean	mae_single
5.404567361829507	5.571000966199809
