mae_mean	mae_single
4.889342078937827	4.954031784038299
