mae_mean	mae_single
4.547262333016574	4.56643630472149
