mae_mean	mae_single
5.203558536336986	5.214385267959702
