mae_mean	mae_single
4.902945672795134	4.976747268233479
