mae_mean	mae_single
5.100757734289997	5.107336061903967
