mae_mean	mae_single
5.147529954573772	5.147529954573772
