mae_mean	mae_single
5.473915539072683	5.515945191949423
