mae_mean	mae_single
5.688471363666019	5.835359695801596
