mae_mean	mae_single
5.191732146907935	5.207958664747475
