mae_mean	mae_single
5.8471448948526925	5.848462688365701
