mae_mean	mae_single
5.686955588297405	5.607923781657119
