mae_mean	mae_single
4.844618149781861	4.833774362274622
