mae_mean	mae_single
5.045102816494056	5.159277560747106
