mae_mean	mae_single
5.416871614006836	5.587866782343456
