mae_mean	mae_single
4.770282206368305	4.735680782067256
