mae_mean	mae_single
5.554526344992393	5.559934982809963
