mae_mean	mae_single
5.251170754325579	5.24585579364173
