mae_mean	mae_single
5.551728197075932	5.567684798501902
