mae_mean	mae_single
4.3351960047444935	4.395099876790197
