mae_mean	mae_single
5.199847141118458	5.186438248842481
