mae_mean	mae_single
6.01380906254736	6.011558210644645
