mae_mean	mae_single
5.47955182509793	5.530284271849237
