mae_mean	mae_single
5.12813491475208	5.127291357752039
