mae_mean	mae_single
5.416739643140385	5.4134048211915236
