mae_mean	mae_single
5.7325076381101585	5.7325076381101585
