mae_mean	mae_single
5.49479716367139	5.446362570565321
