mae_mean	mae_single
5.223126580397316	5.208148681960901
