mae_mean	mae_single
5.086694567388177	5.040508967157867
