mae_mean	mae_single
5.121040811226698	4.8925003557189415
