mae_mean	mae_single
5.200872459470325	5.194457680666491
