mae_mean	mae_single
4.3841989771915895	4.296350423686346
