mae_mean	mae_single
5.210323034364573	5.205212722567212
