mae_mean	mae_single
5.600492205816301	5.6845060889311005
