mae_mean	mae_single
5.040338153370145	5.082180659564084
