mae_mean	mae_single
5.240829534980091	5.276809818009715
