mae_mean	mae_single
4.919044991724415	5.117807035093073
