mae_mean	mae_single
5.435768987972395	5.726080453820531
