mae_mean	mae_single
5.5009216502568306	5.307464879291412
