mae_mean	mae_single
4.897378290210478	4.817670008221948
