mae_mean	mae_single
4.79424130717039	4.890834485932643
