mae_mean	mae_single
5.132117049349061	5.108102375147399
