mae_mean	mae_single
5.346352682140335	5.235500590798924
