mae_mean	mae_single
4.631511302509577	4.586681318027187
