mae_mean	mae_single
5.367787411318105	5.394138019039944
