mae_mean	mae_single
5.262180748665882	5.1642746067253285
