mae_mean	mae_single
4.294219709184797	4.218025062500879
