mae_mean	mae_single
5.676901615773248	5.885880677444399
