mae_mean	mae_single
5.82449172421048	5.798258525711289
