mae_mean	mae_single
4.656201906829233	4.760847204088521
