mae_mean	mae_single
5.42471628175622	5.41417043007707
