mae_mean	mae_single
5.924085648536561	5.9055891393730855
