mae_mean	mae_single
5.752233233674737	5.655015354263165
