mae_mean	mae_single
5.605364479320816	5.605364479320816
