mae_mean	mae_single
5.526036031176659	5.527900101852601
