mae_mean	mae_single
4.886518997412343	4.944520344720556
