mae_mean	mae_single
5.146738971552035	5.377119318098914
