mae_mean	mae_single
4.758119433933078	4.758119433933078
