mae_mean	mae_single
6.194384156258147	6.19458543804797
