mae_mean	mae_single
5.246150541147196	5.142979308321208
