mae_mean	mae_single
5.384582472892134	5.357452332896803
