mae_mean	mae_single
6.054232198914418	6.053040890603878
