{"c_mean": 1.332907464231338, "c_single": 100.0, "mae_mean": 5.5641867177153, "mae_single": 3.8655196373787133}