mae_mean	mae_single
5.687909056662758	5.991223426239935
