mae_mean	mae_single
4.734531489283079	4.727119648238799
