mae_mean	mae_single
5.596649611962629	5.607342692039809
