mae_mean	mae_single
5.019059293282497	5.309996806609627
