mae_mean	mae_single
5.35977440098421	5.299107793686864
