mae_mean	mae_single
5.441839075127081	5.323394280833129
