mae_mean	mae_single
5.684764167725011	5.656259314432736
