mae_mean	mae_single
5.801747603473405	5.694645821624121
