mae_mean	mae_single
5.753356598183245	5.6776330482030435
