mae_mean	mae_single
4.961865753442317	4.918243963132769
