mae_mean	mae_single
4.512464921664877	4.529838413502113
