mae_mean	mae_single
6.604963286392352	6.719661571196838
