mae_mean	mae_single
5.9971390770198765	5.990625242485369
