mae_mean	mae_single
4.219176152514152	4.1503818557364935
