mae_mean	mae_single
2.813444360243944	2.6802145535382778
