mae_mean	mae_single
6.20086033204629	5.753707840018691
