mae_mean	mae_single
6.0400874226786145	5.194839119643508
