mae_mean	mae_single
3.844854675343811	4.60497921444617
