mae_mean	mae_single
5.834731329152919	5.751873024771638
