mae_mean	mae_single
3.978392632972929	4.032884729461493
