mae_mean	mae_single
4.999713125661839	4.999713125661839
