mae_mean	mae_single
4.435833214951653	3.859886597866146
