mae_mean	mae_single
0.7354417162565644	0.897422814317982
