mae_mean	mae_single
2.4095304068732446	2.2694243826999525
