mae_mean	mae_single
10.754901985873024	11.089580008920947
