mae_mean	mae_single
7.107363958180362	7.594741286531634
