mae_mean	mae_single
3.3798253868846118	3.2192752261760353
