mae_mean	mae_single
7.250228322304217	7.69522847364139
