mae_mean	mae_single
5.719413213901892	6.037799746547496
