mae_mean	mae_single
1.1204120353419331	1.259010244262645
