mae_mean	mae_single
0.8698530086680497	0.8698530086680497
