mae_mean	mae_single
3.3979525155238974	2.6202387283855537
