mae_mean	mae_single
4.982910149692013	5.460330909655798
