mae_mean	mae_single
5.9852562438426204	6.135186780301076
