mae_mean	mae_single
1.5053309279463132	1.0130251617679278
