mae_mean	mae_single
7.5842956530976595	7.634770942824697
