mae_mean	mae_single
3.7901118889261056	3.4864888330984294
