mae_mean	mae_single
3.073745188050381	3.032108362885239
