mae_mean	mae_single
7.61903675478959	7.163853568055724
