mae_mean	mae_single
1.633549470776174	1.581644724247468
