mae_mean	mae_single
6.2950238289528	6.030792561133272
