mae_mean	mae_single
2.300332916380924	2.112073378050283
