mae_mean	mae_single
5.880956465942245	5.880956465942245
