mae_mean	mae_single
8.227585668352106	8.35426862223494
