mae_mean	mae_single
5.923467860105646	5.923467860105646
