mae_mean	mae_single
4.393133127713	4.0123339142083365
