mae_mean	mae_single
3.2759849340603844	4.068206778772638
