mae_mean	mae_single
3.104426899198979	2.877173639992345
