mae_mean	mae_single
5.5636045816327835	5.313748228552494
