mae_mean	mae_single
3.7370398282001056	4.24428708999216
