mae_mean	mae_single
5.021233236894943	4.596311855408973
