mae_mean	mae_single
2.086227808852385	1.887660476047614
