mae_mean	mae_single
3.5810929502990327	3.4191880765518996
