mae_mean	mae_single
4.444796247331934	4.002246519006043
