mae_mean	mae_single
0.4771309244332045	1.2976560280356395
