mae_mean	mae_single
4.754022020746234	4.698849475294177
