mae_mean	mae_single
1.7664180116336798	1.5933307327637347
