mae_mean	mae_single
8.287567616564553	8.52163415511493
