mae_mean	mae_single
8.343711085208945	8.45048470611974
