mae_mean	mae_single
1.4927081681264696	1.2101887496519435
