mae_mean	mae_single
5.433020212907802	4.744187321318364
