mae_mean	mae_single
5.415578764807914	5.538566720208952
