mae_mean	mae_single
3.10201216762569	3.1391115293419936
