mae_mean	mae_single
1.2074772110142504	1.332826954886201
