mae_mean	mae_single
5.3541604392813085	5.731963028147919
