mae_mean	mae_single
4.082559012964921	4.021833029427768
