mae_mean	mae_single
4.5216268302551486	4.5216268302551486
