mae_mean	mae_single
5.754564171344853	6.3340680151525435
