mae_mean	mae_single
4.944766930419523	4.839999030982601
