mae_mean	mae_single
3.221560969073124	3.540659952180974
