mae_mean	mae_single
4.319362788952603	4.187000799192252
