mae_mean	mae_single
2.412051222390668	2.4357001622555097
