mae_mean	mae_single
3.310566113341674	3.632342088221771
