mae_mean	mae_single
5.70061098153617	5.712897401631544
