mae_mean	mae_single
1.1219459598943615	1.9135753094849335
