mae_mean	mae_single
8.272408479920315	8.356634641934564
