mae_mean	mae_single
8.634850753090353	8.647267734675992
