mae_mean	mae_single
7.349134361508689	6.9318861235981
