mae_mean	mae_single
2.2878446342109697	2.5458937696216375
