mae_mean	mae_single
2.8447922197162776	4.800727961451263
