mae_mean	mae_single
1.8601882253068378	1.5326934636064873
