mae_mean	mae_single
2.765816038991588	2.8484023353280556
