mae_mean	mae_single
6.7599297157518405	6.231678610884839
