mae_mean	mae_single
8.162419387848402	7.582065940282779
