mae_mean	mae_single
1.4308792051177928	0.8542704335334245
