mae_mean	mae_single
5.20481600538379	4.783873087926589
