mae_mean	mae_single
8.477342613837289	8.824544609490625
