mae_mean	mae_single
5.56162217779513	5.304246506610409
