mae_mean	mae_single
6.279448532015081	6.687022852186426
