mae_mean	mae_single
3.92592144382211	4.287279165073883
