mae_mean	mae_single
2.1521383202184126	3.588228185784127
