mae_mean	mae_single
2.1911442636252807	3.3323011693529785
