mae_mean	mae_single
3.5160039207083926	3.5160039207083926
