mae_mean	mae_single
12.244946206945066	11.340902230162913
