mae_mean	mae_single
6.153522022132596	5.892169830437244
