mae_mean	mae_single
3.519830763094099	3.3562214527531915
