mae_mean	mae_single
1.6096940944879254	1.6908199632950744
