mae_mean	mae_single
3.2346383610496994	3.642675627872085
