mae_mean	mae_single
5.329170627719314	5.723129220982067
