mae_mean	mae_single
0.49137585758812463	1.8466798412344712
