mae_mean	mae_single
4.613771102417114	4.302627510882857
