mae_mean	mae_single
5.451092793135544	5.489921618250122
