mae_mean	mae_single
4.477310764047563	5.367623024505647
