mae_mean	mae_single
7.75694440418975	8.42349217389449
