mae_mean	mae_single
7.734800529962764	8.032461287658075
