mae_mean	mae_single
4.604656336358299	4.6856147318265995
