mae_mean	mae_single
5.53604587504653	6.319628235566223
