mae_mean	mae_single
2.4590805067599746	2.9229630136640927
