mae_mean	mae_single
5.6988288951054145	6.2953249519267445
