mae_mean	mae_single
3.568146355172606	4.135417832646486
