mae_mean	mae_single
5.008599116423373	5.373806429561498
