mae_mean	mae_single
4.401332052134023	4.555553141582455
