mae_mean	mae_single
4.164526957794966	4.309990849112239
