mae_mean	mae_single
5.44448111802392	5.1941476470170755
