mae_mean	mae_single
5.639565287389947	5.719242485200894
