mae_mean	mae_single
2.658252584067943	3.3065644018468228
