mae_mean	mae_single
8.766963323089039	8.1733471741573
