mae_mean	mae_single
1.768498948275384	1.7643926319355312
