mae_mean	mae_single
5.277690200231835	5.728794477035545
