mae_mean	mae_single
4.1924474803404665	4.5768026823739945
