mae_mean	mae_single
5.679708366283992	5.9408616068623985
