mae_mean	mae_single
5.559095522825629	5.5401957308302014
