mae_mean	mae_single
2.048071506677701	2.1206462591259125
