mae_mean	mae_single
3.8494459408581982	2.966147858289375
