mae_mean	mae_single
4.833755302072589	4.917212116882212
