mae_mean	mae_single
1.8765622913262305	2.6587148904953537
