mae_mean	mae_single
4.817151223526001	6.762333360698463
