mae_mean	mae_single
1.7667330096299168	1.20225352683462
