mae_mean	mae_single
2.5441570012351113	1.9124465066035963
