mae_mean	mae_single
0.8651646756833173	2.0513748363071094
