mae_mean	mae_single
2.7634009005226736	2.862772373548798
