mae_mean	mae_single
4.051580684444635	4.243017975470475
