mae_mean	mae_single
5.185805946058731	3.8366942792880585
