mae_mean	mae_single
3.2251422059124075	3.8792046928666153
