mae_mean	mae_single
4.029457029413071	4.192491701387145
