mae_mean	mae_single
5.498626222048988	6.087779313303936
