mae_mean	mae_single
2.15387188209548	1.8790109349784672
