mae_mean	mae_single
2.787852134314202	3.574065666681998
