mae_mean	mae_single
0.7125952261026024	1.1295502731802856
