mae_mean	mae_single
2.843709940747241	2.6247489288947414
