mae_mean	mae_single
3.857796274904672	3.0290254032441246
