mae_mean	mae_single
3.4452942895680017	3.712597058054442
