mae_mean	mae_single
5.971693144179703	5.589906592482765
