mae_mean	mae_single
2.5583869030022064	2.434689032727069
