mae_mean	mae_single
1.1469511838764437	0.7180639935476592
