mae_mean	mae_single
2.883403900953771	3.0190170266538274
