mae_mean	mae_single
3.0535670446378376	4.610065156692258
