mae_mean	mae_single
5.401989280973834	5.015897594626833
