mae_mean	mae_single
5.755608376080133	4.757623031193579
