mae_mean	mae_single
0.9508395995433242	1.006755791271786
