mae_mean	mae_single
3.0362010319710513	3.6675127905530283
