mae_mean	mae_single
3.1438622034073944	3.331089397411141
