mae_mean	mae_single
1.2904278270461635	1.8442010556448831
