mae_mean	mae_single
2.894596330291018	2.8059685580011546
