mae_mean	mae_single
4.408666847213425	4.4079390994343015
