mae_mean	mae_single
7.634196428081164	8.555303177530144
