mae_mean	mae_single
1.7646004172297627	1.9688425163863077
