mae_mean	mae_single
2.542246399548624	2.542246399548624
