mae_mean	mae_single
3.2266751700502	2.9717396606059148
