mae_mean	mae_single
4.670334597226187	4.533826580666589
