mae_mean	mae_single
2.2852155688188796	3.6055983959775326
