mae_mean	mae_single
1.2346354470005565	1.538673153082911
