mae_mean	mae_single
4.000664559658408	3.612114992115186
