mae_mean	mae_single
3.828751560937197	4.445312856713092
