mae_mean	mae_single
1.1415103619430578	1.377954250607137
