mae_mean	mae_single
4.2434140723132145	4.238092844102378
