mae_mean	mae_single
5.3975798466541365	5.305757011578026
