mae_mean	mae_single
2.7874900599803376	3.1429140309709283
