mae_mean	mae_single
2.5242896695178794	2.342358000764994
