mae_mean	mae_single
5.775183068492329	4.52170104113587
