mae_mean	mae_single
2.737978322178369	3.1436305199603205
