mae_mean	mae_single
5.4664746136157945	5.787260777568579
