mae_mean	mae_single
6.454742552455689	6.456625341779708
