mae_mean	mae_single
9.779938259018147	11.071285868964893
