mae_mean	mae_single
3.0576984753581513	3.407212606950727
