mae_mean	mae_single
3.3267577909619255	2.721665775541292
