mae_mean	mae_single
2.4753486709793244	2.763364903526503
