mae_mean	mae_single
6.513794178203061	6.257045246029496
