mae_mean	mae_single
5.24912546256851	6.206554788055409
