mae_mean	mae_single
6.3884037873217165	7.009894323972887
