mae_mean	mae_single
4.75225242368479	4.725051683243758
