mae_mean	mae_single
4.535699782284719	4.344994266628622
