mae_mean	mae_single
4.991944422043457	5.489709981596614
