mae_mean	mae_single
5.039779168611162	4.86622324531191
