mae_mean	mae_single
3.1148233166643706	2.6939625560322753
