mae_mean	mae_single
3.2599579225519406	3.096737516072686
