mae_mean	mae_single
6.146058556417638	5.769012032795985
