mae_mean	mae_single
3.126423446985678	0.9687385681348198
