mae_mean	mae_single
5.768216487507142	5.949343349635527
