mae_mean	mae_single
5.256544451779739	5.210363046395976
