mae_mean	mae_single
5.522021651392724	5.69778877724949
