mae_mean	mae_single
4.078205881784939	4.926073859647559
