mae_mean	mae_single
6.2184422258369905	7.033112783347704
