mae_mean	mae_single
6.175871978426741	6.221782846259894
