mae_mean	mae_single
3.901940217065629	4.018232781546748
