mae_mean	mae_single
5.167095617755204	3.7216823764576454
