mae_mean	mae_single
5.061673876933095	5.219532740320129
