mae_mean	mae_single
5.632401881664293	5.587437612573718
