mae_mean	mae_single
4.852177705281868	4.775350481280135
