mae_mean	mae_single
3.9985334057961475	4.730416800365329
