mae_mean	mae_single
3.1724420956951085	3.654949810264507
