mae_mean	mae_single
4.595619052600692	4.936706585513794
