mae_mean	mae_single
4.686896250926973	4.687876995086242
