mae_mean	mae_single
5.1601881514889385	4.836234254617973
