mae_mean	mae_single
0.48679413127805543	0.7960180156620519
