mae_mean	mae_single
7.765678456521073	8.042853759364798
