mae_mean	mae_single
2.7555233606320733	2.2139907272097616
