mae_mean	mae_single
2.7527063200299864	2.868716058628768
