mae_mean	mae_single
5.061218089749694	5.072839319597688
