mae_mean	mae_single
4.39519881595118	4.460415610208614
