mae_mean	mae_single
5.299109913810331	5.517185051618886
