mae_mean	mae_single
4.487772204025743	5.394513195905503
