mae_mean	mae_single
5.396036067483799	5.372816987061779
