mae_mean	mae_single
5.443567957594425	5.741299338457066
