mae_mean	mae_single
6.2461192299909625	5.241386082475198
