mae_mean	mae_single
1.5866889699842375	1.5441422947578
