mae_mean	mae_single
3.5832970764064953	3.58912019559763
