mae_mean	mae_single
3.687227204213992	3.6496302383975276
