mae_mean	mae_single
3.4138185527355893	4.119487689282586
