mae_mean	mae_single
6.986287417286666	6.66447001874396
