mae_mean	mae_single
2.1313022288480474	2.749617841981537
