mae_mean	mae_single
2.42719762765473	2.445061081555449
