mae_mean	mae_single
4.32151798672155	4.3555806175126195
