mae_mean	mae_single
1.692658400164774	2.0047443889674668
