mae_mean	mae_single
2.5704018812989013	1.5782203341259542
