mae_mean	mae_single
2.5142565521144555	2.5142565521144555
