mae_mean	mae_single
10.090103624522406	9.58805845464869
