mae_mean	mae_single
2.778363780639547	3.4192831213651496
