mae_mean	mae_single
3.677916492042788	3.4629968646079186
