mae_mean	mae_single
3.2973057296292674	2.8848674902595186
