mae_mean	mae_single
3.9596730881177677	2.658967028465071
