mae_mean	mae_single
3.873897215325009	3.665273071189629
