mae_mean	mae_single
4.871254963976393	5.093691087384419
