mae_mean	mae_single
5.37608888622502	5.2944074543512345
