mae_mean	mae_single
2.68101876186158	2.867111693772088
