mae_mean	mae_single
2.8864118649408064	1.696922461884384
