mae_mean	mae_single
4.591589051575667	4.815471912449534
