mae_mean	mae_single
6.004921516626292	6.629724573067317
