mae_mean	mae_single
6.396103203001805	6.4590508285637895
