mae_mean	mae_single
6.345951957739378	6.370994628316538
