mae_mean	mae_single
3.8751395542380513	3.286995095038956
