mae_mean	mae_single
2.7524682182429436	2.558117319561797
