mae_mean	mae_single
1.769549549129162	2.1389976663935975
