mae_mean	mae_single
6.7232719042939495	7.30444258491417
