mae_mean	mae_single
3.9658126776445215	3.9658126776445215
