mae_mean	mae_single
6.85781840277906	6.807756360530083
