mae_mean	mae_single
8.463970913682054	8.75590582320518
