mae_mean	mae_single
5.537134608186304	5.662527645485755
