mae_mean	mae_single
2.8215778330947026	2.6906930613067317
