mae_mean	mae_single
2.258442322832669	2.450183497355558
