mae_mean	mae_single
3.1290689781753067	3.1717094629469735
