mae_mean	mae_single
4.371490933096567	2.7374188581894523
