mae_mean	mae_single
2.1231470415952267	3.300892243631272
