mae_mean	mae_single
3.3225476210199787	3.5912546205373133
