mae_mean	mae_single
3.928107647617331	4.043776466413109
