mae_mean	mae_single
1.9681115803733131	1.7533972278256964
