mae_mean	mae_single
5.5724519518707085	5.801853260911353
