mae_mean	mae_single
2.035792868207326	1.813726434583394
