mae_mean	mae_single
2.9779361498744805	2.958601184939449
