mae_mean	mae_single
7.283935116221296	7.018340742832616
