mae_mean	mae_single
4.825075929977193	5.141753762214535
