y	y_hat	y_index
68.3904109589041	72.65910022369933	633
63.8479452054794	67.94152780814319	634
76.186301369863	67.93716941276311	635
