y	y_hat	y_index
62.8698630136986	59.45497743812033	177
80.3534246575342	72.23442275172255	178
63.7506849315068	67.2804971608017	179
