y	y_hat	y_index
74.2698630136986	64.97701846952229	150
66.9780821917808	77.59159040230962	151
82.0616438356164	75.6671066210544	152
