y	y_hat	y_index
72.7835616438356	79.72047760451282	198
82.1753424657534	73.56081200373201	199
74.2671232876712	80.56748221363647	200
