y	y_hat	y_index
65.086301369863	73.02202568618661	183
69.1657534246575	63.68193758030022	184
71.6835616438356	68.06397670566452	185
