y	y_hat	y_index
73.2808219178082	75.24905344358804	468
76.3424657534247	73.93263026762516	469
77.7643835616438	74.90629690605118	470
