y	y_hat	y_index
64.5616438356164	70.24379667705617	279
71.158904109589	71.3509251437549	280
77.0643835616438	73.62527673965253	281
