y	y_hat	y_index
70.1808219178082	67.9088488041819	675
64.9561643835616	66.2024525541431	676
67.3671232876712	67.7201454846019	677
