y	y_hat	y_index
71.4671232876712	65.4149299694491	588
78.1986301369863	80.09336518939907	589
62.5698630136986	65.17094640518891	590
