y	y_hat	y_index
77.9424657534247	77.87475866929518	264
75.3808219178082	69.68901601473277	265
67.6109589041096	75.91213466968556	266
