y	y_hat	y_index
70.1534246575342	69.70397323802275	710
78.7479452054795	66.79567596089836	711
