y	y_hat	y_index
85.5397260273973	75.71656987391174	249
74.372602739726	80.88409680865686	250
67.4616438356164	68.39381874144038	251
