y	y_hat	y_index
72.8643835616438	65.42131950832784	722
73.8041095890411	69.84951585214624	723
