y	y_hat	y_index
80.9534246575342	76.23365264664687	561
79.9452054794521	83.52488555530498	562
72.3808219178082	74.8246486819651	563
