y	y_hat	y_index
88.7369863013699	84.48411524749599	384
75.8534246575342	83.52812179194595	385
87.758904109589	83.07833467273505	386
