y	y_hat	y_index
67.9479452054795	56.3237620111728	42
70.086301369863	71.97172001484563	43
82.17005428820563	80.19909167302815	44
