y	y_hat	y_index
81.7643835616438	81.01826867088458	291
88.9342465753425	77.58018431113928	292
68.7479452054795	72.98121140458882	293
