y	y_hat	y_index
85.4698630136986	79.57746348909994	724
78.7397260273973	79.36724234790252	725
