y	y_hat	y_index
62.1780821917808	68.40018652580115	318
58.9424657534247	67.42637247291714	319
65.5671232876712	70.02632359612356	320
