y	y_hat	y_index
76.1780821917808	75.02808574660017	240
80.1794520547945	76.53065529384625	241
73.6506849315069	74.14569297706731	242
