y	y_hat	y_index
74.9643835616438	76.48966508115917	696
73.8616438356164	73.77554464867093	697
75.1808219178082	76.1649352383973	698
