y	y_hat	y_index
68.5342465753425	67.59061787821634	306
78.1452054794521	70.23372940305696	307
69.458904109589	74.21089868292185	308
