y	y_hat	y_index
67.6643835616438	75.10450713330995	231
78.3698630136986	75.4250424266203	232
71.958904109589	68.55699111053138	233
