y	y_hat	y_index
88.2561643835616	76.81849147369127	99
72.158904109589	69.4994497599803	100
75.7808219178082	73.20066260881035	101
