y	y_hat	y_index
69.9835616438356	65.39858901949539	0
72.5561643835616	79.09431507497382	1
71.3616438356164	75.73980737312958	2
