y	y_hat	y_index
81.8821917808219	71.58709196622245	636
63.9753424657534	71.66310522499121	637
76.5616438356164	76.10633074020075	638
