y	y_hat	y_index
69.4753424657534	68.24926921305824	276
65.8753424657534	76.22234441641324	277
72.6452054794521	77.37119091482052	278
