y	y_hat	y_index
61.8561643835616	71.12612188264605	252
69.7780821917808	71.11258376687924	253
75.8479452054795	70.46489239650445	254
