y	y_hat	y_index
55.8671232876712	65.50824920303317	657
84.5506849315069	80.62117281673187	658
62.3821917808219	72.08238696325415	659
