y	y_hat	y_index
71.5671232876712	68.09180713659289	123
70.7616438356164	74.76574269276081	124
81.4342465753425	72.78539492489016	125
