y	y_hat	y_index
63.9821917808219	65.38180576380509	87
78.2808219178082	70.59038244593341	88
65.772602739726	73.78438222947653	89
