y	y_hat	y_index
79.5808219178082	73.69616861746569	213
68.0506849315069	66.19575926538914	214
80.1835616438356	80.97835933652418	215
