y	y_hat	y_index
72.8506849315069	70.77881322706793	660
57.1780821917808	67.11531484316124	661
63.4232876712329	58.74752549366693	662
