y	y_hat	y_index
71.2369863013699	66.47599497882702	324
63.8479452054794	67.74380430217565	325
79.6890410958904	76.56156857227754	326
