y	y_hat	y_index
70.1616438356164	68.79118162067265	669
81.0835616438356	80.79174441667246	670
59.1671232876712	62.333926129028086	671
