y	y_hat	y_index
65.8616438356164	73.45183825376698	69
73.2753424657534	76.79937235553471	70
79.3780821917808	72.50088926865307	71
