y	y_hat	y_index
65.286301369863	71.66795531509007	681
73.8438356164384	74.73443690296025	682
73.4260273972603	71.1809563419239	683
