y	y_hat	y_index
56.4835616438356	68.25670012236027	15
79.4849315068493	75.53818279573817	16
73.6328767123288	73.60538751425908	17
