y	y_hat	y_index
57.7369863013699	73.06816598058298	678
72.0013698630137	73.86793236962137	679
75.572602739726	75.12747552772001	680
