y	y_hat	y_index
59.6616438356164	72.35432988214718	345
87.6534246575342	73.13675522683427	346
70.5123287671233	75.56767924751165	347
