y	y_hat	y_index
74.4616438356164	75.45748771395039	111
69.0452054794521	74.62543246021977	112
77.5369863013699	68.99371965463807	113
