y	y_hat	y_index
77.9849315068493	84.2173341816392	414
70.7671232876712	73.93053754158798	415
71.4780821917808	68.38031824710258	416
