y	y_hat	y_index
79.2616438356164	71.56843742506022	171
79.386301369863	75.99215999701586	172
61.7808219178082	76.59802639367594	173
