y	y_hat	y_index
67.7616438356164	69.35255652425103	492
79.2890410958904	77.80514249628364	493
69.8643835616438	75.32070209564414	494
