y	y_hat	y_index
76.3397260273973	70.74020088082048	543
83.2342465753425	78.18762678120018	544
64.7561643835616	72.76534612035343	545
