y	y_hat	y_index
85.458904109589	81.9781509625658	579
65.3698630136986	73.24289382849562	580
78.5808219178082	84.99744153630492	581
