y	y_hat	y_index
76.8506849315069	82.45802701554905	699
77.1630136986301	76.72503592200786	700
70.4534246575342	72.04057580057516	701
