y	y_hat	y_index
71.6835616438356	76.79102189119361	156
77.872602739726	84.97560953031908	157
70.7671232876712	69.86311752633257	158
