y	y_hat	y_index
71.8698630136986	64.28561161066668	204
62.7616438356164	67.1348921975775	205
85.8753424657534	86.88239666092502	206
