y	y_hat	y_index
69.0561643835616	67.53432537154353	216
59.4041095890411	67.03200799094792	217
73.4232876712329	78.53030752836239	218
