y	y_hat	y_index
68.872602739726	70.87532453261578	270
78.2671232876712	72.4735139288511	271
71.158904109589	72.74977989240506	272
