y	y_hat	y_index
83.8205479452055	79.1801075833438	93
75.0342465753425	75.60252193673712	94
77.4808219178082	74.43141868097457	95
