y	y_hat	y_index
83.0164383561644	71.12713295134097	426
72.8671232876712	69.65552934264433	427
74.9616438356164	77.12443699980065	428
