y	y_hat	y_index
68.2808219178082	76.12109825421079	627
80.5767123287671	79.42461277727229	628
74.2643835616438	75.16392486263419	629
