y	y_hat	y_index
84.2205479452055	74.13093850826347	210
72.3534246575342	72.11727725584784	211
79.672602739726	74.1010298369234	212
