y	y_hat	y_index
76.0424657534247	72.00208319556646	630
61.5917808219178	68.08362908090756	631
75.7424657534247	75.769727225859	632
