y	y_hat	y_index
65.4931506849315	69.57649050652539	228
73.3301369863014	65.66857733495603	229
68.2506849315069	68.50138567595609	230
