y	y_hat	y_index
79.1986301369863	75.16104690673285	135
74.7835616438356	73.68186280786587	136
71.8890410958904	72.33032370558774	137
