y	y_hat	y_index
79.5657534246575	77.28530749845062	372
75.2452054794521	71.45628672434013	373
80.9849315068493	77.12259784814313	374
