y	y_hat	y_index
73.9808219178082	79.56971385801043	96
84.0424657534247	74.29041806162553	97
75.572602739726	73.60889290920596	98
