y	y_hat	y_index
82.3958904109589	86.2528716429112	273
74.7342465753425	75.22879493009447	274
72.158904109589	79.01849400748505	275
