y	y_hat	y_index
69.3534246575342	77.59206804009324	315
81.0150684931507	73.72007426619219	316
60.6232876712329	67.94676032608413	317
