y	y_hat	y_index
71.0041095890411	62.58721755299396	528
76.4753424657534	78.87722975515878	529
68.4643835616438	71.90767029842999	530
