y	y_hat	y_index
77.658904109589	72.12681544947435	132
75.7808219178082	76.33896132678242	133
77.5698630136986	77.93604990526495	134
