y	y_hat	y_index
73.6780821917808	73.30475897301085	255
72.5534246575342	69.52237987387055	256
72.3643835616438	68.54016034345767	257
