y	y_hat	y_index
61.0178082191781	63.51325160351765	507
78.4780821917808	73.40855465979236	508
77.2479452054795	80.71672376527987	509
