y	y_hat	y_index
71.4753424657534	68.99274558000344	600
74.6616438356164	75.61179255460661	601
76.0095890410959	74.1421356169463	602
