y	y_hat	y_index
78.5369863013699	73.44022688213309	642
67.9986301369863	67.44470385300757	643
56.272602739726	65.23568192843963	644
