y	y_hat	y_index
86.4643835616438	73.95780061237403	201
69.7808219178082	69.88218304160269	202
75.7835616438356	78.00991836202991	203
