y	y_hat	y_index
76.4410958904109	77.1983043974886	282
66.9931506849315	75.71021013961133	283
79.5643835616438	81.46045126666459	284
