y	y_hat	y_index
80.3013698630137	76.08615770365013	531
73.0534246575342	80.16667352623062	532
69.1986301369863	73.48461712507766	533
