y	y_hat	y_index
55.8479452054794	73.47958772031026	510
77.0383561643836	76.6186640128955	511
72.3232876712329	79.30308626054077	512
