y	y_hat	y_index
73.558904109589	69.98003284331325	369
65.086301369863	75.53583070299841	370
70.6671232876712	68.34224550767573	371
