y	y_hat	y_index
71.9671232876712	64.29677337076075	81
69.7095890410959	65.7347835617665	82
69.2260273972603	70.3111142179601	83
