y	y_hat	y_index
66.7328767123288	68.85337696613777	189
80.5041095890411	73.67495919307707	190
59.9506849315068	64.77580143646081	191
