y	y_hat	y_index
65.2657534246575	68.87945195418085	36
77.6616438356164	70.85726462970474	37
67.958904109589	74.45952223632383	38
