y	y_hat	y_index
77.9342465753425	68.47055415627736	687
66.4232876712329	66.3253691334317	688
80.6397260273973	73.95460068983989	689
