y	y_hat	y_index
73.9424657534247	78.311495251267	390
71.9041095890411	74.14762496975334	391
70.8260273972603	70.01252626287688	392
