y	y_hat	y_index
71.8452054794521	77.27962706315962	402
80.1986301369863	75.41887458225705	403
78.3561643835616	69.83198383202549	404
