y	y_hat	y_index
57.0643835616438	63.74755969436959	582
87.2232876712329	76.91567851217614	583
82.7671232876712	74.9406831396928	584
