y	y_hat	y_index
86.3630136986301	87.24887872678721	51
82.672602739726	82.10275160928342	52
71.6808219178082	74.70323026358791	53
