y	y_hat	y_index
77.9479452054795	77.55325642980742	405
67.3671232876712	71.06484708181095	406
65.5315068493151	74.61849366264227	407
