y	y_hat	y_index
66.7369863013699	71.06700834496495	663
58.772602739726	71.30379689500336	664
63.0	65.327093410133	665
