y	y_hat	y_index
73.7452054794521	77.29747557952517	450
69.6534246575342	72.98124714590277	451
77.1232876712329	75.34414466485212	452
