y	y_hat	y_index
61.8616438356164	62.59538717189864	474
68.1561643835616	70.09238108603812	475
76.2698630136986	71.65823016949317	476
