y	y_hat	y_index
66.4369863013699	64.25347875678133	712
65.5671232876712	69.67134014989742	713
