y	y_hat	y_index
69.5534246575342	70.70668120599316	30
71.3808219178082	71.8539380391758	31
60.6616438356164	65.40471229057552	32
