y	y_hat	y_index
58.1808219178082	74.77745490119784	435
61.7849315068493	68.58226012783176	436
76.0561643835616	74.05821324688753	437
