y	y_hat	y_index
72.3616438356164	68.24880037764916	147
73.5780821917808	72.93915604709632	148
84.4452054794521	76.962357436749	149
