y	y_hat	y_index
78.3452054794521	77.76679157040255	303
63.5232876712329	70.95241241123719	304
79.3643835616438	72.18826794144857	305
