y	y_hat	y_index
88.5698630136986	75.24066247635294	261
76.8657534246575	76.91090983770911	262
87.7698630136986	78.24163067985238	263
