y	y_hat	y_index
63.0808219178082	65.2829784158277	54
61.558904109589	78.03801573161925	55
61.9958904109589	73.58493316447637	56
