y	y_hat	y_index
76.3424657534247	76.8313460384324	702
74.7041095890411	76.69262923848763	703
80.4616438356164	76.16371680157262	704
