y	y_hat	y_index
70.1027397260274	70.34379895228024	716
87.0808219178082	78.50454744963419	717
