y	y_hat	y_index
70.3369863013699	69.07702037936963	6
66.4616438356164	73.44920909032362	7
75.8643835616438	75.6471812390672	8
