y	y_hat	y_index
76.1506849315069	66.50650602045546	540
64.5643835616438	70.0027862034042	541
87.1643835616438	83.20910924123751	542
