y	y_hat	y_index
70.8616438356164	72.10115005224975	330
84.7424657534247	81.21789859950135	331
62.7643835616438	68.70474925660493	332
