y	y_hat	y_index
62.2616438356164	67.16757742637208	375
82.627397260274	77.60801173636962	376
78.9479452054795	84.85569669151495	377
