y	y_hat	y_index
74.0315068493151	76.80843549507024	408
76.5150684931507	79.55485314266305	409
65.0561643835616	67.28250737387883	410
