y	y_hat	y_index
84.5356164383562	75.50948732381066	18
69.3849315068493	70.82527100876416	19
71.1561643835616	72.58713380003476	20
