y	y_hat	y_index
76.3561643835616	78.0991071535883	537
69.1780821917808	65.39082922448812	538
82.6424657534247	78.99956606466964	539
