y	y_hat	y_index
55.1616438356164	64.15410318653535	354
83.2534246575342	77.00325975666811	355
78.4397260273973	76.52411063747665	356
