y	y_hat	y_index
64.9753424657534	66.09909484661041	12
74.3616438356164	75.03451531804023	13
64.4315068493151	72.60252584909419	14
