y	y_hat	y_index
79.2232876712329	78.6661798081859	360
56.4287671232877	69.21182334697788	361
87.2835616438356	75.1916978890609	362
