y	y_hat	y_index
75.1452054794521	70.5231507606782	423
75.6369863013699	75.96279226802966	424
74.7534246575342	71.33772894002524	425
