y	y_hat	y_index
68.0479452054795	69.1943699306033	75
81.6397260273973	75.70786303935205	76
68.2753424657534	81.0119446117614	77
