y	y_hat	y_index
62.7808219178082	71.53486343795235	234
81.3232876712329	74.05228511976149	235
76.0616438356164	75.36933205161984	236
