y	y_hat	y_index
73.6616438356164	70.33523226386615	336
73.6465753424658	77.23245869665381	337
75.0671232876712	75.72769737028656	338
