y	y_hat	y_index
83.9095890410959	77.12532546577596	108
77.3616438356164	73.00761218009696	109
79.1082191780822	72.9209652034446	110
