y	y_hat	y_index
55.0041095890411	62.361023348782396	534
72.4780821917808	73.40994879257774	535
81.058904109589	72.94826062927984	536
