y	y_hat	y_index
67.9671232876712	68.59175617998866	48
84.1506849315069	83.30247463874937	49
67.5671232876712	71.40292874998369	50
