y	y_hat	y_index
72.986301369863	69.14444108351458	309
72.7424657534247	79.72871385058127	310
61.9534246575342	75.80807327908552	311
