y	y_hat	y_index
67.0835616438356	70.61687968104032	114
80.8643835616438	80.99173363340536	115
56.9643835616438	65.88105789369892	116
