y	y_hat	y_index
90.272602739726	83.05159087174026	666
66.4561643835616	66.94911028254594	667
71.5643835616438	75.3366804774853	668
