y	y_hat	y_index
71.972602739726	71.08510907384142	555
69.9260273972603	62.4255079921212	556
84.5342465753425	85.49070345431193	557
