y	y_hat	y_index
77.8150684931507	77.58390058939824	378
75.5671232876712	76.34321926889052	379
82.0287671232877	81.56190343549511	380
