y	y_hat	y_index
71.3835616438356	70.12000366841511	429
78.072602739726	78.00515396614104	430
70.8835616438356	77.84275759639817	431
