y	y_hat	y_index
71.1260273972603	74.15814485163693	591
74.3780821917808	74.49923727044313	592
80.1958904109589	71.81459891796642	593
