y	y_hat	y_index
74.1342465753425	71.95134578748657	420
74.4698630136986	77.47952864056937	421
78.1808219178082	80.53102515942487	422
