y	y_hat	y_index
81.8835616438356	83.98783860838334	501
73.558904109589	69.56119443414345	502
63.3452054794521	67.38269500011265	503
