y	y_hat	y_index
71.8424657534247	73.07455292588156	684
75.9369863013699	76.13846283428211	685
72.9849315068493	73.75769295024993	686
