y	y_hat	y_index
61.0424657534247	66.88539682865932	444
68.058904109589	71.69219012103119	445
74.9260273972603	72.78055283796209	446
