y	y_hat	y_index
83.9643835616438	70.22983422450402	312
84.8671232876712	72.63062472952562	313
70.9643835616438	67.59561667987472	314
