y	y_hat	y_index
75.4452054794521	76.4554373067198	120
65.2424657534247	70.85790233325073	121
78.686301369863	77.63680906795013	122
