y	y_hat	y_index
75.5616438356164	74.86395924284518	387
79.1671232876712	75.35836643027024	388
79.2534246575342	71.51218906881161	389
