y	y_hat	y_index
64.7698630136986	62.715289252359064	45
77.7643835616438	77.98407883229811	46
60.7616438356164	58.743275252256865	47
