y	y_hat	y_index
84.2808219178082	78.37154483985313	465
60.0534246575343	65.91066050662177	466
78.058904109589	73.7629357187876	467
