y	y_hat	y_index
76.7041095890411	75.36232644022999	348
73.2479452054795	76.06634760818727	349
67.3205479452055	76.59229468582932	350
