y	y_hat	y_index
60.0232876712329	70.92586237487755	366
81.7013698630137	78.01920152742716	367
71.0506849315069	72.65868143223811	368
