y	y_hat	y_index
82.3917808219178	81.15311114230155	246
74.1849315068493	66.740492643454	247
55.4164383561644	61.682060262228894	248
