y	y_hat	y_index
71.2506849315069	76.81325869591983	219
62.9616438356164	69.91655423476912	220
70.8780821917808	72.83582581814673	221
