y	y_hat	y_index
70.1068493150685	72.44976422806232	24
85.2808219178082	84.76749922068176	25
77.3808219178082	70.04320198135677	26
