y	y_hat	y_index
89.5835616438356	90.85783632380988	63
67.7328767123288	64.62750990216264	64
61.5369863013699	73.36331265415096	65
