y	y_hat	y_index
79.8520547945206	80.31986325612723	66
90.2561643835616	76.48160763851304	67
71.058904109589	70.84981564566618	68
