y	y_hat	y_index
60.672602739726	65.79922748224458	576
75.5	76.38612619002058	577
57.6835616438356	74.87521230118475	578
