y	y_hat	y_index
63.4369863013699	68.46767136365675	480
68.7287671232877	71.42195548965633	481
81.4616438356164	80.50172827339883	482
