y	y_hat	y_index
79.5698630136986	78.44216085400615	441
77.7753424657534	76.34325256046873	442
72.4849315068493	78.18254409660102	443
