y	y_hat	y_index
77.758904109589	76.72719173198305	381
77.1369863013699	75.89408994729392	382
89.5616438356164	83.4737823873573	383
