y	y_hat	y_index
80.2794520547945	75.37975605173195	396
77.6616438356164	74.39928002869749	397
61.0	66.65190919909342	398
