y	y_hat	y_index
61.2698630136986	71.05724819963082	141
74.2808219178082	77.79156190512532	142
62.8753424657534	67.49229672504316	143
