y	y_hat	y_index
76.3123287671233	66.24366369464788	639
82.2054794520548	79.98280574796605	640
70.2630136986301	73.52909276024212	641
