y	y_hat	y_index
78.0616438356164	74.28850176511206	417
69.9986301369863	74.95438293875048	418
80.2712328767123	68.04126549712082	419
