y	y_hat	y_index
70.4219178082192	76.20468091526163	603
65.9424657534247	70.05661070283446	604
68.1698630136986	73.4579765880457	605
