y	y_hat	y_index
68.9616438356164	78.89717130356286	180
76.7671232876712	67.68100305192397	181
72.4479452054795	72.10536525180612	182
