y	y_hat	y_index
67.9041095890411	71.97736269793798	705
70.4397260273973	65.44188097854489	706
62.8479452054794	75.52753201464276	707
