y	y_hat	y_index
79.2452054794521	73.4739878506501	720
81.8671232876712	77.93398550590946	721
