y	y_hat	y_index
76.1753424657534	72.61721923666079	117
68.3068493150685	69.36473662342858	118
75.3452054794521	79.66300339162285	119
