y	y_hat	y_index
76.7452054794521	76.15342158939032	734
79.7643835616438	75.27167465260833	735
