y	y_hat	y_index
78.4671232876712	77.3974495883665	222
74.5424657534247	64.90313034412495	223
76.0369863013699	76.9533958554796	224
