y	y_hat	y_index
64.0534246575342	64.75253644279178	357
73.0602739726027	71.75187740491971	358
65.3561643835616	68.64791006552207	359
