y	y_hat	y_index
89.0698630136986	77.19786227375135	570
77.2260273972603	78.1175958299986	571
79.5616438356164	79.1396165604484	572
