y	y_hat	y_index
75.8780821917808	77.31193302746101	3
71.2671232876712	64.24956006626273	4
61.0808219178082	65.96379660271533	5
