y	y_hat	y_index
73.5479452054795	76.90147493460212	564
87.5506849315069	89.14287707249488	565
72.8506849315069	70.08520115772082	566
