y	y_hat	y_index
69.4178082191781	72.63260877680011	618
65.9890410958904	64.35516656754673	619
83.1808219178082	76.25173267230755	620
