y	y_hat	y_index
75.1452054794521	72.29038063202367	621
67.7561643835616	72.94092644332777	622
61.972602739726	63.239052335408466	623
