y	y_hat	y_index
82.3698630136986	78.79637331134063	294
84.4671232876712	76.1886431750443	295
75.7643835616438	66.29426150208758	296
