y	y_hat	y_index
84.2698630136986	77.53647237934376	129
71.172602739726	71.88173920846731	130
82.9561643835616	71.5603458906125	131
