y	y_hat	y_index
66.4260273972603	69.60784657976863	60
63.7506849315068	68.40929736073164	61
62.258904109589	63.52707559376897	62
