y	y_hat	y_index
72.1630136986301	72.087335652304	615
83.8506849315069	82.70296505110879	616
72.4424657534247	75.97913473665321	617
