y	y_hat	y_index
81.0643835616438	74.89520193646374	21
79.0342465753425	82.6134574276496	22
71.7452054794521	76.00781679364349	23
