y	y_hat	y_index
60.1671232876712	71.54805690329701	489
76.5342465753425	80.4841517866815	490
69.172602739726	74.41521912109837	491
