y	y_hat	y_index
65.2561643835616	77.340718330636	456
75.6808219178082	70.99998698887723	457
74.9835616438356	76.74578870311045	458
