y	y_hat	y_index
69.6178082191781	68.38946065948332	558
82.9027397260274	80.78084799606837	559
72.3260273972603	72.59821974064924	560
