y	y_hat	y_index
83.058904109589	70.10945778507052	159
72.3657534246575	77.13425552205557	160
70.4698630136986	71.21248065817984	161
