y	y_hat	y_index
73.5849315068493	77.34247485299997	297
63.0780821917808	62.721965310002474	298
61.8246575342466	69.64617520523639	299
