y	y_hat	y_index
71.258904109589	78.51005900236696	612
57.6616438356164	70.03433527670987	613
72.7671232876712	78.00597980349343	614
