y	y_hat	y_index
66.6397260273973	68.02651551882121	432
76.1780821917808	68.87957937652487	433
68.9479452054795	74.103966206051	434
