y	y_hat	y_index
66.6753424657534	66.89852783293814	225
73.5808219178082	74.83698423420493	226
78.8835616438356	67.70538086987463	227
