y	y_hat	y_index
66.3630136986301	67.19818415182571	267
68.9452054794521	68.19453478280481	268
58.2931506849315	74.21150352254735	269
