y	y_hat	y_index
72.2068493150685	74.49113403574809	718
72.7780821917808	71.67705011213084	719
