y	y_hat	y_index
84.3616438356164	75.8236298580013	168
85.5369863013699	82.29326052889907	169
75.0671232876712	75.44012559091917	170
