y	y_hat	y_index
73.8342465753425	70.19844927580313	321
74.3890410958904	72.38159210351019	322
70.8041095890411	71.06519803824145	323
