y	y_hat	y_index
75.8616438356164	72.70472769228498	165
70.7643835616438	61.751275560534914	166
73.372602739726	76.17841186141607	167
