y	y_hat	y_index
71.9643835616438	69.31764130766341	585
71.3479452054795	71.9017894067546	586
83.0616438356164	78.28747253866806	587
