y	y_hat	y_index
54.2739726027397	73.80294526288151	522
74.8164383561644	73.20221718387421	523
61.9561643835616	77.5478091719648	524
