y	y_hat	y_index
72.772602739726	83.87899525864235	285
77.4232876712329	81.27994630923455	286
54.9671232876712	58.8891436176116	287
