y	y_hat	y_index
74.6013698630137	72.35772859435188	333
76.2835616438356	73.95868495568091	334
73.958904109589	73.62677365407698	335
