y	y_hat	y_index
79.5232876712329	78.9777164242041	477
71.7657534246575	70.32857779125197	478
60.718372666497935	74.92373398851501	479
