y	y_hat	y_index
64.4452054794521	62.17597735145634	153
72.4493150684931	76.99224822691751	154
67.958904109589	69.41331290506506	155
