y	y_hat	y_index
59.4616438356164	56.32074766600946	624
70.8178082191781	75.40714151235193	625
67.7397260273973	69.68492318235376	626
