y	y_hat	y_index
69.9506849315069	69.87646850482615	288
70.7260273972603	77.82336513518638	289
71.3424657534247	70.21657180105677	290
