y	y_hat	y_index
74.8452054794521	72.27609661191919	27
57.6315068493151	57.06448365315026	28
71.5794520547945	70.19959133465332	29
