y	y_hat	y_index
71.2808219178082	69.96503154533171	730
76.0232876712329	73.58595346105692	731
