y	y_hat	y_index
70.4698630136986	78.13485580828385	516
86.6369863013699	80.96267888717152	517
77.8835616438356	84.08564396966116	518
