y	y_hat	y_index
80.8671232876712	74.2209272955464	192
72.1698630136986	73.1212333168406	193
77.9698630136986	75.8635142258163	194
