y	y_hat	y_index
73.8643835616438	74.10979010264187	207
75.0397260273973	84.34074402454839	208
91.3068493150685	77.55623848365444	209
