y	y_hat	y_index
65.658904109589	66.49962609023753	504
65.0328767123288	65.16151891889675	505
67.5315068493151	65.89131201052741	506
