y	y_hat	y_index
56.3027397260274	61.343448000812536	483
64.5808219178082	73.4649413543907	484
79.1671232876712	80.24143495328907	485
