y	y_hat	y_index
67.3013698630137	71.30589627195485	186
73.9671232876712	70.9194251149726	187
69.6671232876712	70.82883367256656	188
