y	y_hat	y_index
71.4780821917808	75.72307218318247	525
65.6561643835616	74.26226614511361	526
71.9479452054795	72.05494181938363	527
