y	y_hat	y_index
70.9232876712329	76.42392699004857	174
61.7808219178082	62.26632207722917	175
74.0095890410959	74.48506520914569	176
