y	y_hat	y_index
73.1616438356164	74.00825680783018	567
56.3643835616438	62.76456104709514	568
74.6534246575342	71.65875945699256	569
