y	y_hat	y_index
74.4808219178082	72.50602937588336	144
82.1643835616438	75.65639812221677	145
82.6643835616438	81.76789120203864	146
