y	y_hat	y_index
67.9342465753425	67.37321984734234	693
78.5287671232877	75.99759378431592	694
88.3315068493151	81.74368140613643	695
