y	y_hat	y_index
73.258904109589	74.11074068750192	339
84.1643835616438	76.89569789435316	340
84.4616438356164	81.03382825824536	341
