y	y_hat	y_index
78.986301369863	78.08673252422558	105
72.2095890410959	70.19965292474627	106
78.9657534246575	79.4971020142998	107
