y	y_hat	y_index
89.2780821917808	81.53824168350344	438
77.0643835616438	73.70396188068491	439
77.1397260273973	71.34278257164065	440
