y	y_hat	y_index
82.2808219178082	82.59719305488282	597
81.1958904109589	79.51223746903538	598
61.0643835616438	65.17173808726764	599
