y	y_hat	y_index
78.1698630136986	75.28909965351694	690
79.0479452054795	71.01131055466583	691
77.3452054794521	74.69772299968199	692
