y	y_hat	y_index
83.2643835616438	80.6416646597927	519
84.6671232876712	84.13752614131549	520
70.8287671232877	71.38035741608256	521
