y	y_hat	y_index
75.758904109589	82.74261186270216	327
61.7671232876712	70.36680877809373	328
80.8534246575342	74.38941481654383	329
