y	y_hat	y_index
64.2	68.97088136395112	549
87.6397260273973	81.08930606951012	550
74.5684931506849	75.24918550782182	551
