y	y_hat	y_index
72.1712328767123	75.79720513830021	393
73.1013698630137	74.04815685191556	394
75.7835616438356	73.78288810344954	395
