y	y_hat	y_index
69.1876712328767	69.12322096457667	9
77.5616438356164	82.20392863897816	10
59.7616438356164	73.06967331383349	11
