y	y_hat	y_index
73.958904109589	70.21755405845725	486
83.258904109589	80.74961164065579	487
68.2780821917808	65.87851300898444	488
