y	y_hat	y_index
75.2835616438356	72.41137434983064	84
75.2424657534247	76.30229019135757	85
74.1780821917808	75.55156730466912	86
