y	y_hat	y_index
70.4616438356164	68.77555786985637	645
88.4753424657534	81.63012761724507	646
78.0616438356164	74.88712399868787	647
