y	y_hat	y_index
78.2671232876712	76.56777785057331	459
84.3452054794521	80.31338718017862	460
81.8397260273973	79.13055668303684	461
