y	y_hat	y_index
72.1260273972603	73.60773419179937	78
82.5109589041096	81.37681731781491	79
60.6205479452055	64.39860625091589	80
