y	y_hat	y_index
74.7287671232877	74.17517524521034	594
55.8808219178082	68.80094372462548	595
68.1643835616438	72.64643860827702	596
