y	y_hat	y_index
80.3753424657534	74.98377656548783	258
74.3452054794521	73.9413023945908	259
75.058904109589	73.47713157443594	260
