y	y_hat	y_index
76.6808219178082	74.35157192850806	363
86.5808219178082	83.52280943957359	364
77.4479452054795	72.85493430012846	365
