y	y_hat	y_index
62.1205479452055	76.41662671509332	411
68.9890410958904	65.05139319372245	412
77.9397260273973	71.68619453590786	413
