y	y_hat	y_index
69.2013698630137	73.44414661773817	648
72.2397260273973	73.23058828667847	649
70.4753424657534	73.5767947936664	650
