y	y_hat	y_index
64.0794520547945	72.03831257926076	732
69.558904109589	72.11313248868221	733
