y	y_hat	y_index
73.4287671232877	69.45430260809918	243
67.4643835616438	74.57670814148669	244
75.3602739726027	76.3618559658105	245
