y	y_hat	y_index
61.9780821917808	66.00864611498443	300
73.2616438356164	61.90756873896666	301
80.6506849315069	79.704620078577	302
