y	y_hat	y_index
79.3561643835616	74.92816584522626	399
73.9616438356164	70.14563064147039	400
75.3972602739726	76.9812033436724	401
