y	y_hat	y_index
69.4808219178082	69.64837946124177	609
83.6205479452055	81.95791151039914	610
75.1643835616438	74.85679186157593	611
