y	y_hat	y_index
63.6616438356164	68.87373994802016	462
73.0424657534247	77.71313036084388	463
63.5506849315069	62.371764038687864	464
