y	y_hat	y_index
73.8917808219178	73.65212844512025	351
76.6506849315069	79.08160874799219	352
81.2698630136986	81.08792040835147	353
