y	y_hat	y_index
68.2205479452055	67.37362622530709	726
70.8342465753425	70.94158670431051	727
