y	y_hat	y_index
73.9561643835616	74.92843030196053	728
79.9397260273973	78.66810002600751	729
