y	y_hat	y_index
72.7013698630137	78.23809333948532	57
77.8342465753425	79.96793221865443	58
79.7643835616438	81.75865734907963	59
