y	y_hat	y_index
61.2780821917808	67.22738805806156	714
87.6616438356164	87.81947205861131	715
