y	y_hat	y_index
80.8287671232877	83.39830140877689	102
75.1794520547945	73.7006272752738	103
80.1808219178082	77.36564708018517	104
