y	y_hat	y_index
86.3917808219178	90.22797556894608	654
72.5780821917808	70.74477753274886	655
78.9753424657534	71.44084571541154	656
