y	y_hat	y_index
65.6616438356164	67.0496867310004	447
54.9205479452055	60.73329322004982	448
81.3506849315069	75.088156489658	449
