y	y_hat	y_index
70.472602739726	68.65049390339739	471
76.4232876712329	71.54126169825625	472
85.1547945205479	75.1681155849548	473
