y	y_hat	y_index
69.4808219178082	72.07537080111632	453
80.072602739726	81.73036704880269	454
61.686301369863	69.0073770021922	455
