y	y_hat	y_index
75.8890410958904	76.69650638884582	33
85.7260273972603	76.15357471308457	34
75.7424657534247	75.37249250133635	35
