y	y_hat	y_index
77.1260273972603	75.88728117370849	195
70.1260273972603	70.0925497165808	196
81.5424657534247	81.35430726382184	197
