y	y_hat	y_index
79.1424657534247	80.75156100829466	513
73.2616438356164	71.27134809277824	514
64.3027397260274	78.82361099635513	515
