y	y_hat	y_index
72.63989854950165	72.44342904836257	90
82.0780821917808	80.95038010650035	91
78.1698630136986	76.06950351428895	92
