y	y_hat	y_index
84.1397260273973	83.81368309710591	552
75.3260273972603	75.08768552885762	553
78.4013698630137	72.11010795525114	554
