y	y_hat	y_index
75.8260273972603	76.35300309136204	237
75.1342465753425	73.113521443573	238
66.7178082191781	71.07110614244964	239
