y	y_hat	y_index
88.2643835616438	73.15390623191803	606
73.7821917808219	73.80491382564134	607
82.4534246575342	74.83373707278642	608
