y	y_hat	y_index
83.1890410958904	80.0117815795791	495
59.6452054794521	68.74666366882956	496
70.7876712328767	73.01021943340571	497
