y	y_hat	y_index
83.1506849315069	78.72032821635396	546
71.7506849315069	76.93494566886172	547
71.5260273972603	75.21890958960749	548
