y	y_hat	y_index
79.6849315068493	73.30658835099506	651
68.8616438356164	66.44541652735725	652
64.9712328767123	68.05568167695222	653
