y	y_hat	y_index
64.3424657534247	68.27124015064655	672
70.9534246575342	76.21681910961003	673
72.6397260273973	72.61065931254383	674
