y	y_hat	y_index
83.3780821917808	72.13191685155796	138
60.6835616438356	60.68683489448956	139
84.7506849315069	75.83030780950185	140
