y	y_hat	y_index
69.9479452054795	69.63063649089855	162
75.9671232876712	78.46022255802744	163
81.4821917808219	73.95671689705509	164
