y	y_hat	y_index
75.7315068493151	71.68756835894288	573
63.8178082191781	74.80529773093676	574
70.572602739726	75.82096388485064	575
