y	y_hat	y_index
65.8205479452055	66.56913774040812	498
80.8698630136986	83.35372331771237	499
70.5616438356164	67.53541050827562	500
