y	y_hat	y_index
78.6	74.76800177413884	39
85.3780821917808	76.68006887684518	40
72.2452054794521	68.2091520660707	41
