y	y_hat	y_index
75.8753424657534	72.48849218439153	708
71.0753424657534	71.78463519774692	709
