y	y_hat	y_index
66.8643835616438	76.41794785924273	126
75.458904109589	72.16849895765887	127
79.2753424657534	75.62343324913549	128
