y	y_hat	y_index
71.727397260274	74.2059975360028	72
71.8561643835616	71.19580128349095	73
66.3780821917808	66.60035492200716	74
