mae_mean	mae_single
5.645791282053176	5.641326794830158
