mae_mean	mae_single
5.5620980291109925	5.807683308805022
