mae_mean	mae_single
4.947955192530389	4.947955192530389
