mae_mean	mae_single
4.994684445286532	5.071768506123232
