mae_mean	mae_single
4.300124134068226	4.480154768507188
