mae_mean	mae_single
4.509215972099349	4.72981851830572
