{"c_mean": 2.3496328208483073, "c_single": 0.31622776601683794, "mae_mean": 5.381671597683548, "mae_single": 3.762187247155548}