mae_mean	mae_single
5.616971940970411	5.5927673456895635
