mae_mean	mae_single
5.4560663137714425	5.405529314104396
