mae_mean	mae_single
6.146716336812786	6.118830794015843
