mae_mean	mae_single
5.446704662868451	5.468232651369584
