mae_mean	mae_single
5.1912703260994215	5.004893709983971
