mae_mean	mae_single
5.482260906466102	5.496291363638186
