mae_mean	mae_single
5.860688693870187	6.014581561324642
