mae_mean	mae_single
6.106237783381616	6.1464421555149
