mae_mean	mae_single
5.725736798544232	5.732256902575952
