mae_mean	mae_single
4.690036550876835	4.727099404182182
