mae_mean	mae_single
5.494823056996868	5.607916222177165
