mae_mean	mae_single
4.82078325418954	5.000459563362012
