mae_mean	mae_single
5.283789397291927	5.294332731311813
