mae_mean	mae_single
4.961834591960985	4.961581777307106
