mae_mean	mae_single
5.686409325614317	5.6899122755763205
