mae_mean	mae_single
5.041816703292116	5.065437679078081
