mae_mean	mae_single
4.2905756631612375	4.199803214625353
