mae_mean	mae_single
4.99000805027314	5.011511718453912
