mae_mean	mae_single
4.384952374776114	4.338542354868989
