mae_mean	mae_single
4.708621604420828	4.7579023662114395
