mae_mean	mae_single
5.776060285375824	5.8537607270006635
