mae_mean	mae_single
5.313918089128139	5.383281021629901
