mae_mean	mae_single
5.426304082122126	5.414313771842746
