mae_mean	mae_single
5.352080347686975	5.378786994417321
