mae_mean	mae_single
5.564567998733834	5.388499141493306
