mae_mean	mae_single
5.260278979005531	5.341285237321073
