mae_mean	mae_single
4.927923430888381	4.945206928980647
