mae_mean	mae_single
4.656785240257412	5.070213564522983
