mae_mean	mae_single
5.27919470748839	5.141461880693212
