mae_mean	mae_single
5.214086519717594	5.277487818218347
