mae_mean	mae_single
4.575944830571904	4.862126334900482
