mae_mean	mae_single
5.826136043238371	5.833658998602786
