mae_mean	mae_single
5.284039004777585	5.2903749874908526
