mae_mean	mae_single
5.8116818191923585	5.817230252275503
