mae_mean	mae_single
4.531798541113593	4.923509766864016
