mae_mean	mae_single
5.837136507234642	5.837328012187905
