mae_mean	mae_single
4.986529485336242	5.246878917577247
