mae_mean	mae_single
4.920821682693919	4.892207502264071
