mae_mean	mae_single
4.715444231774562	4.94795402545316
