mae_mean	mae_single
5.683338759028646	5.683338759028646
