mae_mean	mae_single
5.4261413498260085	5.3346046969546626
