mae_mean	mae_single
5.518296272321399	5.524363492060892
