mae_mean	mae_single
5.086233289713225	5.043052294744145
