mae_mean	mae_single
5.732275106342999	5.7430694224425665
