mae_mean	mae_single
5.761553317857769	5.751665166550301
