mae_mean	mae_single
5.590837450781582	5.574783432825898
