mae_mean	mae_single
5.246962777709532	5.561539641203722
