mae_mean	mae_single
4.487770107566695	4.5495237642213215
