mae_mean	mae_single
5.419945179883511	5.468150659801482
