mae_mean	mae_single
4.917328012509636	4.880521523397471
