mae_mean	mae_single
5.917548864747036	5.711637639818852
