mae_mean	mae_single
5.254241068425299	5.284616713499885
