mae_mean	mae_single
5.399462330563941	5.359336022671158
