mae_mean	mae_single
4.7936538449870865	5.226998315806018
