mae_mean	mae_single
4.521340662031167	4.530203118081303
