mae_mean	mae_single
5.899386808749021	5.9410867474207665
