mae_mean	mae_single
4.944225800171334	4.944225800171334
