mae_mean	mae_single
5.647821718523964	5.664276599016881
