mae_mean	mae_single
5.329349836440107	5.34939909682404
