mae_mean	mae_single
4.569584954647369	4.60464821745973
