mae_mean	mae_single
6.386809145094935	6.000990596046845
