mae_mean	mae_single
5.740203122122414	5.740178296502629
