mae_mean	mae_single
5.854047169034777	5.995023235615477
