mae_mean	mae_single
4.464844595261413	4.486976238115332
