mae_mean	mae_single
4.169673509367612	4.160891095278253
