mae_mean	mae_single
4.837773476414534	4.880119465679702
