mae_mean	mae_single
5.532252255659115	5.654094097918718
