mae_mean	mae_single
5.938452051736406	5.941746794600251
