mae_mean	mae_single
5.971094175156446	6.176594539785449
