mae_mean	mae_single
5.186052481792463	5.178120450759261
