mae_mean	mae_single
6.0171510415019585	5.932533076650246
