mae_mean	mae_single
5.604064854263249	5.60527003296249
