mae_mean	mae_single
4.932610642737963	5.069055881196575
