mae_mean	mae_single
5.271531356892455	5.2772492821649815
