mae_mean	mae_single
5.326534859168887	5.750591203140636
