mae_mean	mae_single
5.991625116218306	5.990064508730026
