mae_mean	mae_single
5.928776564536084	5.9292967801662915
