mae_mean	mae_single
6.1515775584325425	6.105065274459879
