mae_mean	mae_single
5.711952101281201	5.722642681044246
