mae_mean	mae_single
4.807451648968807	4.7762555464471035
