mae_mean	mae_single
5.162295692178534	5.023098242236994
