mae_mean	mae_single
5.5482525381080405	5.51767719020563
