mae_mean	mae_single
5.355149554558503	5.401683013461022
