mae_mean	mae_single
4.684871403960038	4.672523505401511
