mae_mean	mae_single
5.127764474543485	5.225507934126884
