mae_mean	mae_single
5.672344452499082	5.672943201615991
