mae_mean	mae_single
5.891720369986527	5.884000661254142
