mae_mean	mae_single
5.3833973806962065	5.38722629411761
