mae_mean	mae_single
5.415994766245695	5.353759572034693
