mae_mean	mae_single
5.965942393181041	5.969686407802371
