mae_mean	mae_single
5.104304387068595	5.077147403667553
