mae_mean	mae_single
6.412352798000688	6.335633771070871
