mae_mean	mae_single
3.991393985718939	4.2103071868740365
