mae_mean	mae_single
5.055904331119084	5.120993592528068
