mae_mean	mae_single
5.568875084558659	5.673529947664894
