mae_mean	mae_single
5.913661423111102	5.8822496885601545
