mae_mean	mae_single
5.463844931199603	5.547666273405311
