mae_mean	mae_single
5.695857247242967	5.690270107007401
