mae_mean	mae_single
5.217432815868523	5.143742218439698
