mae_mean	mae_single
6.029858366920745	6.016611455435425
