mae_mean	mae_single
5.532347860659295	5.496524174889771
