mae_mean	mae_single
4.790184711131465	4.896731595361387
