mae_mean	mae_single
5.555459212062246	5.557896769804495
