mae_mean	mae_single
5.54695761153464	5.5430258782538555
