mae_mean	mae_single
5.3262734253625545	5.315504691438573
