mae_mean	mae_single
5.0502455301081	5.08904952830461
