mae_mean	mae_single
4.922926867976716	5.0491351917318426
