mae_mean	mae_single
5.0653684855424785	5.060124326677993
