mae_mean	mae_single
4.119567357803103	4.607572133347553
