mae_mean	mae_single
4.79747120720522	4.791198007876763
