mae_mean	mae_single
5.224383280777774	5.309431560164572
