mae_mean	mae_single
4.513116811076093	4.459732116027436
