mae_mean	mae_single
5.5902775836817185	5.5941921526563085
