mae_mean	mae_single
5.4590185766103545	5.553103681611371
