mae_mean	mae_single
5.614326236070471	5.809070686998692
