mae_mean	mae_single
5.520762696719436	5.748910627988764
