mae_mean	mae_single
5.0365748249414946	5.078424654698031
