mae_mean	mae_single
5.206773858430315	5.206773858430315
