mae_mean	mae_single
4.763090056441577	4.761731020810975
