mae_mean	mae_single
5.405738368909911	5.397042466088481
