mae_mean	mae_single
5.163644290296079	5.157378104030942
