mae_mean	mae_single
5.819407627452468	5.825819016780284
