mae_mean	mae_single
5.637206500386993	5.765238111352389
