mae_mean	mae_single
4.621982744308482	4.603248164449392
