mae_mean	mae_single
5.795528681301929	5.7775137507561825
