mae_mean	mae_single
5.128674454291793	5.083519274331484
