mae_mean	mae_single
5.426178287282785	5.419998373275895
