mae_mean	mae_single
4.489493680629666	4.5120751551284215
