mae_mean	mae_single
4.5314429651640715	4.5309544722201105
