mae_mean	mae_single
4.989803287638966	5.269533411806644
