mae_mean	mae_single
4.362472474278366	4.362472474278366
