mae_mean	mae_single
6.141098990916926	6.170439694673731
