mae_mean	mae_single
6.153557354866292	6.31868603517179
