mae_mean	mae_single
5.192359138144314	5.249567742219321
