mae_mean	mae_single
4.729595620738783	4.714598800231954
