mae_mean	mae_single
4.98976916448426	5.050791390270888
