mae_mean	mae_single
4.449639881390832	4.441631127618785
