mae_mean	mae_single
5.3855106021002355	5.338367140883758
