mae_mean	mae_single
5.320219705453538	5.328480280548676
