mae_mean	mae_single
4.275286151913296	4.3967095433012116
