mae_mean	mae_single
5.44353899945748	5.483099851517662
