mae_mean	mae_single
4.460055374912237	4.54635911523738
