mae_mean	mae_single
5.277729459720212	5.361383489385887
