{"c_mean": 3.8601128374531997, "c_single": 1.0, "mae_mean": 5.371702410920004, "mae_single": 3.922089502728228}