mae_mean	mae_single
5.583293997213943	5.451770410280229
