mae_mean	mae_single
6.050335313104887	6.02925860672189
