mae_mean	mae_single
5.486606894158766	5.3591524598902796
