mae_mean	mae_single
4.9075842758430674	5.078068237520212
