mae_mean	mae_single
5.6749038540116	5.642857484375028
