mae_mean	mae_single
5.8469289686450745	5.845506952038174
