mae_mean	mae_single
5.524575271279433	5.608313211099597
