mae_mean	mae_single
5.976282589041215	6.028560354255334
