mae_mean	mae_single
5.837652566749863	5.867468694174024
