mae_mean	mae_single
4.712586571996116	4.844127630135111
