mae_mean	mae_single
5.566493849407695	5.590083281522837
