mae_mean	mae_single
4.69135749469485	4.69135749469485
