mae_mean	mae_single
5.14940888742982	5.083532547460522
