mae_mean	mae_single
4.979710598203022	4.979710598203022
