mae_mean	mae_single
4.977648603018253	4.99831633841159
