mae_mean	mae_single
5.180170435653671	5.408899429644599
