mae_mean	mae_single
5.896555182664126	5.900879525282722
