mae_mean	mae_single
5.484141163294198	5.455488700509193
