mae_mean	mae_single
5.238703000436797	5.343555425516908
