mae_mean	mae_single
5.29363805914617	5.306446286082925
