mae_mean	mae_single
5.403088471363301	5.332540355219919
