mae_mean	mae_single
5.422119964537071	5.404004196055704
