mae_mean	mae_single
5.482686449518366	5.580778493026882
