mae_mean	mae_single
5.090429205039125	5.130682751360128
