mae_mean	mae_single
5.701392755100293	5.715807517321181
