mae_mean	mae_single
5.273382852324373	5.27630728056095
