mae_mean	mae_single
5.731904856268951	5.790834486604867
