mae_mean	mae_single
5.386736463989133	5.731814204531773
