mae_mean	mae_single
5.6815673664887285	5.732597502701671
