mae_mean	mae_single
5.525475523934783	5.5004738640826245
