mae_mean	mae_single
5.400327171392018	5.512679930761175
