mae_mean	mae_single
4.618451818818386	4.640466727713734
