mae_mean	mae_single
5.204923872710815	5.191804790677044
