mae_mean	mae_single
5.9899112363423255	5.979560689558843
