mae_mean	mae_single
4.296796318621597	4.334906615355517
