mae_mean	mae_single
5.496699561474312	5.501610188392241
