mae_mean	mae_single
4.174119504116319	4.162889094620591
