mae_mean	mae_single
5.312550878689109	5.302627753595846
