mae_mean	mae_single
4.577862684117664	4.766058837262906
