mae_mean	mae_single
5.461421988640476	5.469864763242654
