mae_mean	mae_single
5.257616847590503	5.32232938022651
