mae_mean	mae_single
5.8356150719968465	5.8356150719968465
