mae_mean	mae_single
5.67875981999388	5.68568147317879
