mae_mean	mae_single
5.408981946507743	5.484168516831315
