mae_mean	mae_single
5.64141858630581	5.5412164589525705
