mae_mean	mae_single
5.803335170830175	5.7795061902377345
