mae_mean	mae_single
5.833540189587881	5.812197113428697
