mae_mean	mae_single
4.850375396428618	4.852777222328949
