mae_mean	mae_single
5.056102245389772	5.237257232227313
