mae_mean	mae_single
4.517262849159811	4.568597662978384
