mae_mean	mae_single
4.844605715205343	5.392316914731671
