mae_mean	mae_single
4.823516467280736	4.805307326017909
