mae_mean	mae_single
5.540879279604913	5.545294753983377
