mae_mean	mae_single
4.207435964956725	4.251171722146408
