mae_mean	mae_single
5.549713644822644	5.550377462435849
