mae_mean	mae_single
4.482086175026663	4.436387153537035
