mae_mean	mae_single
5.384435281544777	5.330606253894831
