mae_mean	mae_single
5.4592972698098965	5.436350681410866
