mae_mean	mae_single
5.150018231366988	5.122124459681019
