mae_mean	mae_single
5.670349426202903	5.658334573638848
