mae_mean	mae_single
6.022120502238377	6.10111866309064
