mae_mean	mae_single
5.102169449515808	5.196348368057598
