mae_mean	mae_single
6.065714236412501	6.196642078257542
