mae_mean	mae_single
5.489614929253295	5.411598952191454
