mae_mean	mae_single
5.397840516182126	5.332768144687243
