mae_mean	mae_single
5.914883773019414	5.922294513937324
