mae_mean	mae_single
5.6720120903455555	5.771085110898261
