mae_mean	mae_single
5.438915033644199	5.298538634918977
