mae_mean	mae_single
5.311381925903873	5.23363436291726
