mae_mean	mae_single
5.357599176245855	5.354096079785969
