mae_mean	mae_single
5.531842632166669	5.73776985340075
