mae_mean	mae_single
5.594366658068234	5.5757334717078635
