mae_mean	mae_single
5.3628326121562315	5.359777980143602
