mae_mean	mae_single
5.2233623912829525	5.223345898994382
