mae_mean	mae_single
4.711292972176571	4.73604707696226
