mae_mean	mae_single
5.077950628955135	5.019333223586161
