mae_mean	mae_single
5.4129140085345115	5.465604402395437
