mae_mean	mae_single
5.229106287128109	5.094543422547426
