mae_mean	mae_single
5.928548473656042	5.845599336478048
