mae_mean	mae_single
6.0007249929760995	5.863174120009797
