mae_mean	mae_single
4.840851161584922	4.840851161584922
