mae_mean	mae_single
4.8453890476684025	4.88720148959105
