mae_mean	mae_single
5.457102214292812	5.498240592821915
