mae_mean	mae_single
4.341169224180263	4.283201840586609
