mae_mean	mae_single
4.966345135325932	5.093028622136929
