mae_mean	mae_single
4.080148472176177	4.11492564312965
