mae_mean	mae_single
4.684323326948904	4.886604789312658
