mae_mean	mae_single
5.19133595729853	5.127246246077062
