mae_mean	mae_single
5.9365186506270895	6.017764427897756
