mae_mean	mae_single
4.965741260436049	5.338845174235825
