mae_mean	mae_single
5.008180339352668	5.099483673158133
