mae_mean	mae_single
5.933089382261041	5.957554163868185
