mae_mean	mae_single
4.281799348376519	4.393270815145687
