mae_mean	mae_single
6.111775877250948	6.10318469951869
