mae_mean	mae_single
5.990467436560743	6.004487999506736
