mae_mean	mae_single
5.279799002167562	5.310193252164825
