mae_mean	mae_single
4.893186793967891	4.939881387172271
