mae_mean	mae_single
5.718318522655476	5.725148607711825
