mae_mean	mae_single
6.195988363874533	6.111610406984923
