mae_mean	mae_single
5.6403279004143405	5.6019770580693145
