mae_mean	mae_single
4.147165670418517	4.25544217475327
