mae_mean	mae_single
4.817919598212529	4.8352056602747835
