mae_mean	mae_single
4.518209070647518	4.496101441145241
