mae_mean	mae_single
5.196022413188903	5.197178905047545
