mae_mean	mae_single
5.506078908567236	5.478186754460387
