mae_mean	mae_single
4.429740975646527	4.506943905574429
