mae_mean	mae_single
4.9827157637764445	4.957776480804263
