mae_mean	mae_single
5.455766415903253	5.406511693587611
