mae_mean	mae_single
5.619575618738593	5.604439874284576
