mae_mean	mae_single
5.287965780109525	5.292612708107139
