mae_mean	mae_single
4.508399620828177	4.474627983018788
