mae_mean	mae_single
4.3462861323025255	4.342563302810099
