mae_mean	mae_single
5.555014891770267	5.52114864244207
