mae_mean	mae_single
5.927042364856383	6.0127812941991206
