mae_mean	mae_single
5.1501304360811115	5.13900413777494
