mae_mean	mae_single
5.504206406223065	5.7477308766140265
