mae_mean	mae_single
4.747394003396342	4.741535575601477
