mae_mean	mae_single
5.647088422291708	5.664870929084469
