mae_mean	mae_single
5.889573857024141	5.905574768858151
