{"c_mean": 1.4832009671818749, "c_single": 1.0, "mae_mean": 5.544789141801293, "mae_single": 4.09875881074156}