mae_mean	mae_single
5.3584480375181585	5.3584480375181585
