mae_mean	mae_single
4.612561840388207	4.702097168565044
