mae_mean	mae_single
5.712350403366881	5.891156617281813
