mae_mean	mae_single
4.900000733633198	4.865304624964421
