mae_mean	mae_single
4.844563917069812	4.850576815644847
