mae_mean	mae_single
4.228684399586827	4.215673900125447
