mae_mean	mae_single
5.424144465167366	5.571693746299651
