mae_mean	mae_single
4.773758020290356	4.764151974194903
