mae_mean	mae_single
4.562820538967574	4.914192062274998
