mae_mean	mae_single
4.428116847973284	4.570094214301429
