mae_mean	mae_single
5.08516063440238	5.045348548308949
