mae_mean	mae_single
4.731555898555306	4.736643573304855
