mae_mean	mae_single
5.210900573839269	5.362285722752459
