mae_mean	mae_single
5.508211411263429	5.503420202900354
