mae_mean	mae_single
5.886421025537883	5.882680631205292
