mae_mean	mae_single
4.800112084492725	4.730076345998068
