mae_mean	mae_single
5.540669955274116	5.572768617227056
