mae_mean	mae_single
4.561626713559567	4.473971533993156
