mae_mean	mae_single
4.956667754740158	4.988898123099874
