mae_mean	mae_single
5.738924764344061	5.728963482617671
