mae_mean	mae_single
4.173943442407013	4.388060989311131
