mae_mean	mae_single
5.899445693568286	5.910325953516126
