mae_mean	mae_single
5.265517877291586	5.338338026189071
