mae_mean	mae_single
5.835251139513949	5.876577164522469
