mae_mean	mae_single
4.733504767642998	4.873157975793178
