mae_mean	mae_single
4.644711688083762	4.691712608158224
