mae_mean	mae_single
5.147676776386337	5.175080582016062
