mae_mean	mae_single
5.821373544966236	5.814785348216345
