mae_mean	mae_single
4.979037933086027	4.997969957044152
