mae_mean	mae_single
5.671776542352976	5.708286143069449
