mae_mean	mae_single
4.693823873503778	5.007647825651988
