mae_mean	mae_single
5.519654925856991	5.740244695336747
