mae_mean	mae_single
5.547246518912817	5.523458926307118
