mae_mean	mae_single
4.784225288358538	4.784225288358538
