mae_mean	mae_single
5.649818706705127	5.670630577069883
