mae_mean	mae_single
5.37752031714832	5.497269875385861
