mae_mean	mae_single
4.885220657689303	4.924058877262949
