mae_mean	mae_single
5.095779043780479	5.115343568826888
