mae_mean	mae_single
5.07402540136515	5.13252267147079
