mae_mean	mae_single
5.311791587523312	5.2837191713596505
