mae_mean	mae_single
5.718857269561946	5.722148174500316
