mae_mean	mae_single
4.534928589562924	4.723823099549781
