mae_mean	mae_single
5.597903190666546	5.50767156893841
