mae_mean	mae_single
5.216331414341966	5.194872852384926
