mae_mean	mae_single
5.3249322890885145	5.333077192693809
