mae_mean	mae_single
4.785632256362205	4.718669952331027
