mae_mean	mae_single
5.472063309012534	5.55399479894401
