mae_mean	mae_single
4.639039447443014	4.697353764315701
