mae_mean	mae_single
5.967399619678788	5.9536015649559575
