mae_mean	mae_single
4.794026166153214	4.762665125701632
