mae_mean	mae_single
5.911793496715404	6.049879965946431
