mae_mean	mae_single
5.3688663922199025	5.359907230195166
