mae_mean	mae_single
5.664188135135745	5.60355102668092
