mae_mean	mae_single
6.393975281193215	6.408933715313517
