mae_mean	mae_single
4.9173707145076095	4.972191043903481
