mae_mean	mae_single
5.218250182801747	5.25712095774042
