mae_mean	mae_single
4.851740570648375	4.765128392244264
