mae_mean	mae_single
5.443944462808426	5.503563386161769
