mae_mean	mae_single
4.821617469947058	4.9870693561908155
