mae_mean	mae_single
6.270875750767501	6.246213179289837
