mae_mean	mae_single
6.178902580198846	6.177317894745729
