mae_mean	mae_single
4.9037402684676445	5.0976925101632515
