mae_mean	mae_single
5.172879338568799	5.344069671061797
