mae_mean	mae_single
5.2502842235253215	5.1970355796811605
