mae_mean	mae_single
5.490576035002445	5.472595796837019
