mae_mean	mae_single
4.177489179937621	4.148205062902994
