mae_mean	mae_single
5.934012180724796	5.952594733865784
