mae_mean	mae_single
5.589606518075058	5.913168741078921
