mae_mean	mae_single
4.958907078838157	5.300154069836656
