mae_mean	mae_single
3.9898363970027173	4.0719053810492065
