mae_mean	mae_single
4.842844670536654	5.40112533969741
