mae_mean	mae_single
4.273271608226895	4.309110884138235
