mae_mean	mae_single
5.468036100031271	5.503017366745276
