mae_mean	mae_single
4.6467627947539425	4.65264487647127
