mae_mean	mae_single
4.3674820729742265	4.657665827981974
