mae_mean	mae_single
6.061161482118182	6.059723006192836
