mae_mean	mae_single
5.883709198363367	5.720796035227491
