mae_mean	mae_single
5.960070731953082	5.92209447097104
