mae_mean	mae_single
4.573723973801205	4.40953418782222
