mae_mean	mae_single
5.095997526008821	5.201713953739424
