mae_mean	mae_single
4.964123972920995	4.940810580154997
