mae_mean	mae_single
5.977721882024977	6.009685191155134
