mae_mean	mae_single
5.243931300304979	5.187605663227313
