mae_mean	mae_single
5.31237957054743	5.372791094914763
