mae_mean	mae_single
5.193990885031572	5.230469494062769
