mae_mean	mae_single
5.495505347384961	5.493025529271862
