mae_mean	mae_single
6.059654495481185	6.059316767759558
