mae_mean	mae_single
5.752285292129466	5.784475633171483
