mae_mean	mae_single
4.9575981008313486	4.9575981008313486
