mae_mean	mae_single
5.782787747293415	5.774556976423455
