mae_mean	mae_single
5.204244262350831	5.143204292672194
