mae_mean	mae_single
6.04420395054124	6.04435322283074
