mae_mean	mae_single
6.346754345389362	6.578888018448492
