mae_mean	mae_single
5.634858512343473	5.6241930637540305
