mae_mean	mae_single
5.657167448191185	5.637700958719923
