mae_mean	mae_single
5.481835870348835	5.509251241324887
