mae_mean	mae_single
5.842507334303556	5.827138715997227
