mae_mean	mae_single
4.969649579951025	5.108756283156462
