mae_mean	mae_single
5.2065761111047175	5.268743221687647
