mae_mean	mae_single
4.133768682755477	4.133768682755477
