mae_mean	mae_single
5.93107207450611	5.902934957253824
