mae_mean	mae_single
5.804729777900786	6.070234292002652
