mae_mean	mae_single
5.777458088658298	5.827210613224044
