mae_mean	mae_single
5.8872327612864765	6.009259398836344
