mae_mean	mae_single
5.363023551986954	5.362936093580206
