mae_mean	mae_single
5.454936391641925	5.504819774905208
