mae_mean	mae_single
4.94177008456318	4.94284324006893
