mae_mean	mae_single
5.4683587634967745	5.423918696297262
