mae_mean	mae_single
5.106082211649832	5.080669385883382
