mae_mean	mae_single
5.536229628019825	5.563233836339677
