mae_mean	mae_single
5.284553148038909	5.226861398336542
