mae_mean	mae_single
4.434032910395942	4.3904240323333354
