mae_mean	mae_single
5.596732719370006	5.608844087470787
