mae_mean	mae_single
4.971252808253788	4.971252808253788
