mae_mean	mae_single
5.723519290019027	5.682188885096064
