mae_mean	mae_single
5.551460839992676	5.547812253032359
