mae_mean	mae_single
4.708066935597698	4.718627496094588
