mae_mean	mae_single
5.490834119670051	5.493769874366232
