mae_mean	mae_single
5.5370812008154555	5.4050397269566295
