mae_mean	mae_single
5.0348084792381735	5.1560313800977315
