mae_mean	mae_single
5.169373251874905	5.181379802982971
