mae_mean	mae_single
4.787510572630237	4.787510572630237
