mae_mean	mae_single
5.964275059227599	6.163985305255295
