mae_mean	mae_single
6.086536477806745	5.911893983351116
