mae_mean	mae_single
5.250038004147954	5.290555059098375
