mae_mean	mae_single
5.065228997802548	5.053702325305321
