mae_mean	mae_single
4.0080596411301785	4.033056812996363
