mae_mean	mae_single
4.561895651197139	4.488554886264892
