mae_mean	mae_single
5.930593596895133	5.83297215797759
