mae_mean	mae_single
6.114579354902755	6.0355622606406545
