mae_mean	mae_single
4.723625848573396	4.753596038725265
