mae_mean	mae_single
5.757076865070926	5.892511711726511
