mae_mean	mae_single
5.977735903707023	5.977735903707023
