mae_mean	mae_single
5.851546451550061	5.879273514644248
