mae_mean	mae_single
4.670028574316702	4.639804600817548
