mae_mean	mae_single
4.166120132964911	4.287237269001741
