mae_mean	mae_single
5.744750171655996	5.713895922717907
