mae_mean	mae_single
5.510195663564381	5.510937284394226
