mae_mean	mae_single
5.597366085378622	5.597366085378622
