mae_mean	mae_single
5.58587211860038	5.577978694391239
