mae_mean	mae_single
5.755559464031552	5.75755492019669
