mae_mean	mae_single
4.62399073859405	4.814211332500606
