mae_mean	mae_single
5.953343225902168	5.959579748718264
