mae_mean	mae_single
5.391116510235773	5.389581716537832
