mae_mean	mae_single
4.909936104625497	4.904178071954616
