mae_mean	mae_single
4.7019429839843925	4.655945987165121
