mae_mean	mae_single
5.09242672208192	5.157183548411418
