mae_mean	mae_single
5.680007187553931	5.686034557986874
