mae_mean	mae_single
5.155781885891681	5.161394712116348
