mae_mean	mae_single
5.530840471120206	5.4758551762022964
