mae_mean	mae_single
5.880691168306178	5.9987858960478855
