mae_mean	mae_single
5.668624527031707	5.518391281437414
