mae_mean	mae_single
5.887415790382793	5.890194703442369
