mae_mean	mae_single
5.336748409475271	5.325054998736541
