mae_mean	mae_single
5.385474558980016	5.39129565423203
