mae_mean	mae_single
4.901754857577115	4.903519014542364
