mae_mean	mae_single
5.1908342794817965	5.2025736701246394
