mae_mean	mae_single
5.171170277666725	5.108739626579397
