mae_mean	mae_single
5.613288577980448	5.732315875180796
