mae_mean	mae_single
5.50346002333357	5.459187360407142
