mae_mean	mae_single
4.539097211467365	4.593827070070757
