mae_mean	mae_single
5.847196298765211	5.836827240943515
