mae_mean	mae_single
5.432284322148769	5.4691768480685115
