mae_mean	mae_single
5.363233968328087	5.372381747822694
