mae_mean	mae_single
5.203979296566315	5.3551155083856745
