mae_mean	mae_single
5.304964722774424	5.30619185213414
