mae_mean	mae_single
4.205065805820792	4.498849701073234
