mae_mean	mae_single
5.508664289780101	5.5694532750731645
