mae_mean	mae_single
5.52810694230457	5.514539070534237
