mae_mean	mae_single
5.087763592556906	5.092239796222185
