mae_mean	mae_single
5.537925558220538	5.541108503813884
