mae_mean	mae_single
4.724467230284854	4.721802632922042
