mae_mean	mae_single
4.194587263857838	4.440126016539412
