mae_mean	mae_single
5.403718445759746	5.397151580438872
