mae_mean	mae_single
5.0450339165837725	4.902266728868938
