mae_mean	mae_single
5.509194822846864	5.536090805560665
