mae_mean	mae_single
5.8752798965973625	5.879098589639894
