mae_mean	mae_single
5.232006729468017	5.230750507083817
