mae_mean	mae_single
5.182678319225079	5.15003558183694
