mae_mean	mae_single
4.5452826410368035	4.575009531621131
