mae_mean	mae_single
5.117212408345867	5.207363965893191
