mae_mean	mae_single
6.540965872433297	6.539756949831584
