mae_mean	mae_single
5.532023242307644	5.612479761467653
