mae_mean	mae_single
5.6872249017689	5.688197454871639
