mae_mean	mae_single
4.165096509212124	4.169248169176904
