mae_mean	mae_single
5.967088140070906	5.990776382760489
