mae_mean	mae_single
4.961512542534356	5.007166289368006
