mae_mean	mae_single
4.735745809236474	4.6884221170271365
