mae_mean	mae_single
5.740430406976116	5.770253222286341
