mae_mean	mae_single
5.729450343408916	5.869898633317797
