mae_mean	mae_single
4.810373259231111	4.810373259231111
