mae_mean	mae_single
5.507497224020937	5.329397374522494
