mae_mean	mae_single
4.830649230501472	4.932667975082919
