mae_mean	mae_single
5.931820749300044	6.030973390872624
