mae_mean	mae_single
5.335284847680877	5.389350214123993
