mae_mean	mae_single
5.771096616301076	5.772017974861179
