mae_mean	mae_single
5.567856598318529	5.578809323390721
