mae_mean	mae_single
5.171591216990098	5.172145757486924
