mae_mean	mae_single
5.823948214309898	5.816167377956525
