mae_mean	mae_single
4.616401747032406	4.972866539432391
