mae_mean	mae_single
4.773713903375757	4.977762675290077
