mae_mean	mae_single
5.516469380960988	6.301294069876581
