mae_mean	mae_single
4.405570735453273	5.162389210619766
