mae_mean	mae_single
5.160910680915477	5.150809200522541
