mae_mean	mae_single
4.575725639893054	4.634179326788684
