mae_mean	mae_single
5.052525821434121	5.15576944010368
