mae_mean	mae_single
5.964436524270076	5.98404788180393
