mae_mean	mae_single
5.355349504305304	5.425607020796008
