mae_mean	mae_single
6.396708874156177	6.363370966875759
