mae_mean	mae_single
5.079423275272527	5.346697910678413
