mae_mean	mae_single
4.355146216152056	4.777349982982017
