mae_mean	mae_single
5.7107294892053675	5.708083002553283
