{"c_mean": 6.998419960022734, "c_single": 3.1622776601683795, "mae_mean": 4.39553768551836, "mae_single": 3.0765182019449973}