mae_mean	mae_single
5.446542306921644	5.476964431669642
