mae_mean	mae_single
5.274413278814359	5.284979678260244
