mae_mean	mae_single
5.565157730435432	5.531966444535591
