mae_mean	mae_single
5.556235886716945	5.557071262027305
