mae_mean	mae_single
5.610661713739308	5.640537459332337
