mae_mean	mae_single
4.465682291491854	4.493748099050701
