mae_mean	mae_single
6.119773230129224	6.120854655429443
