mae_mean	mae_single
6.023688859166942	5.9488149550195475
