mae_mean	mae_single
5.579866405708831	5.041605141248251
