mae_mean	mae_single
5.393560337435216	5.453492208983034
