mae_mean	mae_single
5.149606004184736	5.152007797521861
