mae_mean	mae_single
5.162277490858293	5.241984022931025
