mae_mean	mae_single
5.13435541478503	5.216786096209179
