mae_mean	mae_single
5.662999602479608	5.713605149677806
