{"c_mean": 3.4785640153042383, "c_single": 3.1622776601683795, "mae_mean": 5.365795292659388, "mae_single": 3.635508631322557}