mae_mean	mae_single
5.143376527241322	5.139340108938425
