mae_mean	mae_single
5.64945957670813	5.622514586067437
