mae_mean	mae_single
4.087084387457527	4.1229527945585245
