mae_mean	mae_single
4.689898999538535	4.700039240118311
