mae_mean	mae_single
5.135453327370022	5.311415619197825
