mae_mean	mae_single
4.728935232150244	4.725603153649998
