mae_mean	mae_single
4.837861574129721	5.256591571091186
