mae_mean	mae_single
5.331799728007554	5.333004493377201
