mae_mean	mae_single
5.076098382101165	5.141617531654459
