mae_mean	mae_single
5.494560856096296	5.60192121418847
