mae_mean	mae_single
6.035446874968858	6.105300494671599
