mae_mean	mae_single
5.431258018080329	5.435496884805604
