mae_mean	mae_single
4.2558964212779795	4.2214272551579395
