mae_mean	mae_single
4.8349112192929935	4.870479199628301
