mae_mean	mae_single
8.187212371037504	8.165592416392855
