mae_mean	mae_single
5.037400667398681	4.747406418119496
