mae_mean	mae_single
5.731298040119299	5.925645711271817
