mae_mean	mae_single
8.01465287258383	7.873188771974959
