mae_mean	mae_single
5.843069614311612	5.997897213161603
