mae_mean	mae_single
8.118962043252223	8.306907309420232
