mae_mean	mae_single
3.244453302670839	3.2406727843607968
