mae_mean	mae_single
0.275581952506613	0.30818473755739717
