mae_mean	mae_single
5.110026121659956	4.714784491040699
