mae_mean	mae_single
5.27847988290884	5.359409530241128
