mae_mean	mae_single
6.280510373326076	6.318126159015033
