mae_mean	mae_single
4.858127882729524	4.80253735028118
