mae_mean	mae_single
2.7554353067208552	2.306255232902482
