mae_mean	mae_single
6.22112583241982	6.223718145945668
