mae_mean	mae_single
4.386460919797561	3.9683715787039042
