mae_mean	mae_single
2.8655154485021086	2.5180771918205003
