mae_mean	mae_single
6.954886619480334	7.824850118065375
