mae_mean	mae_single
5.833110175343037	5.7840912967290405
