mae_mean	mae_single
6.087093411797738	6.243666290319017
