mae_mean	mae_single
4.909585873091198	4.900316814008851
