mae_mean	mae_single
5.82025068264691	5.846095584930367
