mae_mean	mae_single
3.0057539634940675	2.734383689745949
