mae_mean	mae_single
3.3330938785406468	3.3434199750960922
