mae_mean	mae_single
5.382693692275855	5.631052567190021
