mae_mean	mae_single
4.64432422007089	4.89821721615489
