mae_mean	mae_single
2.937823950315334	2.917310308774674
