mae_mean	mae_single
3.6355045526081446	3.6404271001299455
