mae_mean	mae_single
10.755329008103445	10.810664794064271
