mae_mean	mae_single
6.270952132357183	6.321067425580861
