mae_mean	mae_single
5.246086991756878	5.777027353527491
