mae_mean	mae_single
5.691091659573696	5.609238363513143
