mae_mean	mae_single
6.585653920002836	5.808115660938067
