mae_mean	mae_single
4.265965426037771	4.578069892316829
