mae_mean	mae_single
9.255942304728526	9.255942304728526
