mae_mean	mae_single
11.217638618333902	11.1949600196728
