mae_mean	mae_single
3.4363131036839243	3.4626795997273185
