mae_mean	mae_single
9.339579018692483	9.528229378297011
