mae_mean	mae_single
5.025126365628523	5.222525450374306
