mae_mean	mae_single
8.635146364368032	8.746066336525837
