mae_mean	mae_single
4.286955429500566	4.43130671494508
