mae_mean	mae_single
6.863425586711666	7.055373939896697
