mae_mean	mae_single
8.50676844255633	8.513283559566597
