mae_mean	mae_single
7.961850781426269	7.992715582305361
