mae_mean	mae_single
6.072579216601066	6.025873471310987
