mae_mean	mae_single
7.263477594703365	7.587446391129092
