mae_mean	mae_single
5.712743997866873	5.6406203860183055
