mae_mean	mae_single
5.716655457883576	5.359191434162838
