mae_mean	mae_single
6.0887243220633	6.0483688188045805
