mae_mean	mae_single
3.2026699089319997	3.2898011445886985
