mae_mean	mae_single
9.978822734262655	9.954480995429842
