mae_mean	mae_single
4.350652361246129	3.950978346909764
