mae_mean	mae_single
2.8003491242979046	2.8168881945916078
