mae_mean	mae_single
5.094192058770332	4.653476986889198
