mae_mean	mae_single
5.611617495478844	5.608715674393608
