mae_mean	mae_single
3.61159002362443	3.7974184699739126
