mae_mean	mae_single
1.701027457957558	1.7320005041496174
