mae_mean	mae_single
8.5041527379858	8.713099676210376
