mae_mean	mae_single
6.770075719116723	7.036751379960346
