mae_mean	mae_single
2.6435796674207572	3.011186049773471
