mae_mean	mae_single
3.769918841254371	2.700265233532685
