mae_mean	mae_single
6.72069316499083	6.668790144193015
