mae_mean	mae_single
2.728604328446058	2.7732706250322017
