mae_mean	mae_single
6.657798263104787	6.802879103996946
