mae_mean	mae_single
5.747383247164457	5.815706945475765
