mae_mean	mae_single
6.995574315014238	7.06016575642803
