mae_mean	mae_single
7.904963435666183	7.857085360942342
