mae_mean	mae_single
7.03656832152988	6.120250009355989
