mae_mean	mae_single
2.5280969377628444	2.7559330472146493
