mae_mean	mae_single
1.222216017075695	1.2162681807396087
