mae_mean	mae_single
6.016056835536195	5.887843278438903
