mae_mean	mae_single
7.802780579499104	7.833292634903368
