mae_mean	mae_single
2.600318345363642	2.6267131812785416
