mae_mean	mae_single
9.56002067776627	9.996739494485581
