mae_mean	mae_single
2.947646477318235	2.9541170831749923
