mae_mean	mae_single
3.5388492567211927	3.572872651991768
