mae_mean	mae_single
5.685085775203753	5.700243695255658
