mae_mean	mae_single
6.282148751517553	6.26548295939737
