mae_mean	mae_single
7.9141065595950835	7.611663776928348
