mae_mean	mae_single
7.370859565436831	7.093747310540664
