mae_mean	mae_single
4.73991414539573	4.675744018830646
