mae_mean	mae_single
4.546676601139272	4.546676601139272
