mae_mean	mae_single
5.861051039078163	5.3869376988708
