mae_mean	mae_single
4.336045538783201	4.3862865092239645
