mae_mean	mae_single
7.699898069323699	7.7292640473927605
