mae_mean	mae_single
1.0342423059234562	0.8792638239620013
