mae_mean	mae_single
4.975924774691914	5.036368943598234
