mae_mean	mae_single
7.77826361909095	8.223585286142495
