mae_mean	mae_single
3.169759810059555	3.097660306562119
