mae_mean	mae_single
8.348930084086225	8.092206120355579
