mae_mean	mae_single
13.555719512709565	13.6222770923805
