mae_mean	mae_single
2.7223874312709313	2.3520357711952378
