mae_mean	mae_single
10.097095574925374	9.991845223832184
