mae_mean	mae_single
4.313699456530737	4.2987127946372965
