mae_mean	mae_single
8.234093744966577	8.132034631051601
