mae_mean	mae_single
8.429101761810736	8.355205501749296
