mae_mean	mae_single
0.8805942149536131	0.8960975916657645
