mae_mean	mae_single
5.620707479371172	7.1290197714714525
