mae_mean	mae_single
5.738610262954633	5.981639095819958
