mae_mean	mae_single
7.331341084483952	7.178011247086299
