mae_mean	mae_single
6.000276369305335	6.557411718748189
