mae_mean	mae_single
4.311805894155522	4.312536786069387
