mae_mean	mae_single
6.590278826427711	6.549921737248852
