mae_mean	mae_single
6.834854038843972	6.989057620324199
