mae_mean	mae_single
6.243604245126193	6.085264861399779
