mae_mean	mae_single
8.304203093147464	7.907348215208477
