mae_mean	mae_single
3.353296309657061	2.372825095430038
