mae_mean	mae_single
6.524699207192938	6.752232349585469
