mae_mean	mae_single
4.188747573749751	4.159886063364904
