mae_mean	mae_single
0.9396848163502606	0.8405702308763902
