mae_mean	mae_single
7.823325048604083	7.8570977546339575
