mae_mean	mae_single
5.427702576795795	4.384558710562591
