mae_mean	mae_single
6.202298343251438	6.197273759250488
