mae_mean	mae_single
7.952862923668732	8.242693660517114
