mae_mean	mae_single
5.486833381501299	5.699074455175965
