mae_mean	mae_single
3.8533466793216413	3.8338366105668675
