mae_mean	mae_single
8.034773804305706	8.026549430898863
