mae_mean	mae_single
5.7959894011930215	5.891712711076143
