mae_mean	mae_single
8.245288571860259	8.658943794425097
