mae_mean	mae_single
5.070568548739719	5.17501781297382
