mae_mean	mae_single
4.715645621143032	4.410226864698916
