mae_mean	mae_single
2.8276882026923524	3.1543440407126155
