mae_mean	mae_single
7.959011132760385	7.972120021545602
