mae_mean	mae_single
12.074632114635525	12.17386216257419
