mae_mean	mae_single
4.618170624828522	4.536976423407026
