mae_mean	mae_single
6.273004032349038	6.631322374452999
