mae_mean	mae_single
8.08548482115549	8.07552548865244
