mae_mean	mae_single
2.1056375850627282	2.330192679442476
