mae_mean	mae_single
6.488731364656306	6.476330542667751
