mae_mean	mae_single
7.622846593773677	7.782871709363012
