mae_mean	mae_single
5.695820229812544	5.553386306693038
