mae_mean	mae_single
3.6176901745161225	3.4014693759324595
