mae_mean	mae_single
3.871134418237214	3.9565941885529647
