mae_mean	mae_single
3.9124199756372064	4.0193397465795515
