mae_mean	mae_single
3.4047121738320953	4.191876653771705
