mae_mean	mae_single
10.342494308901811	10.337751857879303
