mae_mean	mae_single
7.370694830526095	7.174532364563845
