mae_mean	mae_single
1.5530222769778323	1.7036002299027946
