mae_mean	mae_single
4.4468837655304485	4.524400977819241
