mae_mean	mae_single
6.656873064467734	7.4014255811309155
