mae_mean	mae_single
5.488562904060615	5.2952745234976435
