mae_mean	mae_single
3.5630857225493364	3.556984138914989
