mae_mean	mae_single
10.981996726254524	10.977174156929287
