mae_mean	mae_single
2.4611058862370876	2.311681096813866
