mae_mean	mae_single
7.7287617210142185	7.805612210554988
