mae_mean	mae_single
7.968592189087417	8.006066321963495
