mae_mean	mae_single
5.269452962321243	5.896489081949838
