mae_mean	mae_single
7.812091144926183	7.904068692473902
