mae_mean	mae_single
4.379898622560996	4.585138986656237
