mae_mean	mae_single
4.203887620873942	4.079837376326718
