mae_mean	mae_single
7.0714434981418846	6.787106978320651
