mae_mean	mae_single
8.521472245530262	8.736750606378322
