mae_mean	mae_single
4.334009474878971	4.511343047557287
