mae_mean	mae_single
5.756088517613193	5.665033328372336
