mae_mean	mae_single
7.767769350461862	7.034013417591382
