mae_mean	mae_single
6.176291870203919	6.216173643788298
