mae_mean	mae_single
4.846873589524766	4.8487278731514465
