mae_mean	mae_single
1.248045883504517	1.692696042661936
