mae_mean	mae_single
8.64840466927007	8.603619606040231
