mae_mean	mae_single
4.505543583457434	4.567138962904717
