mae_mean	mae_single
4.554724389616889	4.418735816295471
