mae_mean	mae_single
4.6478810726588335	4.678504118503952
