mae_mean	mae_single
4.849399371306106	4.507902505049468
