mae_mean	mae_single
12.14815140632025	12.544313452442104
