mae_mean	mae_single
6.358855576431023	6.097500375489335
