mae_mean	mae_single
2.088957374867666	2.075910464037117
