mae_mean	mae_single
2.824962441160494	2.557816280910932
