mae_mean	mae_single
2.8634883477213102	3.5005081573412533
