mae_mean	mae_single
2.0904230575882394	2.154528610034518
