mae_mean	mae_single
4.324822101156542	4.134287562650106
