mae_mean	mae_single
4.144956706318179	3.8392729957918164
