mae_mean	mae_single
4.4692778825416	4.508491202169552
