mae_mean	mae_single
5.73063827121391	5.653881396427924
