mae_mean	mae_single
4.463880322107187	4.471505151274414
