mae_mean	mae_single
2.901086959305374	3.137968495108519
