mae_mean	mae_single
5.545499687266755	5.908424849354238
