mae_mean	mae_single
4.348242909042962	4.214137451629834
