mae_mean	mae_single
5.86512396470165	6.967677385096032
