mae_mean	mae_single
2.431178599796079	2.6267749668099802
