mae_mean	mae_single
7.348445830947952	7.000250041753257
