mae_mean	mae_single
9.011502963399366	9.124479054252484
