mae_mean	mae_single
5.275557523476469	5.080588203832733
