mae_mean	mae_single
2.085014828539111	2.7145629737443593
