mae_mean	mae_single
6.166720935396228	6.309361977763548
