mae_mean	mae_single
6.824208121212744	6.220304445263949
