mae_mean	mae_single
3.186564704131906	3.17231793511165
