mae_mean	mae_single
6.205650678665798	6.266475372137253
