mae_mean	mae_single
6.259551838241644	6.06496982376098
