mae_mean	mae_single
5.203724795259954	5.15224910775341
