mae_mean	mae_single
5.437762717307493	5.287696599993282
