mae_mean	mae_single
6.180092280974232	6.152145004478878
