mae_mean	mae_single
5.223663779588629	5.044182902580649
