mae_mean	mae_single
1.590694764901509	2.035946744146225
