mae_mean	mae_single
4.666301242597608	4.740446371571707
