mae_mean	mae_single
4.392881869443658	4.617071977427071
