mae_mean	mae_single
4.806146354060776	4.852350499082931
