mae_mean	mae_single
10.076428012196525	10.374566052657196
