mae_mean	mae_single
6.33159184105386	6.311730341765525
