mae_mean	mae_single
9.404660603668928	9.51222932955175
