mae_mean	mae_single
7.613636923866518	8.3191759910126
