mae_mean	mae_single
11.253597128796464	11.296596442601595
