mae_mean	mae_single
7.704998676287929	7.930609210538809
