mae_mean	mae_single
6.2667116181945035	6.259222705346471
