mae_mean	mae_single
3.377676771157463	3.395126067866537
