mae_mean	mae_single
2.671673825158711	1.52040244393982
