mae_mean	mae_single
2.689811781964257	2.5870980903639236
