mae_mean	mae_single
0.8954495582108422	0.6857158054659843
