mae_mean	mae_single
7.806992491313896	7.844390088015028
