mae_mean	mae_single
6.142918602789488	6.338083188826313
