mae_mean	mae_single
10.758165483081136	10.698435248480543
