mae_mean	mae_single
4.938420383399891	5.289952283836456
