mae_mean	mae_single
5.598028575621001	5.401775316778749
