mae_mean	mae_single
8.11074037801624	8.01406601975485
