mae_mean	mae_single
7.588873003342928	7.583748646993885
