mae_mean	mae_single
14.88315236370846	14.940346581818831
