mae_mean	mae_single
6.281778309598489	6.27321185864389
