mae_mean	mae_single
6.8739063929106505	7.464844914554003
