mae_mean	mae_single
7.064468982149923	7.055076169049106
