mae_mean	mae_single
2.552566803279992	2.2639891105246903
