mae_mean	mae_single
5.830061361675287	5.905962315490039
