mae_mean	mae_single
5.692044333324745	5.6161952540532525
