mae_mean	mae_single
5.06287175080153	5.092013149591144
