mae_mean	mae_single
9.851940451540202	9.836651267300473
