mae_mean	mae_single
4.027316913962873	4.271749151375403
