mae_mean	mae_single
6.873516192324568	7.063616119946819
