mae_mean	mae_single
5.481528385608814	5.398081392553036
