mae_mean	mae_single
1.9348167136809025	2.0716092407899396
