mae_mean	mae_single
5.055846271976733	5.0693723768084356
