mae_mean	mae_single
6.1281593969363115	5.994781833421442
