mae_mean	mae_single
5.529078915804287	5.037707918245194
