mae_mean	mae_single
6.246475269743087	6.669025230983697
