mae_mean	mae_single
6.32215309481816	7.244388678592872
