mae_mean	mae_single
4.145942380941368	4.214400435185955
