mae_mean	mae_single
5.779104842279284	5.80566402840098
