mae_mean	mae_single
3.288100188960987	3.1865535515253924
