mae_mean	mae_single
8.838268273271177	8.692151212237908
