mae_mean	mae_single
5.498812485238133	3.645908406533735
