mae_mean	mae_single
8.190198113820536	8.543942378689415
