mae_mean	mae_single
8.479122537862699	9.492147684837013
