mae_mean	mae_single
5.780260951418062	6.237008005786606
