mae_mean	mae_single
11.092464731337037	11.155658826571676
