mae_mean	mae_single
4.838130883449907	5.273764217034123
