mae_mean	mae_single
6.899883366087546	6.570811212794074
