mae_mean	mae_single
6.804120832938064	6.802664804204032
