mae_mean	mae_single
8.397961079379101	8.222492358647566
