mae_mean	mae_single
4.837650913307542	4.892115434693745
