mae_mean	mae_single
5.667458775335831	5.624058661137544
