mae_mean	mae_single
9.287277234153029	9.22322282589001
