mae_mean	mae_single
3.5891489908645156	3.586269011576526
