mae_mean	mae_single
11.348127994266045	11.272010284159691
