mae_mean	mae_single
4.913632607548389	5.266882091584762
