y	y_hat	y_index
58.1808219178082	72.1147963266872	435
61.7849315068493	73.70491255011966	436
76.0561643835616	73.8913827796335	437
