y	y_hat	y_index
66.6397260273973	75.2654549040527	432
76.1780821917808	72.41780652904859	433
68.9479452054795	73.71190703974261	434
