y	y_hat	y_index
76.1753424657534	76.1573665991638	117
68.3068493150685	74.27910505623092	118
75.3452054794521	73.5344820511132	119
