y	y_hat	y_index
74.1342465753425	74.29180638229934	420
74.4698630136986	72.84458415470148	421
78.1808219178082	71.79649828994937	422
