y	y_hat	y_index
75.8780821917808	73.44894248795669	3
71.2671232876712	71.88127069101749	4
61.0808219178082	72.18447167406688	5
