y	y_hat	y_index
68.9616438356164	73.66905611793136	180
76.7671232876712	71.70954955610797	181
72.4479452054795	74.24299922956624	182
