y	y_hat	y_index
76.0424657534247	71.84076783287608	630
61.5917808219178	74.44705877473756	631
75.7424657534247	73.72287489749999	632
