y	y_hat	y_index
74.9643835616438	74.16729078751747	696
73.8616438356164	72.54244024916193	697
75.1808219178082	74.65533563352817	698
