y	y_hat	y_index
60.672602739726	73.11899669076341	576
75.5	74.14306527795014	577
57.6835616438356	73.8167011735363	578
