y	y_hat	y_index
79.5808219178082	72.68099311109367	213
68.0506849315069	71.70325360211994	214
80.1835616438356	73.23662859513406	215
