y	y_hat	y_index
89.5835616438356	74.83262329450818	63
67.7328767123288	74.13666008478394	64
61.5369863013699	74.14305596597674	65
