y	y_hat	y_index
71.9671232876712	71.0835136976142	81
69.7095890410959	71.52698917681425	82
69.2260273972603	72.79628684424965	83
