y	y_hat	y_index
60.1671232876712	72.83406427048004	489
76.5342465753425	76.90331625127799	490
69.172602739726	72.59709222548557	491
