y	y_hat	y_index
73.958904109589	71.9142221382348	486
83.258904109589	73.62524069515618	487
68.2780821917808	72.91302495791626	488
