y	y_hat	y_index
70.1534246575342	73.42308310257663	710
78.7479452054795	74.83930566879289	711
