y	y_hat	y_index
79.5232876712329	73.08627738679604	477
71.7657534246575	72.17504615501838	478
60.718372666497935	72.69108174874732	479
