y	y_hat	y_index
84.2698630136986	75.05380859240879	129
71.172602739726	71.80413509637012	130
82.9561643835616	71.81702821645281	131
