y	y_hat	y_index
65.086301369863	73.05576914069059	183
69.1657534246575	76.52203473506094	184
71.6835616438356	72.19325221133109	185
