y	y_hat	y_index
78.5369863013699	74.1055199153988	642
67.9986301369863	73.40072752208673	643
56.272602739726	71.95149718261189	644
