y	y_hat	y_index
62.7808219178082	71.66908433446764	234
81.3232876712329	76.81015670766129	235
76.0616438356164	71.46220810793145	236
