y	y_hat	y_index
67.7616438356164	71.951738194179	492
79.2890410958904	71.1379090776047	493
69.8643835616438	72.45093150887125	494
