y	y_hat	y_index
77.758904109589	73.14656022169358	381
77.1369863013699	72.45291715571433	382
89.5616438356164	73.94544758972499	383
