y	y_hat	y_index
82.2808219178082	71.7634968441732	597
81.1958904109589	73.09291410073241	598
61.0643835616438	72.73536890255845	599
