y	y_hat	y_index
64.9753424657534	75.36977914059774	12
74.3616438356164	75.71436577666566	13
64.4315068493151	73.15697259705973	14
