y	y_hat	y_index
70.3246575342466	73.89470412460612	342
79.1698630136986	71.98498356307277	343
78.8383561643836	72.79919647850595	344
