y	y_hat	y_index
65.2561643835616	71.20750066923065	456
75.6808219178082	70.83175002295904	457
74.9835616438356	72.143940020936	458
