y	y_hat	y_index
70.1808219178082	73.30638316958587	675
64.9561643835616	72.33942001222705	676
67.3671232876712	71.37125914715071	677
