y	y_hat	y_index
72.8643835616438	75.13057145679588	722
73.8041095890411	74.03401346089807	723
