y	y_hat	y_index
86.3630136986301	74.23675082786716	51
82.672602739726	74.37477551414932	52
71.6808219178082	71.48436343717412	53
