y	y_hat	y_index
71.8424657534247	73.2190888559915	684
75.9369863013699	72.67746108198963	685
72.9849315068493	71.35420770419337	686
