y	y_hat	y_index
78.2671232876712	72.0816044164591	459
84.3452054794521	73.41155455679721	460
81.8397260273973	73.67159053583208	461
