y	y_hat	y_index
78.0616438356164	74.7565253704727	417
69.9986301369863	73.37720342391027	418
80.2712328767123	73.54709098115516	419
