y	y_hat	y_index
72.7013698630137	71.97806843422904	57
77.8342465753425	73.14353330305582	58
79.7643835616438	74.86945895166336	59
