y	y_hat	y_index
89.0698630136986	75.38920586272219	570
77.2260273972603	74.02020217639817	571
79.5616438356164	77.70870039822566	572
