y	y_hat	y_index
67.9041095890411	71.13976481136413	705
70.4397260273973	73.86745794427131	706
62.8479452054794	73.32279005988298	707
