y	y_hat	y_index
61.8616438356164	73.64433940776688	474
68.1561643835616	72.27854865270767	475
76.2698630136986	73.3620864579236	476
