y	y_hat	y_index
83.9095890410959	74.21147217318315	108
77.3616438356164	72.45065693024654	109
79.1082191780822	71.60474425505431	110
