y	y_hat	y_index
77.658904109589	73.24032471027034	132
75.7808219178082	72.35534253808653	133
77.5698630136986	75.28089147926653	134
