y	y_hat	y_index
69.9506849315069	76.93015955184143	288
70.7260273972603	72.37277075928397	289
71.3424657534247	72.3242574978625	290
