y	y_hat	y_index
78.4671232876712	72.8825074710207	222
74.5424657534247	72.54220650263414	223
76.0369863013699	76.92699855741033	224
