y	y_hat	y_index
84.5356164383562	72.65335223972738	18
69.3849315068493	74.66124072941574	19
71.1561643835616	72.26376392855624	20
