y	y_hat	y_index
70.1616438356164	72.65471481205694	669
81.0835616438356	73.40820059480798	670
59.1671232876712	72.3334821194759	671
