y	y_hat	y_index
59.4616438356164	73.45929576872823	624
70.8178082191781	75.31655336220453	625
67.7397260273973	73.12888129553785	626
