y	y_hat	y_index
67.6643835616438	72.91675791292107	231
78.3698630136986	71.91365923515494	232
71.958904109589	73.19142434936028	233
