y	y_hat	y_index
63.9821917808219	72.05187372466578	87
78.2808219178082	73.6394700183223	88
65.772602739726	72.0280281808507	89
