y	y_hat	y_index
62.8698630136986	72.64383367095392	177
80.3534246575342	74.30714885409724	178
63.7506849315068	72.28732460057117	179
