y	y_hat	y_index
61.0424657534247	72.36240560976232	444
68.058904109589	72.46563619897121	445
74.9260273972603	72.12382373236838	446
