y	y_hat	y_index
62.2616438356164	72.73068870548109	375
82.627397260274	73.51183563645706	376
78.9479452054795	74.65551830087996	377
