y	y_hat	y_index
71.9643835616438	72.46032092007313	585
71.3479452054795	73.03392463277427	586
83.0616438356164	72.67731790009124	587
