y	y_hat	y_index
64.7698630136986	72.63773480721407	45
77.7643835616438	73.72745265432496	46
60.7616438356164	71.97183716364587	47
