y	y_hat	y_index
66.6753424657534	71.34065303154276	225
73.5808219178082	73.14306789961715	226
78.8835616438356	73.13355570426764	227
