y	y_hat	y_index
83.2643835616438	74.40002404417748	519
84.6671232876712	75.41613444426592	520
70.8287671232877	73.30369552255111	521
