y	y_hat	y_index
71.0041095890411	73.42112302159215	528
76.4753424657534	72.79485341227817	529
68.4643835616438	71.07014195353364	530
