y	y_hat	y_index
73.6616438356164	76.09382377228566	336
73.6465753424658	71.6841210033251	337
75.0671232876712	71.80405715364117	338
