y	y_hat	y_index
65.286301369863	73.58337594897186	681
73.8438356164384	73.27803992353252	682
73.4260273972603	72.77961823909638	683
