y	y_hat	y_index
76.3424657534247	72.51069881709371	702
74.7041095890411	76.53984522124463	703
80.4616438356164	73.07718932041254	704
