y	y_hat	y_index
69.2013698630137	72.86728455597702	648
72.2397260273973	72.36329643880399	649
70.4753424657534	71.45794165608791	650
