y	y_hat	y_index
60.0232876712329	71.97794256640252	366
81.7013698630137	73.11364456129645	367
71.0506849315069	73.94457816939858	368
