y	y_hat	y_index
71.2808219178082	73.8606163573245	730
76.0232876712329	71.89648949143508	731
