y	y_hat	y_index
73.8643835616438	73.6761085740174	207
75.0397260273973	75.24653752268479	208
91.3068493150685	75.06543673618214	209
