y	y_hat	y_index
62.1780821917808	72.44769192794956	318
58.9424657534247	74.01075213619387	319
65.5671232876712	74.2736111515314	320
