y	y_hat	y_index
80.3013698630137	77.4125994794204	531
73.0534246575342	74.6268116136613	532
69.1986301369863	73.3269378404298	533
