y	y_hat	y_index
78.986301369863	74.69669742723778	105
72.2095890410959	73.98007492899929	106
78.9657534246575	72.05137695171649	107
