y	y_hat	y_index
70.1027397260274	71.98475430355705	716
87.0808219178082	76.47562800508547	717
