y	y_hat	y_index
75.8753424657534	73.46952840529883	708
71.0753424657534	72.07158332121394	709
