y	y_hat	y_index
73.258904109589	73.02080905921859	339
84.1643835616438	76.69209308305655	340
84.4616438356164	73.33049824459583	341
