y	y_hat	y_index
79.5657534246575	71.01842497026271	372
75.2452054794521	71.5116277087842	373
80.9849315068493	72.76127561538007	374
