y	y_hat	y_index
89.2780821917808	73.47677383646584	438
77.0643835616438	75.24754218652808	439
77.1397260273973	74.59579626285549	440
