y	y_hat	y_index
90.272602739726	74.01736512329913	666
66.4561643835616	71.20528585353041	667
71.5643835616438	76.50523848305832	668
