y	y_hat	y_index
81.8835616438356	73.47632144433413	501
73.558904109589	73.77218356030579	502
63.3452054794521	71.77994315484509	503
