y	y_hat	y_index
82.3958904109589	74.3878786693001	273
74.7342465753425	73.60756692147552	274
72.158904109589	73.93072637188766	275
