y	y_hat	y_index
69.9479452054795	73.49325407012915	162
75.9671232876712	73.2019989944342	163
81.4821917808219	72.68042293651251	164
