y	y_hat	y_index
79.2616438356164	75.68563655818298	171
79.386301369863	75.24294822303192	172
61.7808219178082	72.49021730191215	173
