y	y_hat	y_index
84.3616438356164	73.74745902343824	168
85.5369863013699	73.42344003115878	169
75.0671232876712	72.7480641178018	170
