y	y_hat	y_index
71.3835616438356	72.4579696489355	429
78.072602739726	73.97802455438514	430
70.8835616438356	73.0081112527831	431
