y	y_hat	y_index
72.2068493150685	72.6625804308416	718
72.7780821917808	72.68264940254068	719
