y	y_hat	y_index
65.8205479452055	71.25954966445633	498
80.8698630136986	76.02052717655975	499
70.5616438356164	72.35525702111534	500
