y	y_hat	y_index
73.558904109589	72.24010193535669	369
65.086301369863	73.86055357930682	370
70.6671232876712	73.01189604681917	371
