y	y_hat	y_index
68.0479452054795	73.13023163897623	75
81.6397260273973	72.49414783726017	76
68.2753424657534	72.54764064830822	77
