y	y_hat	y_index
84.2808219178082	73.6784036171991	465
60.0534246575343	72.41811214016856	466
78.058904109589	72.81202808182557	467
