y	y_hat	y_index
68.872602739726	72.00707625696641	270
78.2671232876712	71.46595661048678	271
71.158904109589	72.83666716987582	272
