y	y_hat	y_index
80.9534246575342	74.17801912135982	561
79.9452054794521	73.60453788831637	562
72.3808219178082	71.49799131732549	563
