y	y_hat	y_index
79.2452054794521	75.52256274812581	720
81.8671232876712	73.33344722512487	721
