y	y_hat	y_index
64.0534246575342	72.72087419225522	357
73.0602739726027	71.24046940938833	358
65.3561643835616	71.87128661163369	359
