y	y_hat	y_index
59.6616438356164	71.2189648776911	345
87.6534246575342	74.30940053090058	346
70.5123287671233	74.29104563171377	347
