y	y_hat	y_index
76.1780821917808	75.37593660382502	240
80.1794520547945	71.93713735136801	241
73.6506849315069	72.00588805524116	242
