y	y_hat	y_index
73.5479452054795	72.7856273573504	564
87.5506849315069	73.01184133558341	565
72.8506849315069	71.56460962814661	566
