y	y_hat	y_index
65.4931506849315	74.6095776522285	228
73.3301369863014	72.71107268767227	229
68.2506849315069	75.70908778593868	230
