y	y_hat	y_index
86.3917808219178	75.3837555588516	654
72.5780821917808	71.1391479178702	655
78.9753424657534	75.27422092590263	656
