y	y_hat	y_index
79.1424657534247	73.26998353154055	513
73.2616438356164	72.89005638736664	514
64.3027397260274	75.32693560873307	515
