y	y_hat	y_index
88.5698630136986	72.21384709678284	261
76.8657534246575	73.62255672736165	262
87.7698630136986	73.71615977290848	263
