y	y_hat	y_index
71.4780821917808	74.47890519634375	525
65.6561643835616	73.48990088599261	526
71.9479452054795	74.25308156616853	527
