y	y_hat	y_index
75.1452054794521	73.54988789997628	621
67.7561643835616	73.45037274949023	622
61.972602739726	72.94435702971477	623
