y	y_hat	y_index
64.5616438356164	72.27061968605956	279
71.158904109589	72.46896869819527	280
77.0643835616438	71.6649849385109	281
