y	y_hat	y_index
83.9643835616438	72.10325704801964	312
84.8671232876712	73.3419141355448	313
70.9643835616438	73.09835322356223	314
