y	y_hat	y_index
70.1068493150685	72.2179421108728	24
85.2808219178082	77.0530512057823	25
77.3808219178082	71.91132653867467	26
