y	y_hat	y_index
73.9808219178082	71.92679239762549	96
84.0424657534247	74.23402780287853	97
75.572602739726	72.88687209653655	98
