y	y_hat	y_index
72.63989854950165	76.29290297557799	90
82.0780821917808	71.12328553357239	91
78.1698630136986	73.02070233797484	92
