y	y_hat	y_index
88.7369863013699	73.94239342798788	384
75.8534246575342	75.64084506703918	385
87.758904109589	75.73156768326794	386
