y	y_hat	y_index
76.3561643835616	73.57245424230739	537
69.1780821917808	73.89557803601527	538
82.6424657534247	75.40277391626822	539
