y	y_hat	y_index
74.6013698630137	71.97161080983078	333
76.2835616438356	71.6646853184233	334
73.958904109589	74.72529020646991	335
