y	y_hat	y_index
54.2739726027397	73.04380499499436	522
74.8164383561644	73.00455132525018	523
61.9561643835616	74.32043513915629	524
