y	y_hat	y_index
69.1876712328767	73.77387262887363	9
77.5616438356164	73.69786291149397	10
59.7616438356164	73.3056847689489	11
