y	y_hat	y_index
76.6808219178082	74.03963203814341	363
86.5808219178082	72.84322346800151	364
77.4479452054795	74.98028728039831	365
