y	y_hat	y_index
75.5616438356164	73.43163519409327	387
79.1671232876712	72.8254151210235	388
79.2534246575342	74.33350049938346	389
