y	y_hat	y_index
69.4753424657534	73.1292457875825	276
65.8753424657534	74.15296712025352	277
72.6452054794521	73.64909518558945	278
