y	y_hat	y_index
69.4808219178082	74.76111564413974	609
83.6205479452055	75.45388260177278	610
75.1643835616438	73.0001682456282	611
