y	y_hat	y_index
79.3561643835616	74.14022047078109	399
73.9616438356164	72.10880834352099	400
75.3972602739726	73.44877778836633	401
