y	y_hat	y_index
80.2794520547945	72.33210383847998	396
77.6616438356164	74.92851836267805	397
61.0	73.41922051871822	398
