y	y_hat	y_index
66.8643835616438	73.91436438976761	126
75.458904109589	73.39160739365839	127
79.2753424657534	72.5659474393784	128
