y	y_hat	y_index
78.1698630136986	75.90693471976412	690
79.0479452054795	74.61409496720775	691
77.3452054794521	75.445437666152	692
