y	y_hat	y_index
76.3397260273973	72.85343253173147	543
83.2342465753425	74.8502107012713	544
64.7561643835616	74.99791950540285	545
