y	y_hat	y_index
79.6849315068493	74.635277713243	651
68.8616438356164	74.982203665984	652
64.9712328767123	71.1418021069926	653
