y	y_hat	y_index
71.727397260274	73.31195714457914	72
71.8561643835616	74.30591470300571	73
66.3780821917808	71.15724383897756	74
