y	y_hat	y_index
66.4369863013699	72.76461240667135	712
65.5671232876712	75.17668156054458	713
