y	y_hat	y_index
79.5698630136986	71.90825817643409	441
77.7753424657534	72.75072700982578	442
72.4849315068493	73.31534196402949	443
