y	y_hat	y_index
78.3452054794521	74.44169102195704	303
63.5232876712329	72.00738449257305	304
79.3643835616438	71.77860005116466	305
