y	y_hat	y_index
67.9671232876712	72.92352951504749	48
84.1506849315069	74.6796053633371	49
67.5671232876712	73.44986464947527	50
