y	y_hat	y_index
56.3027397260274	76.97388109702969	483
64.5808219178082	72.7030163634802	484
79.1671232876712	75.69447208003517	485
