y	y_hat	y_index
84.1397260273973	73.39361341742206	552
75.3260273972603	74.76199560457583	553
78.4013698630137	72.63538126569918	554
