y	y_hat	y_index
83.1506849315069	77.43602725863775	546
71.7506849315069	76.6813610859637	547
71.5260273972603	73.49235643255616	548
