y	y_hat	y_index
55.8671232876712	73.38655147047196	657
84.5506849315069	74.6752489641445	658
62.3821917808219	71.4317818496195	659
