y	y_hat	y_index
77.1260273972603	72.86306943508094	195
70.1260273972603	73.0901888864137	196
81.5424657534247	73.60204638882725	197
