y	y_hat	y_index
65.2657534246575	72.9115296107153	36
77.6616438356164	72.9616668286115	37
67.958904109589	73.10333500155215	38
