y	y_hat	y_index
73.9561643835616	70.6030314038946	728
79.9397260273973	72.29523403658803	729
