y	y_hat	y_index
74.8452054794521	75.17874598141712	27
57.6315068493151	72.45748851382675	28
71.5794520547945	73.63576067718174	29
