y	y_hat	y_index
68.5342465753425	73.61481185832568	306
78.1452054794521	72.69139535450338	307
69.458904109589	74.11314395406168	308
