y	y_hat	y_index
67.9342465753425	74.1331150941288	693
78.5287671232877	74.66747009536134	694
88.3315068493151	76.60123961191766	695
