y	y_hat	y_index
71.258904109589	73.00161338061928	612
57.6616438356164	73.88374722267618	613
72.7671232876712	73.58096614430607	614
