y	y_hat	y_index
72.772602739726	75.05831744830903	285
77.4232876712329	73.15113421570076	286
54.9671232876712	73.11153635845577	287
