y	y_hat	y_index
70.472602739726	73.37660491783859	471
76.4232876712329	72.70096238480477	472
85.1547945205479	74.32036993714789	473
