y	y_hat	y_index
75.758904109589	75.14036741672412	327
61.7671232876712	72.05280173072394	328
80.8534246575342	73.21736295052914	329
