y	y_hat	y_index
69.4178082191781	76.79185332848715	618
65.9890410958904	72.81115446842723	619
83.1808219178082	73.96863866115677	620
