y	y_hat	y_index
70.8616438356164	73.26106828000887	330
84.7424657534247	72.59951727629642	331
62.7643835616438	72.08059941112926	332
