y	y_hat	y_index
81.0643835616438	72.9223803216619	21
79.0342465753425	73.77944211237208	22
71.7452054794521	74.01938911526568	23
