y	y_hat	y_index
77.9342465753425	73.96887880792976	687
66.4232876712329	73.03747324308583	688
80.6397260273973	73.83131116308391	689
