y	y_hat	y_index
61.0178082191781	72.23471154947035	507
78.4780821917808	75.82411308557548	508
77.2479452054795	73.52344574787212	509
