y	y_hat	y_index
77.8150684931507	72.8422345274922	378
75.5671232876712	70.91524104067423	379
82.0287671232877	73.60531282933458	380
