y	y_hat	y_index
74.7287671232877	73.84623990669455	594
55.8808219178082	73.02516995763588	595
68.1643835616438	72.90412731525176	596
