y	y_hat	y_index
69.5534246575342	73.95364262788947	30
71.3808219178082	76.03254076027977	31
60.6616438356164	74.91301507417515	32
