y	y_hat	y_index
61.2698630136986	73.57787681019379	141
74.2808219178082	73.96577149204367	142
62.8753424657534	70.22289743689689	143
