y	y_hat	y_index
72.3616438356164	71.56698795822014	147
73.5780821917808	72.51934570612288	148
84.4452054794521	73.1392150831136	149
