y	y_hat	y_index
62.1205479452055	73.43931932943904	411
68.9890410958904	75.2645250911892	412
77.9397260273973	72.34769624388699	413
