y	y_hat	y_index
79.8520547945206	75.758308298205	66
90.2561643835616	74.76309464056364	67
71.058904109589	72.33674772871643	68
