y	y_hat	y_index
82.3917808219178	75.36160149734106	246
74.1849315068493	75.0595498080679	247
55.4164383561644	72.24750644594982	248
