y	y_hat	y_index
83.3780821917808	72.14405966901401	138
60.6835616438356	71.72607240595502	139
84.7506849315069	73.749824022382	140
