y	y_hat	y_index
81.8821917808219	73.1510777676489	636
63.9753424657534	73.12648831281722	637
76.5616438356164	73.25049674940344	638
