y	y_hat	y_index
70.4698630136986	75.1278583089106	516
86.6369863013699	74.95694239305595	517
77.8835616438356	75.22682532419998	518
