y	y_hat	y_index
71.8698630136986	75.57315109243594	204
62.7616438356164	72.73123761556317	205
85.8753424657534	75.4439029115204	206
