y	y_hat	y_index
69.9835616438356	73.9789526234702	0
72.5561643835616	74.5443634682235	1
71.3616438356164	71.69496652650808	2
