y	y_hat	y_index
63.0808219178082	73.65866697482365	54
61.558904109589	72.14727549302303	55
61.9958904109589	73.10417041975283	56
