y	y_hat	y_index
73.9424657534247	72.74346006184138	390
71.9041095890411	73.42426461522042	391
70.8260273972603	75.49018433820892	392
