y	y_hat	y_index
71.6835616438356	71.89145135518048	156
77.872602739726	75.29860071848061	157
70.7671232876712	75.9159705573432	158
