y	y_hat	y_index
56.4835616438356	72.88276622483838	15
79.4849315068493	71.79459628586834	16
73.6328767123288	73.39019538026382	17
