y	y_hat	y_index
70.4219178082192	72.62341420526995	603
65.9424657534247	73.71506671748251	604
68.1698630136986	72.71015830293976	605
