y	y_hat	y_index
74.4616438356164	74.57308070129424	111
69.0452054794521	72.31688119211167	112
77.5369863013699	75.1156487386646	113
