y	y_hat	y_index
70.9232876712329	72.81813523109628	174
61.7808219178082	71.96693799353491	175
74.0095890410959	72.74990138009464	176
