y	y_hat	y_index
85.5397260273973	76.57982675843782	249
74.372602739726	72.51763492725621	250
67.4616438356164	73.11246546636897	251
