y	y_hat	y_index
57.0643835616438	76.8815021394709	582
87.2232876712329	71.91488191813814	583
82.7671232876712	73.24319052746768	584
