y	y_hat	y_index
71.2506849315069	74.97203965915328	219
62.9616438356164	72.37357757596956	220
70.8780821917808	72.56005487398093	221
