y	y_hat	y_index
75.1452054794521	73.81417827757436	423
75.6369863013699	72.87844221912015	424
74.7534246575342	71.25870512837317	425
