y	y_hat	y_index
82.3698630136986	72.48268131203525	294
84.4671232876712	71.44071607773398	295
75.7643835616438	72.77253338014027	296
