y	y_hat	y_index
66.3630136986301	74.34000772794751	267
68.9452054794521	71.29410366509236	268
58.2931506849315	72.53785281143543	269
