y	y_hat	y_index
83.1890410958904	75.0835433061548	495
59.6452054794521	71.84328028670875	496
70.7876712328767	73.325009407484	497
