y	y_hat	y_index
55.1616438356164	72.57923235366228	354
83.2534246575342	73.2238381413348	355
78.4397260273973	78.02506935918349	356
