y	y_hat	y_index
71.972602739726	74.28304694375181	555
69.9260273972603	73.79610432407088	556
84.5342465753425	73.6414927274578	557
