y	y_hat	y_index
69.0561643835616	74.44213408767985	216
59.4041095890411	71.97009482729226	217
73.4232876712329	72.52990768480684	218
