y	y_hat	y_index
85.458904109589	71.8668884589213	579
65.3698630136986	71.85990859281245	580
78.5808219178082	75.7943433662687	581
