y	y_hat	y_index
70.3369863013699	72.38174734102893	6
66.4616438356164	72.74678012096106	7
75.8643835616438	72.45702095973587	8
