y	y_hat	y_index
67.9479452054795	72.43440346842367	42
70.086301369863	72.42784168005828	43
82.17005428820563	73.25979188607445	44
