y	y_hat	y_index
69.4808219178082	74.38367158717097	453
80.072602739726	70.86016165786029	454
61.686301369863	72.76489385677183	455
