y	y_hat	y_index
66.7369863013699	72.94793492754461	663
58.772602739726	74.87159289916735	664
63.0	71.71754414108936	665
