y	y_hat	y_index
69.3534246575342	72.861961329048	315
81.0150684931507	74.66714066895793	316
60.6232876712329	75.02327763899281	317
