y	y_hat	y_index
76.8506849315069	77.91082070721396	699
77.1630136986301	77.90460433887363	700
70.4534246575342	74.90674272720095	701
