y	y_hat	y_index
71.5671232876712	72.12796864658478	123
70.7616438356164	73.39180206787088	124
81.4342465753425	71.61711355016097	125
