y	y_hat	y_index
71.2369863013699	74.97591924739758	324
63.8479452054794	72.81661165192165	325
79.6890410958904	73.59650563377683	326
