y	y_hat	y_index
79.2232876712329	72.72717346775758	360
56.4287671232877	73.16438778307365	361
87.2835616438356	74.29140016319029	362
