y	y_hat	y_index
61.2780821917808	73.53926464567151	714
87.6616438356164	72.81138726408798	715
