y	y_hat	y_index
71.1260273972603	74.62293643831387	591
74.3780821917808	71.4598822375418	592
80.1958904109589	72.6780267460388	593
