y	y_hat	y_index
55.8479452054794	74.29906337251714	510
77.0383561643836	73.47871248103988	511
72.3232876712329	74.02741612784999	512
