y	y_hat	y_index
76.1506849315069	73.37393536152757	540
64.5643835616438	72.85125673357412	541
87.1643835616438	74.80702882961177	542
