y	y_hat	y_index
72.1260273972603	72.73419480289363	78
82.5109589041096	74.0793119486641	79
60.6205479452055	72.20245276285863	80
