y	y_hat	y_index
73.5849315068493	74.07711196805124	297
63.0780821917808	72.97266419256252	298
61.8246575342466	75.48185369001443	299
