y	y_hat	y_index
68.2205479452055	73.25150959215603	726
70.8342465753425	73.02646497564083	727
