y	y_hat	y_index
70.4616438356164	73.96727942551804	645
88.4753424657534	72.8747369212607	646
78.0616438356164	73.42556529122548	647
