y	y_hat	y_index
80.8287671232877	76.73264144829685	102
75.1794520547945	77.71342439088804	103
80.1808219178082	71.48084156391273	104
