y	y_hat	y_index
63.6616438356164	71.69420034450893	462
73.0424657534247	72.3523086931074	463
63.5506849315069	72.16528588913494	464
