y	y_hat	y_index
73.8917808219178	74.45224453009516	351
76.6506849315069	70.73369542764722	352
81.2698630136986	74.88644993723393	353
