y	y_hat	y_index
76.3123287671233	73.72801402822095	639
82.2054794520548	72.37056427065691	640
70.2630136986301	72.41816742651844	641
