y	y_hat	y_index
75.8616438356164	72.2179738361781	165
70.7643835616438	71.13908184895526	166
73.372602739726	74.01330128390974	167
