y	y_hat	y_index
71.8452054794521	73.50438515206724	402
80.1986301369863	76.52553571131827	403
78.3561643835616	73.47430196034848	404
