y	y_hat	y_index
77.9849315068493	71.42840720031226	414
70.7671232876712	71.66574594607711	415
71.4780821917808	73.58262933923356	416
