y	y_hat	y_index
73.8342465753425	72.59210437308228	321
74.3890410958904	73.8135376089105	322
70.8041095890411	72.65311195102805	323
