y	y_hat	y_index
86.4643835616438	73.00397255456882	201
69.7808219178082	74.31750588793156	202
75.7835616438356	76.00420431644045	203
