y	y_hat	y_index
72.7835616438356	73.1759244880779	198
82.1753424657534	73.64740510389399	199
74.2671232876712	70.75255337481838	200
