y	y_hat	y_index
75.8260273972603	74.86344073220923	237
75.1342465753425	72.88657146583824	238
66.7178082191781	71.69335942996094	239
