y	y_hat	y_index
65.6616438356164	72.26427339112429	447
54.9205479452055	71.81463021774	448
81.3506849315069	74.61811272295972	449
