y	y_hat	y_index
63.4369863013699	71.281139194517	480
68.7287671232877	73.1604479296524	481
81.4616438356164	73.96664105584507	482
