y	y_hat	y_index
67.3013698630137	75.11306583766756	186
73.9671232876712	73.63184795821745	187
69.6671232876712	74.56488071069248	188
