y	y_hat	y_index
66.4260273972603	76.1428870584124	60
63.7506849315068	73.77984960302216	61
62.258904109589	72.06870113154214	62
