y	y_hat	y_index
72.8506849315069	73.86206345842045	660
57.1780821917808	73.02259047818043	661
63.4232876712329	74.3352277721053	662
