y	y_hat	y_index
69.6178082191781	74.5675494326059	558
82.9027397260274	74.31744244705851	559
72.3260273972603	72.00655401517143	560
