y	y_hat	y_index
77.9424657534247	75.37264154474938	264
75.3808219178082	74.43032373898876	265
67.6109589041096	72.5737011246919	266
