y	y_hat	y_index
65.8616438356164	73.26939828231113	69
73.2753424657534	70.35638032587605	70
79.3780821917808	74.42222260204188	71
