y	y_hat	y_index
75.8890410958904	73.43467864039472	33
85.7260273972603	71.63061135234331	34
75.7424657534247	71.18253928924773	35
