y	y_hat	y_index
77.9479452054795	72.9422956435935	405
67.3671232876712	72.2026139028121	406
65.5315068493151	73.21957551522303	407
