y	y_hat	y_index
84.2205479452055	74.96600485506107	210
72.3534246575342	73.20161759427134	211
79.672602739726	72.68787807716993	212
