y	y_hat	y_index
76.4410958904109	73.89513478479982	282
66.9931506849315	75.64024302492189	283
79.5643835616438	73.56552219360353	284
