y	y_hat	y_index
67.0835616438356	72.16421301805296	114
80.8643835616438	75.81544088062735	115
56.9643835616438	72.27215711999807	116
