y	y_hat	y_index
83.0164383561644	75.10440727046459	426
72.8671232876712	72.7643073471636	427
74.9616438356164	72.97720922620188	428
