y	y_hat	y_index
72.986301369863	71.90858325742381	309
72.7424657534247	71.95872820654292	310
61.9534246575342	76.37507672860062	311
