y	y_hat	y_index
61.8561643835616	71.12768134697231	252
69.7780821917808	72.46533823319731	253
75.8479452054795	76.89120062528919	254
