y	y_hat	y_index
88.2561643835616	73.58781572529523	99
72.158904109589	72.38274133377399	100
75.7808219178082	73.83815531382302	101
