y	y_hat	y_index
66.7328767123288	71.68143883351887	189
80.5041095890411	75.59801059145418	190
59.9506849315068	72.14136130557368	191
