y	y_hat	y_index
74.2698630136986	74.64880937600607	150
66.9780821917808	73.74195511642223	151
82.0616438356164	74.663842353991	152
