y	y_hat	y_index
74.0315068493151	75.1108449709663	408
76.5150684931507	75.43073277421405	409
65.0561643835616	73.50903831313732	410
