y	y_hat	y_index
64.2	72.31585837158009	549
87.6397260273973	78.92960697583845	550
74.5684931506849	74.60463816565948	551
