y	y_hat	y_index
73.7452054794521	72.62220908825854	450
69.6534246575342	71.43177698279405	451
77.1232876712329	71.62358901479259	452
