y	y_hat	y_index
75.4452054794521	72.62315077906442	120
65.2424657534247	72.59818532309207	121
78.686301369863	74.64433320373087	122
