y	y_hat	y_index
61.9780821917808	73.26000531367491	300
73.2616438356164	73.10702268435489	301
80.6506849315069	73.42385170740306	302
