y	y_hat	y_index
75.2835616438356	72.08455436556262	84
75.2424657534247	71.51403205641691	85
74.1780821917808	72.839217246899	86
