y	y_hat	y_index
68.3904109589041	72.82012877910144	633
63.8479452054794	72.10126116465422	634
76.186301369863	76.68191319882182	635
