y	y_hat	y_index
72.1712328767123	73.55929168817438	393
73.1013698630137	74.22950846957895	394
75.7835616438356	76.37009114357863	395
