y	y_hat	y_index
57.7369863013699	73.12014099239875	678
72.0013698630137	74.15600782463646	679
75.572602739726	73.64420129840869	680
