y	y_hat	y_index
79.1986301369863	72.95416317405716	135
74.7835616438356	73.38228059802995	136
71.8890410958904	71.46535375873242	137
