y	y_hat	y_index
74.4808219178082	71.86342279221779	144
82.1643835616438	73.71117043834424	145
82.6643835616438	75.12810078077946	146
