y	y_hat	y_index
71.4753424657534	71.65032676067327	600
74.6616438356164	76.25841413160933	601
76.0095890410959	76.92418312481563	602
