y	y_hat	y_index
76.7041095890411	71.97120484592335	348
73.2479452054795	73.3227444923384	349
67.3205479452055	72.24620382324137	350
