y	y_hat	y_index
68.2808219178082	74.20504498024148	627
80.5767123287671	73.89276608836562	628
74.2643835616438	72.14379524520497	629
