y	y_hat	y_index
83.8205479452055	73.67153389569091	93
75.0342465753425	76.34550998465829	94
77.4808219178082	74.99745615866209	95
