y	y_hat	y_index
73.4287671232877	76.16440167461336	243
67.4643835616438	72.84615505814824	244
75.3602739726027	72.16792349666969	245
