y	y_hat	y_index
83.058904109589	72.95648268560146	159
72.3657534246575	70.70334676225546	160
70.4698630136986	72.3692080961597	161
