y	y_hat	y_index
75.7315068493151	72.78932957186201	573
63.8178082191781	74.62885603904317	574
70.572602739726	73.26396279923428	575
