y	y_hat	y_index
65.658904109589	73.4427885395192	504
65.0328767123288	72.52602087047318	505
67.5315068493151	72.66684076005471	506
