y	y_hat	y_index
64.4452054794521	76.19176161093675	153
72.4493150684931	77.13102209330793	154
67.958904109589	72.74497144771517	155
