y	y_hat	y_index
80.3753424657534	73.41977711676316	258
74.3452054794521	72.79447202242964	259
75.058904109589	73.70090234871874	260
