y	y_hat	y_index
64.0794520547945	72.88872847731388	732
69.558904109589	73.7990261014555	733
