y	y_hat	y_index
88.2643835616438	71.24718034747588	606
73.7821917808219	73.32934466870043	607
82.4534246575342	73.40867016401006	608
