y	y_hat	y_index
78.6	71.63677122586769	39
85.3780821917808	72.10616650354483	40
72.2452054794521	72.70971111534645	41
