y	y_hat	y_index
73.2808219178082	71.49115002244802	468
76.3424657534247	72.04607404117664	469
77.7643835616438	71.05255089113872	470
