y	y_hat	y_index
85.4698630136986	76.10000386549206	724
78.7397260273973	71.73516043352883	725
