y	y_hat	y_index
81.7643835616438	75.64048882628087	291
88.9342465753425	72.25867212506256	292
68.7479452054795	71.51289275642742	293
