y	y_hat	y_index
73.1616438356164	73.77601853005581	567
56.3643835616438	72.90370629276154	568
74.6534246575342	76.11667926797445	569
