y	y_hat	y_index
71.4671232876712	74.8843584202793	588
78.1986301369863	73.55329891816291	589
62.5698630136986	71.74944640376049	590
