y	y_hat	y_index
64.3424657534247	76.60133342006742	672
70.9534246575342	74.86249802700532	673
72.6397260273973	74.05493810851796	674
