y	y_hat	y_index
72.1630136986301	72.86329418560334	615
83.8506849315069	76.30030590364923	616
72.4424657534247	73.03474567054849	617
