y	y_hat	y_index
76.7452054794521	72.48842370317188	734
79.7643835616438	73.97091260666697	735
