y	y_hat	y_index
55.0041095890411	72.47375679451312	534
72.4780821917808	73.49125220584557	535
81.058904109589	76.07174618331354	536
