y	y_hat	y_index
73.6780821917808	72.60863923330585	255
72.5534246575342	73.51461662422396	256
72.3643835616438	73.15280308552987	257
