mae_mean	mae_single
4.539322438070877	4.460207217579865
