mae_mean	mae_single
5.518277106943658	5.742338253019095
