mae_mean	mae_single
5.299882800618282	5.303124395358044
