mae_mean	mae_single
5.838946512471068	5.799222199459822
