mae_mean	mae_single
5.658405305201109	5.8928097586473385
