mae_mean	mae_single
4.993343598185378	5.03075143299342
