mae_mean	mae_single
5.127463055699288	5.0728535853085335
