mae_mean	mae_single
6.074236766309769	6.027910150719196
