mae_mean	mae_single
5.399566252892469	5.4081182030866675
