mae_mean	mae_single
5.849476080764118	6.0337320396367815
