mae_mean	mae_single
5.908760795520342	5.898127574237292
