mae_mean	mae_single
4.696050741176647	4.653618529227252
