mae_mean	mae_single
5.107899440250167	5.132096041400695
