mae_mean	mae_single
4.917092873231118	5.136832962268946
