mae_mean	mae_single
5.586921874895305	6.053092251992591
