mae_mean	mae_single
5.575979465660769	5.596871404728452
