mae_mean	mae_single
5.534996441596329	5.5187660550478705
