mae_mean	mae_single
5.9434053654515475	5.928989264180117
