mae_mean	mae_single
5.789911339248365	5.846335976401147
