mae_mean	mae_single
4.085965710309491	4.241461201373125
