mae_mean	mae_single
4.421962300484736	4.510028254518044
