mae_mean	mae_single
5.6735124929991985	5.727913218462928
