mae_mean	mae_single
5.754954963182237	5.7622049203197605
