mae_mean	mae_single
4.9726158708604915	5.002720500922507
