mae_mean	mae_single
5.134025531473842	5.150091639111285
