mae_mean	mae_single
5.312132250860237	5.392078736842692
