mae_mean	mae_single
4.184988569807481	4.2285950617562875
