mae_mean	mae_single
5.024409243261742	4.7850625209180055
