mae_mean	mae_single
5.820666857220132	5.806098527815903
