mae_mean	mae_single
4.471140447195073	4.626833707468397
