mae_mean	mae_single
4.825109670465657	4.804884294076664
