mae_mean	mae_single
5.273438432868419	5.284298125270556
