mae_mean	mae_single
5.618787644785827	5.589397337828612
