mae_mean	mae_single
5.687112897267405	5.741630010974774
