mae_mean	mae_single
5.587311852633452	5.6357262092871485
