mae_mean	mae_single
6.001215900511468	6.017895879718697
