mae_mean	mae_single
4.512007732795323	4.792688869603063
