mae_mean	mae_single
4.548092066073608	4.49270505231266
