mae_mean	mae_single
5.934377384969528	5.936830793378365
