mae_mean	mae_single
5.028038278907365	4.876661664949242
