mae_mean	mae_single
5.603340073456576	5.560852148812962
