mae_mean	mae_single
5.338053667269992	5.465720543873844
