mae_mean	mae_single
4.614294305736475	4.528193539470688
