mae_mean	mae_single
5.702863089462177	5.70257810969472
