mae_mean	mae_single
5.699769972283994	6.007524851048962
