mae_mean	mae_single
5.196602073976797	5.252153100096633
