mae_mean	mae_single
5.351780598753535	5.354319502474263
