mae_mean	mae_single
5.792576321288368	5.781084020973881
