mae_mean	mae_single
4.658704434944064	4.6789236073392875
