mae_mean	mae_single
4.578455307817158	4.501094560213221
