mae_mean	mae_single
5.67550606915991	5.652663860487572
