mae_mean	mae_single
5.512473020222284	5.509216515188903
