mae_mean	mae_single
5.746447079392914	5.75569087177031
