mae_mean	mae_single
5.506270581143744	5.503638536421503
