mae_mean	mae_single
5.697624713348068	5.579107424272113
