mae_mean	mae_single
5.048427378069334	5.261204939555206
