mae_mean	mae_single
5.757226084277191	5.906545665106225
