mae_mean	mae_single
5.6699807824206605	5.708409945267234
