mae_mean	mae_single
5.258858475637278	5.2023228538494015
