mae_mean	mae_single
5.492671789187298	5.5137003165763385
