mae_mean	mae_single
5.443550526979872	5.438740135435795
