mae_mean	mae_single
4.2279875966727944	4.457275806901166
