mae_mean	mae_single
5.418128813070766	5.306810247343444
