mae_mean	mae_single
3.9692105326233147	4.010050692581255
