mae_mean	mae_single
5.208180543339851	5.220050306193818
