mae_mean	mae_single
4.579600427875116	4.944186515845373
