mae_mean	mae_single
5.963092899037139	6.009462451003906
