mae_mean	mae_single
5.49357795944388	5.3952034947241
