mae_mean	mae_single
5.237095125675016	5.215380896796889
