mae_mean	mae_single
5.844859086090954	5.852629398301139
