mae_mean	mae_single
5.8775808510800625	5.805790038696984
