mae_mean	mae_single
4.823338224851764	4.77152428256867
