y	y_hat	y_index
73.5479452054795	73.57751614679279	564
87.5506849315069	73.58130741014475	565
72.8506849315069	73.58164710866801	566
