y	y_hat	y_index
78.4671232876712	73.55068987793085	222
74.5424657534247	73.53830520089406	223
76.0369863013699	73.55451923189017	224
