y	y_hat	y_index
55.8479452054794	73.61412486663322	510
77.0383561643836	73.62098809856302	511
72.3232876712329	73.61417869983752	512
