y	y_hat	y_index
80.8287671232877	73.55175904099781	102
75.1794520547945	73.55208042688736	103
80.1808219178082	73.54302982569892	104
