y	y_hat	y_index
76.6808219178082	73.54490720277114	363
86.5808219178082	73.54767430593674	364
77.4479452054795	73.5454105674319	365
