y	y_hat	y_index
67.3013698630137	73.61948469422187	186
73.9671232876712	73.60848947231891	187
69.6671232876712	73.61768843533649	188
