y	y_hat	y_index
79.5808219178082	73.57205651441208	213
68.0506849315069	73.57290418657517	214
80.1835616438356	73.56306793768958	215
