y	y_hat	y_index
88.5698630136986	73.5489361855537	261
76.8657534246575	73.54833127749889	262
87.7698630136986	73.54940186631234	263
