y	y_hat	y_index
64.0794520547945	73.64658980501763	732
69.558904109589	73.64659239560417	733
