y	y_hat	y_index
76.3397260273973	73.57107774945953	543
83.2342465753425	73.56928890950236	544
64.7561643835616	73.57002856187846	545
