y	y_hat	y_index
83.9095890410959	73.55273560711342	108
77.3616438356164	73.54608654740665	109
79.1082191780822	73.54327828209478	110
