y	y_hat	y_index
70.9232876712329	73.61338844313939	174
61.7808219178082	73.61282874171181	175
74.0095890410959	73.61557336572653	176
