y	y_hat	y_index
68.2808219178082	73.572221965745	627
80.5767123287671	73.5696540604801	628
74.2643835616438	73.57401197555687	629
