y	y_hat	y_index
57.0643835616438	73.570657256312	582
87.2232876712329	73.56493326850276	583
82.7671232876712	73.57088514424285	584
