y	y_hat	y_index
83.1890410958904	73.61166476284356	495
59.6452054794521	73.61165498177249	496
70.7876712328767	73.61165722062302	497
