y	y_hat	y_index
77.8150684931507	73.54526694406454	378
75.5671232876712	73.54476860574194	379
82.0287671232877	73.55014788680622	380
