y	y_hat	y_index
71.1260273972603	73.57149716825329	591
74.3780821917808	73.56224197696882	592
80.1958904109589	73.56969318892808	593
