y	y_hat	y_index
79.2452054794521	73.5597894196947	720
81.8671232876712	73.56298920088157	721
