y	y_hat	y_index
73.9424657534247	73.61247894937003	390
71.9041095890411	73.61302446300998	391
70.8260273972603	73.61242922465458	392
