y	y_hat	y_index
76.3561643835616	73.56996547412538	537
69.1780821917808	73.56719386596801	538
82.6424657534247	73.57121954376434	539
