y	y_hat	y_index
61.2780821917808	73.58219919757127	714
87.6616438356164	73.58966073953367	715
