y	y_hat	y_index
83.9643835616438	73.57163364463645	312
84.8671232876712	73.56438132001543	313
70.9643835616438	73.56596983249587	314
