y	y_hat	y_index
70.8616438356164	73.61877099206036	330
84.7424657534247	73.61578555064011	331
62.7643835616438	73.60747304656405	332
