y	y_hat	y_index
77.658904109589	73.54257397392433	132
75.7808219178082	73.54953242067317	133
77.5698630136986	73.5457725902999	134
