y	y_hat	y_index
79.1424657534247	73.62077518020608	513
73.2616438356164	73.61488968749693	514
64.3027397260274	73.61509854101095	515
