y	y_hat	y_index
59.6616438356164	73.60884432421142	345
87.6534246575342	73.61613856659082	346
70.5123287671233	73.6135096057675	347
