y	y_hat	y_index
73.258904109589	73.56461384513194	339
84.1643835616438	73.5667950771985	340
84.4616438356164	73.57352715971781	341
