y	y_hat	y_index
76.1780821917808	73.54801342674389	240
80.1794520547945	73.54503389633456	241
73.6506849315069	73.54639601851667	242
