y	y_hat	y_index
71.6835616438356	73.61025215312551	156
77.872602739726	73.62429161220051	157
70.7671232876712	73.6153180139946	158
