y	y_hat	y_index
63.9821917808219	73.61166323453352	87
78.2808219178082	73.61165887541766	88
65.772602739726	73.61165942263334	89
