y	y_hat	y_index
72.986301369863	73.6631882436499	309
72.7424657534247	73.65692153584982	310
61.9534246575342	73.65807076702296	311
