y	y_hat	y_index
80.9534246575342	73.5688100526524	561
79.9452054794521	73.57437326909906	562
72.3808219178082	73.5641213458807	563
