y	y_hat	y_index
72.3616438356164	73.56988005332609	147
73.5780821917808	73.56987840159682	148
84.4452054794521	73.56987395158143	149
