y	y_hat	y_index
63.6616438356164	73.65586744549621	462
73.0424657534247	73.6602505076119	463
63.5506849315069	73.65735845607922	464
