y	y_hat	y_index
81.8821917808219	73.55618248827774	636
63.9753424657534	73.55618273608802	637
76.5616438356164	73.5561763680257	638
