y	y_hat	y_index
71.9671232876712	73.6639250078006	81
69.7095890410959	73.65985104312337	82
69.2260273972603	73.65668946460421	83
