y	y_hat	y_index
66.7328767123288	73.61443485885282	189
80.5041095890411	73.61199493775248	190
59.9506849315068	73.61106806309814	191
