y	y_hat	y_index
71.3835616438356	73.6137934620157	429
78.072602739726	73.61694359562007	430
70.8835616438356	73.61956954575551	431
