y	y_hat	y_index
70.472602739726	73.55618330241593	471
76.4232876712329	73.55618376485127	472
85.1547945205479	73.55618281895835	473
