y	y_hat	y_index
74.4808219178082	73.54946476678326	144
82.1643835616438	73.54545281775779	145
82.6643835616438	73.55355340999483	146
