y	y_hat	y_index
69.5534246575342	73.66234213363111	30
71.3808219178082	73.66026996751896	31
60.6616438356164	73.66103966071971	32
