y	y_hat	y_index
80.8671232876712	73.56429872962391	192
72.1698630136986	73.57292572552115	193
77.9698630136986	73.57041078202614	194
