y	y_hat	y_index
82.3698630136986	73.551645930053	294
84.4671232876712	73.54529216350494	295
75.7643835616438	73.54710622745507	296
