y	y_hat	y_index
65.2657534246575	73.61252997751195	36
77.6616438356164	73.62095410740167	37
67.958904109589	73.61643412531083	38
