y	y_hat	y_index
80.3753424657534	73.55056620654882	258
74.3452054794521	73.54845646438584	259
75.058904109589	73.54370428157584	260
