y	y_hat	y_index
61.9780821917808	73.61474125972025	300
73.2616438356164	73.6089871569948	301
80.6506849315069	73.62171033749073	302
