y	y_hat	y_index
70.4698630136986	73.56933700129855	516
86.6369863013699	73.57269934158398	517
77.8835616438356	73.57288049878414	518
