y	y_hat	y_index
69.0561643835616	73.66253551977411	216
59.4041095890411	73.65662927251638	217
73.4232876712329	73.6575959382263	218
