y	y_hat	y_index
63.0808219178082	73.66067528986524	54
61.558904109589	73.65099130844172	55
61.9958904109589	73.66002106176954	56
