y	y_hat	y_index
71.2506849315069	73.65756617092194	219
62.9616438356164	73.6567306451955	220
70.8780821917808	73.65859125204754	221
