y	y_hat	y_index
69.4808219178082	73.56690368096201	609
83.6205479452055	73.57994768745532	610
75.1643835616438	73.56496605493874	611
