y	y_hat	y_index
57.7369863013699	73.6094489153613	678
72.0013698630137	73.61399142816094	679
75.572602739726	73.61313981743476	680
