y	y_hat	y_index
77.758904109589	73.54876906385802	381
77.1369863013699	73.54399352686985	382
89.5616438356164	73.5469523986618	383
