y	y_hat	y_index
73.8342465753425	73.57455072803356	321
74.3890410958904	73.56857820039437	322
70.8041095890411	73.56803138775089	323
