y	y_hat	y_index
77.9849315068493	73.6176309934366	414
70.7671232876712	73.60861442565411	415
71.4780821917808	73.61497158243134	416
