y	y_hat	y_index
74.4616438356164	73.56906287434225	111
69.0452054794521	73.56744823324016	112
77.5369863013699	73.56808882381488	113
