y	y_hat	y_index
69.9479452054795	73.56217597831917	162
75.9671232876712	73.57350989248566	163
81.4821917808219	73.56595052699693	164
