y	y_hat	y_index
81.8835616438356	73.58970909902445	501
73.558904109589	73.5857721133734	502
63.3452054794521	73.58098711630402	503
