y	y_hat	y_index
59.4616438356164	73.65343069758052	624
70.8178082191781	73.65342551151508	625
67.7397260273973	73.6534313867814	626
