y	y_hat	y_index
68.9616438356164	73.61443597623759	180
76.7671232876712	73.61594524992998	181
72.4479452054795	73.60951903532819	182
