y	y_hat	y_index
64.7698630136986	73.61330382795377	45
77.7643835616438	73.62368413617612	46
60.7616438356164	73.61625673300408	47
