y	y_hat	y_index
78.5369863013699	73.6163951119417	642
67.9986301369863	73.6127026932912	643
56.272602739726	73.61051240249904	644
