y	y_hat	y_index
76.0424657534247	73.55618257326613	630
61.5917808219178	73.55618037563346	631
75.7424657534247	73.55618261481563	632
