y	y_hat	y_index
84.5356164383562	73.61553821876811	18
69.3849315068493	73.61362157608066	19
71.1561643835616	73.61336690151725	20
