y	y_hat	y_index
61.0424657534247	73.60872212021883	444
68.058904109589	73.61312618401593	445
74.9260273972603	73.61814036924787	446
