y	y_hat	y_index
71.258904109589	73.6642342702131	612
57.6616438356164	73.65369391282188	613
72.7671232876712	73.66298884708833	614
