y	y_hat	y_index
88.2561643835616	73.56956993006136	99
72.158904109589	73.56028507110906	100
75.7808219178082	73.56668235479171	101
