y	y_hat	y_index
76.7452054794521	73.55210472988743	734
79.7643835616438	73.56311632487952	735
