y	y_hat	y_index
67.9041095890411	73.64998032394622	705
70.4397260273973	73.6608376322395	706
62.8479452054794	73.66187763208801	707
