y	y_hat	y_index
76.1753424657534	73.57365477338524	117
68.3068493150685	73.56962770500225	118
75.3452054794521	73.57034527400766	119
