y	y_hat	y_index
75.4452054794521	73.56891352959909	120
65.2424657534247	73.5700833942845	121
78.686301369863	73.56678431342534	122
