y	y_hat	y_index
56.3027397260274	73.61768155135303	483
64.5808219178082	73.61639298466798	484
79.1671232876712	73.61791166964557	485
