y	y_hat	y_index
64.9753424657534	73.6090922303784	12
74.3616438356164	73.61874426375603	13
64.4315068493151	73.61709208790315	14
