y	y_hat	y_index
69.4178082191781	73.61852275392216	618
65.9890410958904	73.61334861736063	619
83.1808219178082	73.61084217594437	620
