y	y_hat	y_index
76.3424657534247	73.5493646124684	702
74.7041095890411	73.5495327203997	703
80.4616438356164	73.54445663219609	704
