y	y_hat	y_index
73.6780821917808	73.64519575610123	255
72.5534246575342	73.64778522531046	256
72.3643835616438	73.63496620085336	257
