y	y_hat	y_index
70.4219178082192	73.65277457912124	603
65.9424657534247	73.65547583738929	604
68.1698630136986	73.65402541761068	605
