y	y_hat	y_index
65.2561643835616	73.56208108137653	456
75.6808219178082	73.56121776143236	457
74.9835616438356	73.56024960042707	458
