y	y_hat	y_index
78.1698630136986	73.53974231871237	690
79.0479452054795	73.5397308793926	691
77.3452054794521	73.53974202773342	692
