y	y_hat	y_index
83.0164383561644	73.5708628491958	426
72.8671232876712	73.56435060335649	427
74.9616438356164	73.57512714817165	428
