y	y_hat	y_index
73.9808219178082	73.54126120778575	96
84.0424657534247	73.54315173693301	97
75.572602739726	73.54230075492684	98
