y	y_hat	y_index
73.2808219178082	73.56917968453496	468
76.3424657534247	73.56896779568099	469
77.7643835616438	73.56346385043938	470
