y	y_hat	y_index
79.3561643835616	73.54377652402242	399
73.9616438356164	73.54324288766728	400
75.3972602739726	73.54795321250472	401
