y	y_hat	y_index
76.8506849315069	73.57810409344417	699
77.1630136986301	73.56792969426013	700
70.4534246575342	73.57037435437441	701
