y	y_hat	y_index
72.63989854950165	73.56797669723834	90
82.0780821917808	73.56687142036704	91
78.1698630136986	73.5660621684389	92
