y	y_hat	y_index
66.4260273972603	73.6629383535227	60
63.7506849315068	73.65681033143743	61
62.258904109589	73.65543141579849	62
