y	y_hat	y_index
66.4369863013699	73.64704174563745	712
65.5671232876712	73.64882564480848	713
