y	y_hat	y_index
71.4753424657534	73.5615391225847	600
74.6616438356164	73.56930773971482	601
76.0095890410959	73.56565464453098	602
