y	y_hat	y_index
89.2780821917808	73.54773658681383	438
77.0643835616438	73.54340864803834	439
77.1397260273973	73.54370057326383	440
