y	y_hat	y_index
71.2369863013699	73.61912680240039	324
63.8479452054794	73.62053657970802	325
79.6890410958904	73.61185348435671	326
