y	y_hat	y_index
73.958904109589	73.56246026613258	486
83.258904109589	73.57673358936212	487
68.2780821917808	73.56170084062971	488
