y	y_hat	y_index
62.8698630136986	73.61593056655272	177
80.3534246575342	73.61545334671457	178
63.7506849315068	73.61320622340948	179
