y	y_hat	y_index
79.2616438356164	73.56676506488067	171
79.386301369863	73.57395938490795	172
61.7808219178082	73.5621795743025	173
