y	y_hat	y_index
70.1068493150685	73.5712133674775	24
85.2808219178082	73.57559179485408	25
77.3808219178082	73.5704958848092	26
