y	y_hat	y_index
69.9506849315069	73.65949322388806	288
70.7260273972603	73.6568162042791	289
71.3424657534247	73.65496185235304	290
