y	y_hat	y_index
69.4808219178082	73.61177533991989	453
80.072602739726	73.61363405030761	454
61.686301369863	73.61392091688006	455
