y	y_hat	y_index
72.8643835616438	73.58142288149851	722
73.8041095890411	73.58935262258339	723
