y	y_hat	y_index
68.0479452054795	73.61667230983912	75
81.6397260273973	73.61772999245915	76
68.2753424657534	73.61957294426097	77
