y	y_hat	y_index
75.8780821917808	73.61522929883834	3
71.2671232876712	73.61453431970982	4
61.0808219178082	73.61253011071256	5
