y	y_hat	y_index
65.6616438356164	73.60862958370274	447
54.9205479452055	73.6123320657223	448
81.3506849315069	73.61363086550658	449
