y	y_hat	y_index
65.4931506849315	73.65850009835853	228
73.3301369863014	73.65732808296819	229
68.2506849315069	73.66024180152793	230
