y	y_hat	y_index
66.6753424657534	73.56987750779005	225
73.5808219178082	73.56987767608544	226
78.8835616438356	73.56986991678357	227
