y	y_hat	y_index
74.9643835616438	73.54665457836457	696
73.8616438356164	73.54766470889291	697
75.1808219178082	73.54942420948095	698
