y	y_hat	y_index
73.8917808219178	73.54681178082959	351
76.6506849315069	73.54402813416647	352
81.2698630136986	73.55730402463112	353
