y	y_hat	y_index
72.2068493150685	73.65425209933663	718
72.7780821917808	73.64668661839313	719
