y	y_hat	y_index
71.8424657534247	73.61631522436673	684
75.9369863013699	73.60747783450233	685
72.9849315068493	73.60803963323224	686
