y	y_hat	y_index
69.3534246575342	73.61875527062926	315
81.0150684931507	73.62226738026527	316
60.6232876712329	73.61929173607666	317
