y	y_hat	y_index
72.772602739726	73.61166122942535	285
77.4232876712329	73.61165614232027	286
54.9671232876712	73.61165760228893	287
