y	y_hat	y_index
73.558904109589	73.6424055561166	369
65.086301369863	73.65166895025554	370
70.6671232876712	73.64579519423306	371
