y	y_hat	y_index
55.8671232876712	73.61435647742985	657
84.5506849315069	73.61704073833518	658
62.3821917808219	73.61231505836128	659
