y	y_hat	y_index
72.1712328767123	73.61761762732394	393
73.1013698630137	73.61391713095219	394
75.7835616438356	73.61588846106203	395
