y	y_hat	y_index
73.8643835616438	73.55133448458587	207
75.0397260273973	73.550643923249	208
91.3068493150685	73.54622435745809	209
