y	y_hat	y_index
70.4616438356164	73.56716272403132	645
88.4753424657534	73.5661525213766	646
78.0616438356164	73.56619320816274	647
