y	y_hat	y_index
88.2643835616438	73.54870950093817	606
73.7821917808219	73.5430904147987	607
82.4534246575342	73.54074996483759	608
