y	y_hat	y_index
75.2835616438356	73.54704781981602	84
75.2424657534247	73.54267615803077	85
74.1780821917808	73.54758248004822	86
