y	y_hat	y_index
68.5342465753425	73.61991934933734	306
78.1452054794521	73.61417268586308	307
69.458904109589	73.61725069935846	308
