y	y_hat	y_index
79.1986301369863	73.56961459497062	135
74.7835616438356	73.57669198458447	136
71.8890410958904	73.56736969708517	137
