y	y_hat	y_index
75.8890410958904	73.54681615149775	33
85.7260273972603	73.54359421388304	34
75.7424657534247	73.54568079900758	35
