y	y_hat	y_index
81.7643835616438	73.56890828477631	291
88.9342465753425	73.57195470586261	292
68.7479452054795	73.56795952340705	293
