y	y_hat	y_index
76.4410958904109	73.57300178059134	282
66.9931506849315	73.56497202508946	283
79.5643835616438	73.56623777243148	284
