y	y_hat	y_index
65.658904109589	73.65611455663972	504
65.0328767123288	73.65948816386198	505
67.5315068493151	73.65525520268862	506
