y	y_hat	y_index
86.4643835616438	73.56528701495155	201
69.7808219178082	73.56735979473241	202
75.7835616438356	73.56967520492995	203
