y	y_hat	y_index
67.9342465753425	73.56786364188613	693
78.5287671232877	73.56693207481943	694
88.3315068493151	73.56870068732744	695
