y	y_hat	y_index
80.2794520547945	73.56273167015262	396
77.6616438356164	73.56651112485153	397
61.0	73.5643220739538	398
