y	y_hat	y_index
79.8520547945206	73.57527931279843	66
90.2561643835616	73.57462515194881	67
71.058904109589	73.56916918755893	68
