y	y_hat	y_index
61.2698630136986	73.6144833763231	141
74.2808219178082	73.6214860861887	142
62.8753424657534	73.6065959517121	143
