y	y_hat	y_index
89.5835616438356	73.62682081088575	63
67.7328767123288	73.61689292423274	64
61.5369863013699	73.61874174893386	65
