y	y_hat	y_index
65.8616438356164	73.62082109155064	69
73.2753424657534	73.61649352653885	70
79.3780821917808	73.61710966843498	71
