y	y_hat	y_index
71.727397260274	73.66109857289518	72
71.8561643835616	73.6599285504924	73
66.3780821917808	73.65583197963983	74
