y	y_hat	y_index
76.1506849315069	73.56908209479305	540
64.5643835616438	73.5680539975315	541
87.1643835616438	73.57276358700881	542
