y	y_hat	y_index
79.5698630136986	73.556178828932	441
77.7753424657534	73.55618336699679	442
72.4849315068493	73.55619160367897	443
