y	y_hat	y_index
85.4698630136986	73.55753092873448	724
78.7397260273973	73.56003996025032	725
