y	y_hat	y_index
70.1534246575342	73.58134181627373	710
78.7479452054795	73.58762765307145	711
