y	y_hat	y_index
62.7808219178082	73.56258223668547	234
81.3232876712329	73.56813710547334	235
76.0616438356164	73.57003112837302	236
