y	y_hat	y_index
69.4753424657534	73.6589358168537	276
65.8753424657534	73.66087003267783	277
72.6452054794521	73.66260668388634	278
