y	y_hat	y_index
69.9835616438356	73.66508271588596	0
72.5561643835616	73.65877428611456	1
71.3616438356164	73.65787735524563	2
