y	y_hat	y_index
69.2013698630137	73.66054808914252	648
72.2397260273973	73.65950902610169	649
70.4753424657534	73.66037608743025	650
