y	y_hat	y_index
83.3780821917808	73.56324249126742	138
60.6835616438356	73.56695087429136	139
84.7506849315069	73.57113768282731	140
