y	y_hat	y_index
75.8753424657534	73.56988451580797	708
71.0753424657534	73.56986996382915	709
