y	y_hat	y_index
65.8205479452055	73.61113960622396	498
80.8698630136986	73.6230584453036	499
70.5616438356164	73.61074914813983	500
