y	y_hat	y_index
72.1260273972603	73.617986955241	78
82.5109589041096	73.62188098945357	79
60.6205479452055	73.60784214755712	80
