y	y_hat	y_index
66.7369863013699	73.653430402747	663
58.772602739726	73.65343526058425	664
63.0	73.65343246970785	665
