y	y_hat	y_index
65.086301369863	73.65341379636305	183
69.1657534246575	73.65423750492359	184
71.6835616438356	73.65224496052484	185
