y	y_hat	y_index
77.9424657534247	73.57007308274211	264
75.3808219178082	73.56926966613969	265
67.6109589041096	73.57179501395451	266
