y	y_hat	y_index
68.872602739726	73.61614766683854	270
78.2671232876712	73.61341972048994	271
71.158904109589	73.61992087401504	272
