y	y_hat	y_index
82.3917808219178	73.55618645990474	246
74.1849315068493	73.55618289466595	247
55.4164383561644	73.5561739417625	248
