y	y_hat	y_index
62.1205479452055	73.61165140391364	411
68.9890410958904	73.61165730030233	412
77.9397260273973	73.61165076405445	413
