y	y_hat	y_index
64.0534246575342	73.65265054234129	357
73.0602739726027	73.65079625932678	358
65.3561643835616	73.65237209646082	359
