y	y_hat	y_index
83.8205479452055	73.54955748339876	93
75.0342465753425	73.55010003246697	94
77.4808219178082	73.55061050725726	95
