y	y_hat	y_index
78.6	73.56626638513576	39
85.3780821917808	73.56845692233284	40
72.2452054794521	73.5659767662665	41
