y	y_hat	y_index
75.1452054794521	73.53973413048996	423
75.6369863013699	73.53973954120993	424
74.7534246575342	73.53973146379211	425
