y	y_hat	y_index
71.5671232876712	73.61175082398375	123
70.7616438356164	73.61571955084973	124
81.4342465753425	73.61322796328868	125
