y	y_hat	y_index
70.1808219178082	73.65781105699021	675
64.9561643835616	73.65815747299713	676
67.3671232876712	73.65489226894346	677
