y	y_hat	y_index
84.3616438356164	73.54253486551528	168
85.5369863013699	73.54407213874961	169
75.0671232876712	73.54418087813924	170
