y	y_hat	y_index
60.1671232876712	73.61247140261328	489
76.5342465753425	73.62024865253015	490
69.172602739726	73.614520355806	491
