y	y_hat	y_index
62.2616438356164	73.56143430667017	375
82.627397260274	73.57185282527372	376
78.9479452054795	73.5743866805497	377
