y	y_hat	y_index
78.3452054794521	73.57351496065729	303
63.5232876712329	73.56460880196728	304
79.3643835616438	73.56134581366345	305
