y	y_hat	y_index
71.2808219178082	73.57686787589792	730
76.0232876712329	73.58061367108263	731
