y	y_hat	y_index
85.458904109589	73.56315291603224	579
65.3698630136986	73.56633597859837	580
78.5808219178082	73.57693323325633	581
