y	y_hat	y_index
70.1027397260274	73.5789323955018	716
87.0808219178082	73.58570861754535	717
