y	y_hat	y_index
79.5232876712329	73.61972349638575	477
71.7657534246575	73.61069170065794	478
60.718372666497935	73.61558888118289	479
