y	y_hat	y_index
74.8452054794521	73.61993227074629	27
57.6315068493151	73.61233216249305	28
71.5794520547945	73.62032340176216	29
