y	y_hat	y_index
80.3013698630137	73.62258319702694	531
73.0534246575342	73.62216666020976	532
69.1986301369863	73.6124281607786	533
