y	y_hat	y_index
68.3904109589041	73.61240785249959	633
63.8479452054794	73.6106539532226	634
76.186301369863	73.61496673677051	635
