y	y_hat	y_index
70.1616438356164	73.61288563550872	669
81.0835616438356	73.61959379866636	670
59.1671232876712	73.61443099595128	671
