y	y_hat	y_index
76.3123287671233	73.56576764167316	639
82.2054794520548	73.56805482210116	640
70.2630136986301	73.56957950856294	641
