y	y_hat	y_index
61.0178082191781	73.56300005055559	507
78.4780821917808	73.56920965112337	508
77.2479452054795	73.57001251459826	509
