y	y_hat	y_index
76.7041095890411	73.61146613083564	348
73.2479452054795	73.62143677952336	349
67.3205479452055	73.61247968546101	350
