y	y_hat	y_index
60.672602739726	73.61453953853541	576
75.5	73.62134253873205	577
57.6835616438356	73.61344494062557	578
