y	y_hat	y_index
68.2205479452055	73.65102074561267	726
70.8342465753425	73.64045864617927	727
