y	y_hat	y_index
64.2	73.56713636875169	549
87.6397260273973	73.57484788467585	550
74.5684931506849	73.56825078544627	551
