y	y_hat	y_index
77.1260273972603	73.56873805191597	195
70.1260273972603	73.56485237499669	196
81.5424657534247	73.5738467985609	197
