y	y_hat	y_index
69.1876712328767	73.6131161911395	9
77.5616438356164	73.61914771742481	10
59.7616438356164	73.61266471805685	11
