y	y_hat	y_index
74.2698630136986	73.57149949967976	150
66.9780821917808	73.56586047023546	151
82.0616438356164	73.569948936002	152
