y	y_hat	y_index
64.3424657534247	73.66002649678936	672
70.9534246575342	73.66143403941236	673
72.6397260273973	73.66025662217531	674
