y	y_hat	y_index
54.2739726027397	73.61661917570417	522
74.8164383561644	73.61539495159121	523
61.9561643835616	73.62061308194257	524
