y	y_hat	y_index
82.2808219178082	73.5647369556867	597
81.1958904109589	73.56226271235309	598
61.0643835616438	73.56685210978604	599
