y	y_hat	y_index
75.8616438356164	73.60935452376827	165
70.7643835616438	73.6113179734769	166
73.372602739726	73.62067166724289	167
