y	y_hat	y_index
73.5849315068493	73.64630884876594	297
63.0780821917808	73.63806791157776	298
61.8246575342466	73.65273999750765	299
