y	y_hat	y_index
82.3958904109589	73.56062683474698	273
74.7342465753425	73.5592846368165	274
72.158904109589	73.56200757228609	275
