y	y_hat	y_index
73.9561643835616	73.54680694228719	728
79.9397260273973	73.5546993122824	729
