y	y_hat	y_index
90.272602739726	73.61815943093774	666
66.4561643835616	73.6078010503982	667
71.5643835616438	73.62058601855078	668
