y	y_hat	y_index
83.1506849315069	73.61575057848715	546
71.7506849315069	73.6157295188754	547
71.5260273972603	73.61314616484758	548
