y	y_hat	y_index
66.8643835616438	73.5572467803794	126
75.458904109589	73.55730528609286	127
79.2753424657534	73.55747519559658	128
