y	y_hat	y_index
64.5616438356164	73.61165224944185	279
71.158904109589	73.61165652660404	280
77.0643835616438	73.6116515200855	281
