y	y_hat	y_index
75.7315068493151	73.6123010873518	573
63.8178082191781	73.61528967631592	574
70.572602739726	73.61960816432207	575
