y	y_hat	y_index
78.986301369863	73.56906982236578	105
72.2095890410959	73.57434185876929	106
78.9657534246575	73.56806135563701	107
