y	y_hat	y_index
86.3917808219178	73.57677234709303	654
72.5780821917808	73.55954588461785	655
78.9753424657534	73.56671244655122	656
