y	y_hat	y_index
64.4452054794521	73.66202290017831	153
72.4493150684931	73.65635400563112	154
67.958904109589	73.6557447007981	155
