y	y_hat	y_index
78.2671232876712	73.55023226163694	459
84.3452054794521	73.54446777526579	460
81.8397260273973	73.55193654730083	461
