y	y_hat	y_index
63.4369863013699	73.61476654614172	480
68.7287671232877	73.61510195555165	481
81.4616438356164	73.6211649844015	482
