y	y_hat	y_index
72.8506849315069	73.6544064980324	660
57.1780821917808	73.6554276808297	661
63.4232876712329	73.66492131928698	662
