y	y_hat	y_index
71.9643835616438	73.61595120349041	585
71.3479452054795	73.61203722383179	586
83.0616438356164	73.61529665678583	587
