y	y_hat	y_index
60.0232876712329	73.60946725820291	366
81.7013698630137	73.61580296900821	367
71.0506849315069	73.61711651439806	368
