y	y_hat	y_index
71.4780821917808	73.65342858595415	525
65.6561643835616	73.65342806919148	526
71.9479452054795	73.65343307457405	527
