y	y_hat	y_index
72.7013698630137	73.55618796451357	57
77.8342465753425	73.55618473626912	58
79.7643835616438	73.5561886627706	59
