y	y_hat	y_index
83.2643835616438	73.57727293066134	519
84.6671232876712	73.57245349148455	520
70.8287671232877	73.56955525457549	521
