y	y_hat	y_index
67.6643835616438	73.61245735891406	231
78.3698630136986	73.6098411121637	232
71.958904109589	73.61462724815877	233
