y	y_hat	y_index
86.3630136986301	73.57208306086423	51
82.672602739726	73.5722313975871	52
71.6808219178082	73.56914283526666	53
