y	y_hat	y_index
84.2808219178082	73.57059939378856	465
60.0534246575343	73.5623392171967	466
78.058904109589	73.56237732720504	467
