y	y_hat	y_index
73.6616438356164	73.54649022290546	336
73.6465753424658	73.54771117053495	337
75.0671232876712	73.54233018837014	338
