y	y_hat	y_index
72.1630136986301	73.60940830985876	615
83.8506849315069	73.61607884315943	616
72.4424657534247	73.61336738614271	617
