y	y_hat	y_index
74.6013698630137	73.54641268942204	333
76.2835616438356	73.54061291132153	334
73.958904109589	73.5445265158795	335
