y	y_hat	y_index
74.7287671232877	73.61521475516136	594
55.8808219178082	73.610426963969	595
68.1643835616438	73.60807007177822	596
