y	y_hat	y_index
71.972602739726	73.61297023969915	555
69.9260273972603	73.61225937439909	556
84.5342465753425	73.61940509741729	557
