y	y_hat	y_index
65.286301369863	73.61847708861471	681
73.8438356164384	73.61745121806663	682
73.4260273972603	73.61190078540456	683
