y	y_hat	y_index
74.1342465753425	73.5499587333085	420
74.4698630136986	73.54913931545386	421
78.1808219178082	73.54540917141092	422
