y	y_hat	y_index
67.0835616438356	73.61094644311889	114
80.8643835616438	73.61415682452372	115
56.9643835616438	73.60934307861957	116
