y	y_hat	y_index
83.058904109589	73.61235476771404	159
72.3657534246575	73.61379940629712	160
70.4698630136986	73.61031037944436	161
