y	y_hat	y_index
67.9479452054795	73.61462094361659	42
70.086301369863	73.61392916554493	43
82.17005428820563	73.62154697928412	44
