y	y_hat	y_index
73.4287671232877	73.61360164332238	243
67.4643835616438	73.615722485533	244
75.3602739726027	73.60966877647084	245
