y	y_hat	y_index
69.6178082191781	73.61491006144037	558
82.9027397260274	73.6134155652092	559
72.3260273972603	73.61959602457976	560
