y	y_hat	y_index
77.9342465753425	73.55617957348844	687
66.4232876712329	73.55617165589466	688
80.6397260273973	73.55617568018094	689
