y	y_hat	y_index
75.1452054794521	73.61165185649531	621
67.7561643835616	73.61165376756306	622
61.972602739726	73.61165093145009	623
