y	y_hat	y_index
74.0315068493151	73.56752451300397	408
76.5150684931507	73.56684582062735	409
65.0561643835616	73.56345000198765	410
