y	y_hat	y_index
88.7369863013699	73.54846192754614	384
75.8534246575342	73.54714047180666	385
87.758904109589	73.54743779626058	386
