y	y_hat	y_index
71.8452054794521	73.56298743011591	402
80.1986301369863	73.57173595312494	403
78.3561643835616	73.56865514593363	404
