y	y_hat	y_index
66.6397260273973	73.61164609889207	432
76.1780821917808	73.611648574079	433
68.9479452054795	73.61165505836763	434
