y	y_hat	y_index
62.1780821917808	73.66133236595937	318
58.9424657534247	73.65559501388648	319
65.5671232876712	73.6591036137531	320
