y	y_hat	y_index
67.9671232876712	73.61127925835896	48
84.1506849315069	73.62000938467322	49
67.5671232876712	73.61198567131491	50
