y	y_hat	y_index
71.4671232876712	73.61569684222478	588
78.1986301369863	73.62261625501122	589
62.5698630136986	73.61197606506111	590
