y	y_hat	y_index
77.9479452054795	73.61502274538327	405
67.3671232876712	73.6113284344349	406
65.5315068493151	73.6188272052132	407
