y	y_hat	y_index
81.0643835616438	73.5718116223179	21
79.0342465753425	73.56952757403779	22
71.7452054794521	73.56801410537854	23
