y	y_hat	y_index
70.3369863013699	73.62027651869012	6
66.4616438356164	73.62155384356835	7
75.8643835616438	73.61506472458134	8
