y	y_hat	y_index
85.5397260273973	73.56814475691979	249
74.372602739726	73.56776056884284	250
67.4616438356164	73.56915640121984	251
