y	y_hat	y_index
73.1616438356164	73.61176757691062	567
56.3643835616438	73.61506185196158	568
74.6534246575342	73.61390287111767	569
