y	y_hat	y_index
84.2698630136986	73.56973986293195	129
71.172602739726	73.56771208873799	130
82.9561643835616	73.569908955896	131
