y	y_hat	y_index
73.7452054794521	73.56350999940624	450
69.6534246575342	73.56140340655847	451
77.1232876712329	73.56551897656944	452
