y	y_hat	y_index
56.4835616438356	73.58116315608392	15
79.4849315068493	73.57734069647812	16
73.6328767123288	73.57784195900219	17
