y	y_hat	y_index
84.1397260273973	73.55526599561189	552
75.3260273972603	73.5487065492659	553
78.4013698630137	73.54591412032909	554
