y	y_hat	y_index
67.7616438356164	73.61581154125528	492
79.2890410958904	73.61714506535634	493
69.8643835616438	73.61549469393282	494
