y	y_hat	y_index
75.758904109589	73.5737088771729	327
61.7671232876712	73.5665987975591	328
80.8534246575342	73.56993478777532	329
