y	y_hat	y_index
71.0041095890411	73.6204182992938	528
76.4753424657534	73.61827700555133	529
68.4643835616438	73.60988327266031	530
