y	y_hat	y_index
55.0041095890411	73.6151366150388	534
72.4780821917808	73.61473818869368	535
81.058904109589	73.62093636308084	536
