y	y_hat	y_index
75.8260273972603	73.57287463144615	237
75.1342465753425	73.56464925589393	238
66.7178082191781	73.57014559605618	239
