y	y_hat	y_index
58.1808219178082	73.61077599453161	435
61.7849315068493	73.61219467315267	436
76.0561643835616	73.61772204644082	437
