y	y_hat	y_index
84.2205479452055	73.57018621633475	210
72.3534246575342	73.56846206479035	211
79.672602739726	73.57319614739379	212
