y	y_hat	y_index
55.1616438356164	73.56589002038955	354
83.2534246575342	73.57008811170127	355
78.4397260273973	73.5730950778155	356
