y	y_hat	y_index
79.2232876712329	73.56424080087942	360
56.4287671232877	73.5648425984081	361
87.2835616438356	73.56552415692566	362
