y	y_hat	y_index
70.3246575342466	73.56916591296999	342
79.1698630136986	73.56098507457588	343
78.8383561643836	73.57444622647918	344
