y	y_hat	y_index
61.8616438356164	73.61165657245206	474
68.1561643835616	73.61165365139789	475
76.2698630136986	73.6116608794577	476
