y	y_hat	y_index
79.6849315068493	73.61252616858013	651
68.8616438356164	73.6131630617734	652
64.9712328767123	73.61201071818653	653
