y	y_hat	y_index
78.0616438356164	73.55618423719581	417
69.9986301369863	73.55618484975895	418
80.2712328767123	73.55617999920959	419
