y	y_hat	y_index
72.7835616438356	73.56863946865234	198
82.1753424657534	73.56333659387093	199
74.2671232876712	73.56672752134162	200
