y	y_hat	y_index
66.3630136986301	73.65836952737122	267
68.9452054794521	73.65587954355601	268
58.2931506849315	73.65752036825809	269
