mae_mean	mae_single
4.782185655844463	4.760863007489833
