mae_mean	mae_single
5.395975211985423	5.3851928749704525
