mae_mean	mae_single
4.892286341535732	4.899765379884358
