mae_mean	mae_single
6.018192441648064	5.8425103781581385
