mae_mean	mae_single
5.348638692784155	5.369916412461911
