mae_mean	mae_single
5.744626014946466	5.745985452065931
