mae_mean	mae_single
4.828172417419963	4.864991050789693
