mae_mean	mae_single
5.210168810984461	5.354980228013289
