mae_mean	mae_single
5.287351790007908	5.5763418977539425
