mae_mean	mae_single
4.6470152985056705	4.6470152985056705
