mae_mean	mae_single
4.713248779565807	4.693579929240133
