mae_mean	mae_single
4.2614394292518165	4.349416319728435
