mae_mean	mae_single
4.502753468682462	4.505134173378565
