mae_mean	mae_single
5.383210125521546	5.186538911160824
