mae_mean	mae_single
5.972350760176431	5.973371314986712
