mae_mean	mae_single
4.554289199033368	4.71869919408322
