mae_mean	mae_single
4.941179802063269	4.939979278158471
