{"gamma_mean": 9.314543068145704e-08, "c_mean": 5826.746306524083, "mae_mean": 4.8367247109531455, "gamma_single": 4e-08, "c_single": 5826.746306524083, "mae_single": 4.204107038152291}