mae_mean	mae_single
5.969348743565847	5.981646258659809
