mae_mean	mae_single
5.681011153652723	5.662117579885248
