mae_mean	mae_single
5.070263926587662	5.069107737301276
