mae_mean	mae_single
6.184781214255578	6.036923425774296
