mae_mean	mae_single
5.111732717296268	5.096938389671345
