mae_mean	mae_single
5.581590114563486	5.56700780857993
