mae_mean	mae_single
5.365293564100872	5.412168434177033
