mae_mean	mae_single
5.840189588723888	5.9295325103722
