mae_mean	mae_single
6.082472121647946	6.0839144895571415
