mae_mean	mae_single
5.169627055293479	5.066439241079852
