mae_mean	mae_single
6.28634687991091	6.292402181136938
