mae_mean	mae_single
4.6296177854535205	4.701808204643694
