mae_mean	mae_single
5.357475822754148	5.355137468420262
