mae_mean	mae_single
4.222819808669198	4.275311454732406
