mae_mean	mae_single
4.644057132330438	4.648631770431127
