mae_mean	mae_single
5.406316420626741	5.398795220030794
