mae_mean	mae_single
5.669734160929659	5.806744657940187
