{"c_mean": 2.306747188720069, "c_single": 100.0, "mae_mean": 4.97645541247134, "mae_single": 3.4887630232079596}