mae_mean	mae_single
4.791543591458519	4.671762620025997
