mae_mean	mae_single
4.664127051582788	4.665969229964164
