mae_mean	mae_single
5.0255497614428	5.114448227641825
