mae_mean	mae_single
5.5421336819860185	5.49383090444646
