mae_mean	mae_single
5.240309095735867	5.257247867475727
