mae_mean	mae_single
5.154623141492754	5.309613008579649
