mae_mean	mae_single
4.782129445914839	4.63986862378467
