mae_mean	mae_single
5.731663875458344	5.732984559181385
