mae_mean	mae_single
5.188271601868889	5.243298794254469
