mae_mean	mae_single
5.256575909513728	5.198047912698031
