mae_mean	mae_single
5.101808126019301	5.242719486570973
