mae_mean	mae_single
5.370274193335528	5.4045887965580235
