mae_mean	mae_single
5.608275984589439	5.603559325587972
