mae_mean	mae_single
5.101100593257896	5.4920635299027305
