mae_mean	mae_single
5.186731914987557	5.14594391574595
