mae_mean	mae_single
5.6364283004582	5.637544630927506
