mae_mean	mae_single
5.25632139555663	5.277037817640809
