mae_mean	mae_single
4.949896801732487	5.157378570859342
