mae_mean	mae_single
4.3919573839604	4.454259460653294
