mae_mean	mae_single
5.250552083040466	5.256590708166231
