mae_mean	mae_single
5.752788631761312	5.781183358918048
