mae_mean	mae_single
4.51466265303823	4.81124425689595
