mae_mean	mae_single
5.618572515926031	5.608798362408121
