mae_mean	mae_single
5.354073441806225	5.362295733511277
