mae_mean	mae_single
4.714524418201878	5.184331267160816
