{"alpha_mean": 0.007341756898948311, "alpha_single": 0.03162277660168379, "mae_mean": 4.470679142074699, "mae_single": 3.0830378336937128}