y	y_hat	y_index
55.0041095890411	73.6116599871959	534
72.4780821917808	73.61165538520405	535
81.058904109589	73.61167092090706	536
