y	y_hat	y_index
81.8835616438356	73.59509005406322	501
73.558904109589	73.5759366432331	502
63.3452054794521	73.57041692290278	503
