y	y_hat	y_index
71.4753424657534	73.54679181858019	600
74.6616438356164	73.56751763584089	601
76.0095890410959	73.56034100666854	602
