y	y_hat	y_index
59.4616438356164	73.65393804064709	624
70.8178082191781	73.65473221786407	625
67.7397260273973	73.65143544467458	626
