y	y_hat	y_index
73.1616438356164	73.6100358209144	567
56.3643835616438	73.61570146980333	568
74.6534246575342	73.61574712840705	569
