y	y_hat	y_index
70.4219178082192	73.65185748607892	603
65.9424657534247	73.64824840628971	604
68.1698630136986	73.64942098932097	605
