y	y_hat	y_index
76.7452054794521	73.55602422386598	734
79.7643835616438	73.5666044848997	735
