y	y_hat	y_index
68.2205479452055	73.65098873373155	726
70.8342465753425	73.64245996893126	727
