y	y_hat	y_index
70.3369863013699	73.617757821353	6
66.4616438356164	73.62232702912233	7
75.8643835616438	73.61475755697012	8
