y	y_hat	y_index
68.872602739726	73.61539529996944	270
78.2671232876712	73.61162010335393	271
71.158904109589	73.62634253808922	272
