y	y_hat	y_index
61.8616438356164	73.62303098906655	474
68.1561643835616	73.61640066382533	475
76.2698630136986	73.6263153778088	476
