y	y_hat	y_index
65.2657534246575	73.6127891413737	36
77.6616438356164	73.62673279502883	37
67.958904109589	73.61758158071298	38
