y	y_hat	y_index
62.1205479452055	73.62240958250419	411
68.9890410958904	73.61693135781822	412
77.9397260273973	73.61209480414	413
