y	y_hat	y_index
72.1712328767123	73.62598386552298	393
73.1013698630137	73.61285972398754	394
75.7835616438356	73.61772066423964	395
