y	y_hat	y_index
76.7041095890411	73.6089556859035	348
73.2479452054795	73.62733087648688	349
67.3205479452055	73.61853904087653	350
