y	y_hat	y_index
67.7616438356164	73.61057265910244	492
79.2890410958904	73.61451299155502	493
69.8643835616438	73.61348009410224	494
