y	y_hat	y_index
73.2808219178082	73.56946769838373	468
76.3424657534247	73.56723901508661	469
77.7643835616438	73.55296432264605	470
