y	y_hat	y_index
67.6643835616438	73.61639985604444	231
78.3698630136986	73.60975575234126	232
71.958904109589	73.61157334582111	233
