y	y_hat	y_index
75.7315068493151	73.60865675012465	573
63.8178082191781	73.61754986672439	574
70.572602739726	73.62461008387754	575
