y	y_hat	y_index
68.0479452054795	73.6143086474938	75
81.6397260273973	73.62285651170632	76
68.2753424657534	73.62589797523317	77
