y	y_hat	y_index
79.5808219178082	73.56213502780531	213
68.0506849315069	73.56937619272946	214
80.1835616438356	73.55783233545326	215
