y	y_hat	y_index
78.1698630136986	73.55518215686894	690
79.0479452054795	73.54333200243856	691
77.3452054794521	73.55319717834318	692
