y	y_hat	y_index
89.5835616438356	73.6419376898451	63
67.7328767123288	73.61221371015812	64
61.5369863013699	73.62547385352009	65
