y	y_hat	y_index
55.1616438356164	73.55641575567795	354
83.2534246575342	73.5639133038809	355
78.4397260273973	73.56434321917541	356
