y	y_hat	y_index
84.2205479452055	73.56460036090849	210
72.3534246575342	73.5630759793812	211
79.672602739726	73.56419928449587	212
