y	y_hat	y_index
71.727397260274	73.6623387559689	72
71.8561643835616	73.65650745157565	73
66.3780821917808	73.63897074625304	74
