y	y_hat	y_index
79.5698630136986	73.55751458843291	441
77.7753424657534	73.56588751103911	442
72.4849315068493	73.58177587726345	443
