y	y_hat	y_index
62.2616438356164	73.55333779449232	375
82.627397260274	73.56992168448052	376
78.9479452054795	73.57970567782007	377
