y	y_hat	y_index
74.4616438356164	73.55775882958507	111
69.0452054794521	73.55847032539364	112
77.5369863013699	73.55029450023483	113
