y	y_hat	y_index
82.2808219178082	73.55457471302441	597
81.1958904109589	73.56126936121174	598
61.0643835616438	73.55411760454841	599
