y	y_hat	y_index
66.3630136986301	73.65335477726633	267
68.9452054794521	73.65227096147292	268
58.2931506849315	73.66169068532903	269
