y	y_hat	y_index
79.3561643835616	73.55333881811409	399
73.9616438356164	73.53788136496678	400
75.3972602739726	73.55885549738782	401
