y	y_hat	y_index
70.1534246575342	73.570579758325	710
78.7479452054795	73.58016915449352	711
