y	y_hat	y_index
71.0041095890411	73.62023600364769	528
76.4753424657534	73.62437021633086	529
68.4643835616438	73.60953330317835	530
