y	y_hat	y_index
83.1890410958904	73.61741950086888	495
59.6452054794521	73.61254518994797	496
70.7876712328767	73.6174018846929	497
