y	y_hat	y_index
71.8424657534247	73.61450987943398	684
75.9369863013699	73.60717273751584	685
72.9849315068493	73.60518171414293	686
