y	y_hat	y_index
71.6835616438356	73.6013702074425	156
77.872602739726	73.63171342725803	157
70.7671232876712	73.61089916074644	158
