y	y_hat	y_index
70.3246575342466	73.56777173028371	342
79.1698630136986	73.55128338912286	343
78.8383561643836	73.55822796910603	344
