y	y_hat	y_index
76.0424657534247	73.56352250696398	630
61.5917808219178	73.55884775080605	631
75.7424657534247	73.5614342836248	632
