y	y_hat	y_index
75.2835616438356	73.54459248651133	84
75.2424657534247	73.53519790861768	85
74.1780821917808	73.54956225407777	86
