y	y_hat	y_index
79.5232876712329	73.63118886061524	477
71.7657534246575	73.61480755154373	478
60.718372666497935	73.62060648482253	479
