y	y_hat	y_index
71.2808219178082	73.56842676481921	730
76.0232876712329	73.57457975034698	731
