y	y_hat	y_index
66.4369863013699	73.64394762760831	712
65.5671232876712	73.66168276621653	713
