y	y_hat	y_index
88.2643835616438	73.54507963247352	606
73.7821917808219	73.53705397659519	607
82.4534246575342	73.54103915325656	608
