y	y_hat	y_index
73.8643835616438	73.54890609102493	207
75.0397260273973	73.5512399008773	208
91.3068493150685	73.5511138140107	209
