y	y_hat	y_index
81.7643835616438	73.56507401227573	291
88.9342465753425	73.56832732864135	292
68.7479452054795	73.55513380199534	293
