y	y_hat	y_index
57.0643835616438	73.56331782831855	582
87.2232876712329	73.55939407195126	583
82.7671232876712	73.5625058802851	584
