y	y_hat	y_index
88.2561643835616	73.56676107091974	99
72.158904109589	73.54662257810577	100
75.7808219178082	73.55381950250325	101
