y	y_hat	y_index
63.4369863013699	73.6149079651556	480
68.7287671232877	73.61153310469929	481
81.4616438356164	73.6286554943153	482
