y	y_hat	y_index
70.4616438356164	73.55777271099889	645
88.4753424657534	73.5606709469038	646
78.0616438356164	73.55889183122832	647
