y	y_hat	y_index
79.2616438356164	73.55709983837473	171
79.386301369863	73.56947172731698	172
61.7808219178082	73.55477848762247	173
