y	y_hat	y_index
76.1506849315069	73.55862356248824	540
64.5643835616438	73.556868520339	541
87.1643835616438	73.57126420830424	542
