y	y_hat	y_index
77.9424657534247	73.56872448610676	264
75.3808219178082	73.55777933004045	265
67.6109589041096	73.56140990781687	266
