y	y_hat	y_index
84.3616438356164	73.5470458204659	168
85.5369863013699	73.5591706942539	169
75.0671232876712	73.54875889693706	170
