y	y_hat	y_index
65.4931506849315	73.66400853505179	228
73.3301369863014	73.64737423950285	229
68.2506849315069	73.65250872639744	230
