y	y_hat	y_index
75.8890410958904	73.54678979976697	33
85.7260273972603	73.54311903653873	34
75.7424657534247	73.54415555511815	35
