y	y_hat	y_index
80.2794520547945	73.55944186179177	396
77.6616438356164	73.55556580301787	397
61.0	73.54642169276225	398
