y	y_hat	y_index
81.0643835616438	73.56288063114116	21
79.0342465753425	73.56984820759897	22
71.7452054794521	73.55841305114248	23
