y	y_hat	y_index
65.086301369863	73.65403823851977	183
69.1657534246575	73.65437049926992	184
71.6835616438356	73.64070948419722	185
