y	y_hat	y_index
78.4671232876712	73.54821449250615	222
74.5424657534247	73.53304782304276	223
76.0369863013699	73.55605620055717	224
