y	y_hat	y_index
75.1452054794521	73.53633787351937	423
75.6369863013699	73.54749309334692	424
74.7534246575342	73.53720416246142	425
