y	y_hat	y_index
72.1630136986301	73.6089258994317	615
83.8506849315069	73.63411346898697	616
72.4424657534247	73.61245163084682	617
