y	y_hat	y_index
86.4643835616438	73.55830546932899	201
69.7808219178082	73.55545736733185	202
75.7835616438356	73.55826553901504	203
