y	y_hat	y_index
73.9561643835616	73.53733427578192	728
79.9397260273973	73.55258243134222	729
