y	y_hat	y_index
77.8150684931507	73.54228773658271	378
75.5671232876712	73.53229292352489	379
82.0287671232877	73.55096232027134	380
