y	y_hat	y_index
79.2232876712329	73.56174013473287	360
56.4287671232877	73.554269992583	361
87.2835616438356	73.5573132149716	362
