y	y_hat	y_index
84.2698630136986	73.55932699304441	129
71.172602739726	73.55296917226106	130
82.9561643835616	73.55997647172687	131
