y	y_hat	y_index
77.9479452054795	73.62591754406144	405
67.3671232876712	73.61258767951735	406
65.5315068493151	73.62711549602174	407
