y	y_hat	y_index
90.272602739726	73.62902892852145	666
66.4561643835616	73.60446380687647	667
71.5643835616438	73.63000749815333	668
