y	y_hat	y_index
83.9643835616438	73.55776054661322	312
84.8671232876712	73.55126973486115	313
70.9643835616438	73.55230373236353	314
