y	y_hat	y_index
75.1452054794521	73.61869733961305	621
67.7561643835616	73.61997482019038	622
61.972602739726	73.61226071636902	623
