y	y_hat	y_index
60.672602739726	73.60825752837664	576
75.5	73.6273671067843	577
57.6835616438356	73.62124326512628	578
