y	y_hat	y_index
69.5534246575342	73.66165325067794	30
71.3808219178082	73.66181891377263	31
60.6616438356164	73.65580474744246	32
