y	y_hat	y_index
67.0835616438356	73.61155618595217	114
80.8643835616438	73.61963502934964	115
56.9643835616438	73.60286000237849	116
