y	y_hat	y_index
70.1027397260274	73.56886185885702	716
87.0808219178082	73.58719379226119	717
