y	y_hat	y_index
73.9808219178082	73.54389040313508	96
84.0424657534247	73.54763514597971	97
75.572602739726	73.55223465201564	98
