y	y_hat	y_index
68.9616438356164	73.62219747733207	180
76.7671232876712	73.6165497009275	181
72.4479452054795	73.61533652951648	182
