y	y_hat	y_index
77.9849315068493	73.6289127855211	414
70.7671232876712	73.60904264749296	415
71.4780821917808	73.61093011569452	416
