y	y_hat	y_index
55.8671232876712	73.62289272166454	657
84.5506849315069	73.61705595564149	658
62.3821917808219	73.61124093708123	659
