y	y_hat	y_index
64.2	73.56282795273691	549
87.6397260273973	73.57853603752642	550
74.5684931506849	73.56608343102727	551
