y	y_hat	y_index
73.7452054794521	73.55037355871868	450
69.6534246575342	73.55321847539282	451
77.1232876712329	73.55335928902944	452
