y	y_hat	y_index
69.9506849315069	73.65074310833202	288
70.7260273972603	73.65185683391027	289
71.3424657534247	73.64695571137464	290
