y	y_hat	y_index
69.4753424657534	73.65703091615158	276
65.8753424657534	73.66072428024549	277
72.6452054794521	73.66632318399317	278
