y	y_hat	y_index
84.5356164383562	73.6122185254003	18
69.3849315068493	73.61520950207893	19
71.1561643835616	73.6159983829297	20
