y	y_hat	y_index
71.972602739726	73.61306962798398	555
69.9260273972603	73.61653791818925	556
84.5342465753425	73.62374959624627	557
