y	y_hat	y_index
70.1808219178082	73.6569553156633	675
64.9561643835616	73.65073166378218	676
67.3671232876712	73.64671215505253	677
