y	y_hat	y_index
71.5671232876712	73.60563891095867	123
70.7616438356164	73.61917749517308	124
81.4342465753425	73.61135802207302	125
