y	y_hat	y_index
69.4808219178082	73.56158814560118	609
83.6205479452055	73.57379569384034	610
75.1643835616438	73.56075987380072	611
