y	y_hat	y_index
69.6178082191781	73.61260894292545	558
82.9027397260274	73.6206469962577	559
72.3260273972603	73.62419655440664	560
