y	y_hat	y_index
76.3561643835616	73.57155532820713	537
69.1780821917808	73.55938064247864	538
82.6424657534247	73.56449805685712	539
