y	y_hat	y_index
75.8616438356164	73.60851568230966	165
70.7643835616438	73.60354768923379	166
73.372602739726	73.62669073708473	167
