y	y_hat	y_index
80.3013698630137	73.62534945661827	531
73.0534246575342	73.62625731294284	532
69.1986301369863	73.6127951912535	533
