y	y_hat	y_index
66.6397260273973	73.61664740880394	432
76.1780821917808	73.6088885974346	433
68.9479452054795	73.61484828514575	434
