y	y_hat	y_index
78.3452054794521	73.57350734069666	303
63.5232876712329	73.55358429043153	304
79.3643835616438	73.55249987660322	305
