y	y_hat	y_index
66.7369863013699	73.65553505201177	663
58.772602739726	73.66441353138345	664
63.0	73.66103238509255	665
