y	y_hat	y_index
56.3027397260274	73.61884457543577	483
64.5808219178082	73.61285458162703	484
79.1671232876712	73.62769135977152	485
