y	y_hat	y_index
64.9753424657534	73.61231215701301	12
74.3616438356164	73.6235225838393	13
64.4315068493151	73.61594097593229	14
