y	y_hat	y_index
68.2808219178082	73.56506238805616	627
80.5767123287671	73.56886831747393	628
74.2643835616438	73.56155938653842	629
