y	y_hat	y_index
69.3534246575342	73.62681228865713	315
81.0150684931507	73.62176687662564	316
60.6232876712329	73.61704373111259	317
