y	y_hat	y_index
65.2561643835616	73.55959671046989	456
75.6808219178082	73.55219985534754	457
74.9835616438356	73.5565892500743	458
