y	y_hat	y_index
67.9342465753425	73.55833945310575	693
78.5287671232877	73.5580868227149	694
88.3315068493151	73.56045909247797	695
