y	y_hat	y_index
67.9671232876712	73.61914234173719	48
84.1506849315069	73.62676281932674	49
67.5671232876712	73.61361677007721	50
