y	y_hat	y_index
80.8671232876712	73.55063107242836	192
72.1698630136986	73.56819628391123	193
77.9698630136986	73.55654228723122	194
