y	y_hat	y_index
64.5616438356164	73.61473878480075	279
71.158904109589	73.62119895525	280
77.0643835616438	73.61537457232497	281
