y	y_hat	y_index
88.5698630136986	73.55023879615054	261
76.8657534246575	73.54661132646683	262
87.7698630136986	73.55091846241028	263
