y	y_hat	y_index
63.6616438356164	73.64971052234408	462
73.0424657534247	73.65574878366976	463
63.5506849315069	73.64893400857548	464
