y	y_hat	y_index
76.6808219178082	73.5450486700208	363
86.5808219178082	73.54466293160361	364
77.4479452054795	73.54217962066294	365
