y	y_hat	y_index
70.9232876712329	73.61926540226112	174
61.7808219178082	73.60351197850176	175
74.0095890410959	73.61920905874368	176
