y	y_hat	y_index
76.3123287671233	73.55525948417774	639
82.2054794520548	73.56420913145766	640
70.2630136986301	73.56159046623569	641
