y	y_hat	y_index
74.1342465753425	73.5507260873512	420
74.4698630136986	73.55193127559	421
78.1808219178082	73.54633740278646	422
