y	y_hat	y_index
64.4452054794521	73.65756736242685	153
72.4493150684931	73.66244860838259	154
67.958904109589	73.64753235862068	155
