y	y_hat	y_index
72.7835616438356	73.56351583770022	198
82.1753424657534	73.55607428452123	199
74.2671232876712	73.55921601644175	200
