y	y_hat	y_index
80.8287671232877	73.55629913488788	102
75.1794520547945	73.54876947699466	103
80.1808219178082	73.54251731587912	104
