y	y_hat	y_index
73.8917808219178	73.54157512817577	351
76.6506849315069	73.5436007158876	352
81.2698630136986	73.56232651369645	353
