y	y_hat	y_index
77.658904109589	73.54211040041118	132
75.7808219178082	73.55506030267202	133
77.5698630136986	73.54559773610032	134
