y	y_hat	y_index
65.8616438356164	73.62035873120085	69
73.2753424657534	73.62312223539513	70
79.3780821917808	73.61822669003541	71
