y	y_hat	y_index
75.8780821917808	73.62465881306412	3
71.2671232876712	73.61120158647954	4
61.0808219178082	73.60355595828187	5
