y	y_hat	y_index
86.3917808219178	73.58471781008244	654
72.5780821917808	73.5405038196273	655
78.9753424657534	73.55706860254647	656
