y	y_hat	y_index
79.2452054794521	73.55629587118884	720
81.8671232876712	73.5639307395116	721
