y	y_hat	y_index
72.8506849315069	73.65155150937677	660
57.1780821917808	73.65164203073824	661
63.4232876712329	73.65272505122181	662
