y	y_hat	y_index
69.4808219178082	73.61372878871327	453
80.072602739726	73.6222491116913	454
61.686301369863	73.61464651914213	455
