y	y_hat	y_index
76.4410958904109	73.56266048800418	282
66.9931506849315	73.55852505288135	283
79.5643835616438	73.56491322666285	284
