y	y_hat	y_index
88.7369863013699	73.55787108835635	384
75.8534246575342	73.56273888768976	385
87.758904109589	73.56108855817187	386
