y	y_hat	y_index
66.6753424657534	73.56567111400834	225
73.5808219178082	73.57507779951918	226
78.8835616438356	73.56493337129477	227
