y	y_hat	y_index
75.8260273972603	73.56411855904055	237
75.1342465753425	73.55058981182984	238
66.7178082191781	73.56265069039151	239
