y	y_hat	y_index
70.8616438356164	73.62674347247251	330
84.7424657534247	73.62567628652393	331
62.7643835616438	73.60162320659906	332
