y	y_hat	y_index
73.5849315068493	73.6633657269663	297
63.0780821917808	73.63804549136374	298
61.8246575342466	73.66219184643548	299
