y	y_hat	y_index
78.986301369863	73.56632711556593	105
72.2095890410959	73.567282594351	106
78.9657534246575	73.56344178906369	107
