y	y_hat	y_index
64.0534246575342	73.6434551754438	357
73.0602739726027	73.64123776454825	358
65.3561643835616	73.64414849319911	359
