y	y_hat	y_index
76.3424657534247	73.55061475895137	702
74.7041095890411	73.55172849685059	703
80.4616438356164	73.54801288488423	704
