y	y_hat	y_index
70.1616438356164	73.60695444376557	669
81.0835616438356	73.62794623466914	670
59.1671232876712	73.60876393148672	671
