y	y_hat	y_index
72.1260273972603	73.62556267859648	78
82.5109589041096	73.62894097634455	79
60.6205479452055	73.603526060125	80
