y	y_hat	y_index
79.1424657534247	73.63402664901852	513
73.2616438356164	73.61783819524443	514
64.3027397260274	73.61898385644298	515
