y	y_hat	y_index
58.1808219178082	73.61852226471106	435
61.7849315068493	73.61301023915621	436
76.0561643835616	73.61804160299178	437
