y	y_hat	y_index
60.1671232876712	73.61563291553102	489
76.5342465753425	73.63373992246048	490
69.172602739726	73.62057023248543	491
