y	y_hat	y_index
62.8698630136986	73.61091870055066	177
80.3534246575342	73.6151898801121	178
63.7506849315068	73.6143262530794	179
