y	y_hat	y_index
74.7287671232877	73.61565944543675	594
55.8808219178082	73.61128656158664	595
68.1643835616438	73.60756460528064	596
