y	y_hat	y_index
73.558904109589	73.6438493262162	369
65.086301369863	73.65971638883208	370
70.6671232876712	73.6528980619653	371
