y	y_hat	y_index
80.9534246575342	73.55345314444426	561
79.9452054794521	73.57274137019938	562
72.3808219178082	73.54830828841162	563
