y	y_hat	y_index
86.3630136986301	73.5736315779209	51
82.672602739726	73.57141982440413	52
71.6808219178082	73.56274033242762	53
