y	y_hat	y_index
55.8479452054794	73.61832429284057	510
77.0383561643836	73.62876667857223	511
72.3232876712329	73.61577054971323	512
