y	y_hat	y_index
75.4452054794521	73.55829920955166	120
65.2424657534247	73.5574745096855	121
78.686301369863	73.55951657419028	122
