y	y_hat	y_index
64.0794520547945	73.65483330280856	732
69.558904109589	73.65321546288399	733
