y	y_hat	y_index
76.1780821917808	73.53940167746906	240
80.1794520547945	73.54751100459673	241
73.6506849315069	73.54536232681555	242
