y	y_hat	y_index
56.4835616438356	73.58010672883402	15
79.4849315068493	73.57212831991473	16
73.6328767123288	73.57119265273698	17
