y	y_hat	y_index
80.3753424657534	73.5438153990433	258
74.3452054794521	73.5446903877991	259
75.058904109589	73.53665846748007	260
