y	y_hat	y_index
83.9095890410959	73.55036702039004	108
77.3616438356164	73.54080519282847	109
79.1082191780822	73.53960585900109	110
