y	y_hat	y_index
71.9671232876712	73.66849007527661	81
69.7095890410959	73.65586190610907	82
69.2260273972603	73.64479602113991	83
