y	y_hat	y_index
71.9643835616438	73.62241431593517	585
71.3479452054795	73.6128954673193	586
83.0616438356164	73.61559544075547	587
