y	y_hat	y_index
72.986301369863	73.64888720845313	309
72.7424657534247	73.65387201098576	310
61.9534246575342	73.65459414355823	311
