y	y_hat	y_index
68.3904109589041	73.61058917774898	633
63.8479452054794	73.60318714349445	634
76.186301369863	73.61804928906543	635
