y	y_hat	y_index
79.8520547945206	73.57588411095658	66
90.2561643835616	73.5688662336736	67
71.058904109589	73.57013902075741	68
