y	y_hat	y_index
78.0616438356164	73.56701169571973	417
69.9986301369863	73.56774093292196	418
80.2712328767123	73.55506129291568	419
