y	y_hat	y_index
74.9643835616438	73.54795498995767	696
73.8616438356164	73.54968882674812	697
75.1808219178082	73.55020360538919	698
