y	y_hat	y_index
63.9821917808219	73.61838967265852	87
78.2808219178082	73.62301312743479	88
65.772602739726	73.62390122771666	89
