y	y_hat	y_index
69.4178082191781	73.62713971369395	618
65.9890410958904	73.61143657600039	619
83.1808219178082	73.61882901020931	620
