y	y_hat	y_index
66.4260273972603	73.65607473607311	60
63.7506849315068	73.65231122820822	61
62.258904109589	73.64548765245777	62
