y	y_hat	y_index
79.1986301369863	73.55915783997635	135
74.7835616438356	73.57172878243436	136
71.8890410958904	73.55198731329963	137
