y	y_hat	y_index
64.3424657534247	73.65884875119613	672
70.9534246575342	73.65836425010349	673
72.6397260273973	73.649649283127	674
