y	y_hat	y_index
57.7369863013699	73.60635281628817	678
72.0013698630137	73.61970075353861	679
75.572602739726	73.6159939050011	680
