y	y_hat	y_index
74.0315068493151	73.56390980185276	408
76.5150684931507	73.56391318564161	409
65.0561643835616	73.55178788609811	410
