y	y_hat	y_index
83.0164383561644	73.55833070986512	426
72.8671232876712	73.55464447307139	427
74.9616438356164	73.5590234334371	428
