y	y_hat	y_index
65.8205479452055	73.60116647327453	498
80.8698630136986	73.62975915207025	499
70.5616438356164	73.61058191921457	500
