y	y_hat	y_index
71.8698630136986	73.61290394864552	204
62.7616438356164	73.61140600766427	205
85.8753424657534	73.62534117389929	206
