y	y_hat	y_index
71.4780821917808	73.65286242837247	525
65.6561643835616	73.66009397870349	526
71.9479452054795	73.66481952976146	527
