y	y_hat	y_index
70.1068493150685	73.56350817420753	24
85.2808219178082	73.57876416453782	25
77.3808219178082	73.56355781641925	26
