y	y_hat	y_index
74.8452054794521	73.61628596461286	27
57.6315068493151	73.61138741246835	28
71.5794520547945	73.61696422932563	29
