y	y_hat	y_index
73.4287671232877	73.60999874414392	243
67.4643835616438	73.61501720061447	244
75.3602739726027	73.60914376456829	245
