y	y_hat	y_index
74.6013698630137	73.54964996655787	333
76.2835616438356	73.54142409378171	334
73.958904109589	73.55211343783192	335
