y	y_hat	y_index
78.6	73.55027962300349	39
85.3780821917808	73.56018515220177	40
72.2452054794521	73.55218196239497	41
