y	y_hat	y_index
72.3616438356164	73.57672904014008	147
73.5780821917808	73.5776514311979	148
84.4452054794521	73.57730153293687	149
