y	y_hat	y_index
78.5369863013699	73.62547820270656	642
67.9986301369863	73.60796414651053	643
56.272602739726	73.60806637990139	644
