y	y_hat	y_index
71.2506849315069	73.65718086586752	219
62.9616438356164	73.64733148939706	220
70.8780821917808	73.64740091727714	221
