y	y_hat	y_index
85.5397260273973	73.55837199264576	249
74.372602739726	73.55522886183013	250
67.4616438356164	73.55171682786869	251
