y	y_hat	y_index
71.4671232876712	73.61674965089314	588
78.1986301369863	73.62656649398522	589
62.5698630136986	73.60728880278774	590
