y	y_hat	y_index
84.2808219178082	73.567636788716	465
60.0534246575343	73.55006142606283	466
78.058904109589	73.55219239877894	467
