y	y_hat	y_index
54.2739726027397	73.62331561137998	522
74.8164383561644	73.61941167855903	523
61.9561643835616	73.6235961378882	524
