y	y_hat	y_index
61.0424657534247	73.61164754853749	444
68.058904109589	73.61271499897734	445
74.9260273972603	73.6163228470995	446
