y	y_hat	y_index
65.286301369863	73.6180082031284	681
73.8438356164384	73.61388755381573	682
73.4260273972603	73.61509875116325	683
