y	y_hat	y_index
61.9780821917808	73.61592110190612	300
73.2616438356164	73.60423454856348	301
80.6506849315069	73.63144471098786	302
