y	y_hat	y_index
73.8342465753425	73.561589896259	321
74.3890410958904	73.56242471195938	322
70.8041095890411	73.5567376992033	323
