y	y_hat	y_index
82.3917808219178	73.56812155746714	246
74.1849315068493	73.56002350941095	247
55.4164383561644	73.54914043450849	248
