y	y_hat	y_index
83.1506849315069	73.62080294652097	546
71.7506849315069	73.61861577778528	547
71.5260273972603	73.61309720613572	548
