y	y_hat	y_index
78.2671232876712	73.54506378025638	459
84.3452054794521	73.5426710225211	460
81.8397260273973	73.55810703765464	461
