y	y_hat	y_index
76.1753424657534	73.57026810090217	117
68.3068493150685	73.55497365122893	118
75.3452054794521	73.56357489270452	119
