y	y_hat	y_index
71.1260273972603	73.56815520728782	591
74.3780821917808	73.55383570791783	592
80.1958904109589	73.55390650244377	593
