y	y_hat	y_index
72.63989854950165	73.55933920895606	90
82.0780821917808	73.55488011489025	91
78.1698630136986	73.55972235407391	92
