y	y_hat	y_index
83.058904109589	73.61130195555273	159
72.3657534246575	73.61215099040766	160
70.4698630136986	73.60537480687847	161
