y	y_hat	y_index
72.7013698630137	73.55701758078536	57
77.8342465753425	73.55717877645164	58
79.7643835616438	73.57092297120101	59
