y	y_hat	y_index
60.0232876712329	73.60399272268057	366
81.7013698630137	73.62572840626821	367
71.0506849315069	73.62144127169928	368
