y	y_hat	y_index
85.458904109589	73.55521415946544	579
65.3698630136986	73.55849954531755	580
78.5808219178082	73.59218330288272	581
