y	y_hat	y_index
65.6616438356164	73.60652182307797	447
54.9205479452055	73.61106955616559	448
81.3506849315069	73.62074518604987	449
