y	y_hat	y_index
73.6780821917808	73.64880535228306	255
72.5534246575342	73.64595790255483	256
72.3643835616438	73.63597045135408	257
