y	y_hat	y_index
65.658904109589	73.65299684229618	504
65.0328767123288	73.64423353207178	505
67.5315068493151	73.64510369052938	506
