y	y_hat	y_index
67.9479452054795	73.61163997558909	42
70.086301369863	73.61165420148656	43
82.17005428820563	73.61167183367596	44
