y	y_hat	y_index
83.3780821917808	73.54986547180704	138
60.6835616438356	73.54292234646583	139
84.7506849315069	73.56527844029276	140
