y	y_hat	y_index
74.4808219178082	73.54535059987755	144
82.1643835616438	73.54062591939102	145
82.6643835616438	73.55441544374335	146
