y	y_hat	y_index
76.3397260273973	73.55845708407483	543
83.2342465753425	73.56258266163397	544
64.7561643835616	73.5629116266274	545
