y	y_hat	y_index
84.1397260273973	73.5491553103611	552
75.3260273972603	73.5551226984737	553
78.4013698630137	73.54328019515374	554
