y	y_hat	y_index
77.1260273972603	73.55971753855738	195
70.1260273972603	73.55513740769186	196
81.5424657534247	73.56656663060001	197
