y	y_hat	y_index
67.3013698630137	73.62383238782513	186
73.9671232876712	73.60620968050426	187
69.6671232876712	73.61915426567722	188
