y	y_hat	y_index
89.0698630136986	73.54491793392631	570
77.2260273972603	73.5542858714122	571
79.5616438356164	73.55727220755364	572
