y	y_hat	y_index
66.8643835616438	73.5566755381511	126
75.458904109589	73.55566086404669	127
79.2753424657534	73.56030747097252	128
