y	y_hat	y_index
89.2780821917808	73.56117734611938	438
77.0643835616438	73.545720178688	439
77.1397260273973	73.54057021792609	440
