y	y_hat	y_index
61.2698630136986	73.61027475800277	141
74.2808219178082	73.6218746411593	142
62.8753424657534	73.60806614850279	143
