y	y_hat	y_index
73.9424657534247	73.61165276958033	390
71.9041095890411	73.61165495988558	391
70.8260273972603	73.61165637761411	392
