y	y_hat	y_index
83.8205479452055	73.5428871427756	93
75.0342465753425	73.54885949136127	94
77.4808219178082	73.55447059168405	95
