y	y_hat	y_index
70.4698630136986	73.56885725498498	516
86.6369863013699	73.57114897959241	517
77.8835616438356	73.5681547175933	518
