y	y_hat	y_index
63.0808219178082	73.65301050561402	54
61.558904109589	73.652272663818	55
61.9958904109589	73.65290606551339	56
