y	y_hat	y_index
69.1876712328767	73.61764537971604	9
77.5616438356164	73.62745271548664	10
59.7616438356164	73.60701156198286	11
