y	y_hat	y_index
59.6616438356164	73.60650198021969	345
87.6534246575342	73.62121551827649	346
70.5123287671233	73.60655165441193	347
