y	y_hat	y_index
64.7698630136986	73.60408099365877	45
77.7643835616438	73.6346165239093	46
60.7616438356164	73.6118795358357	47
