y	y_hat	y_index
77.758904109589	73.54981237840732	381
77.1369863013699	73.54183731146072	382
89.5616438356164	73.55309154413168	383
