y	y_hat	y_index
81.8821917808219	73.55831894741854	636
63.9753424657534	73.56167685520549	637
76.5616438356164	73.558454621331	638
