y	y_hat	y_index
70.472602739726	73.5561754482791	471
76.4232876712329	73.55617218574987	472
85.1547945205479	73.55617692711857	473
