y	y_hat	y_index
71.258904109589	73.66619164760424	612
57.6616438356164	73.65235723456587	613
72.7671232876712	73.66545708850337	614
