y	y_hat	y_index
73.5479452054795	73.56793350286492	564
87.5506849315069	73.58713979113058	565
72.8506849315069	73.57463966236195	566
