y	y_hat	y_index
73.258904109589	73.55616697799059	339
84.1643835616438	73.55616928656842	340
84.4616438356164	73.55618135331713	341
