y	y_hat	y_index
72.8643835616438	73.57071557856543	722
73.8041095890411	73.58159032667915	723
