y	y_hat	y_index
74.2698630136986	73.5542213120365	150
66.9780821917808	73.55613971076801	151
82.0616438356164	73.56698874083087	152
