y	y_hat	y_index
75.5616438356164	73.54970722817762	387
79.1671232876712	73.54112264369857	388
79.2534246575342	73.54697221197044	389
