y	y_hat	y_index
71.3835616438356	73.6135237609224	429
78.072602739726	73.6142541052339	430
70.8835616438356	73.61465951890027	431
