y	y_hat	y_index
69.9835616438356	73.66663649758209	0
72.5561643835616	73.65511487205112	1
71.3616438356164	73.656428375067	2
