y	y_hat	y_index
62.7808219178082	73.55202238871134	234
81.3232876712329	73.5578470491275	235
76.0616438356164	73.56224472445824	236
