y	y_hat	y_index
71.2369863013699	73.6198766722587	324
63.8479452054794	73.61752536871714	325
79.6890410958904	73.61734609294274	326
