y	y_hat	y_index
72.772602739726	73.63453596790461	285
77.4232876712329	73.62062424876166	286
54.9671232876712	73.61412943959796	287
