y	y_hat	y_index
61.2780821917808	73.57080838527192	714
87.6616438356164	73.59890070271115	715
