y	y_hat	y_index
69.9479452054795	73.55182124472576	162
75.9671232876712	73.57172371347234	163
81.4821917808219	73.56192018410647	164
