y	y_hat	y_index
67.9041095890411	73.65607550721707	705
70.4397260273973	73.66093153753532	706
62.8479452054794	73.66217497535813	707
