y	y_hat	y_index
73.6616438356164	73.5435797537576	336
73.6465753424658	73.54143434469069	337
75.0671232876712	73.54391988693456	338
