y	y_hat	y_index
69.2013698630137	73.65706930898486	648
72.2397260273973	73.6535877853218	649
70.4753424657534	73.65662552405239	650
