y	y_hat	y_index
61.8561643835616	73.6182650373869	252
69.7780821917808	73.60874078073938	253
75.8479452054795	73.61528833794503	254
