y	y_hat	y_index
76.8506849315069	73.58302955311355	699
77.1630136986301	73.56452445156273	700
70.4534246575342	73.56252522695614	701
