y	y_hat	y_index
75.8753424657534	73.58098903180166	708
71.0753424657534	73.56462157012297	709
