y	y_hat	y_index
82.3958904109589	73.57547607308507	273
74.7342465753425	73.55869687283425	274
72.158904109589	73.57635437799652	275
