y	y_hat	y_index
79.6849315068493	73.61740814331249	651
68.8616438356164	73.63056945016439	652
64.9712328767123	73.60622363064292	653
