y	y_hat	y_index
75.758904109589	73.57881722640889	327
61.7671232876712	73.55484281807117	328
80.8534246575342	73.56795788641601	329
