y	y_hat	y_index
83.2643835616438	73.5763504350765	519
84.6671232876712	73.5748025268076	520
70.8287671232877	73.56311550123647	521
