y	y_hat	y_index
62.1780821917808	73.66218808739687	318
58.9424657534247	73.65192505914936	319
65.5671232876712	73.65872118176934	320
