y	y_hat	y_index
71.8452054794521	73.55679537601321	402
80.1986301369863	73.5603121762952	403
78.3561643835616	73.5558580335672	404
