y	y_hat	y_index
68.5342465753425	73.62653719203783	306
78.1452054794521	73.617837235454	307
69.458904109589	73.62146508991093	308
