y	y_hat	y_index
66.7328767123288	73.61276043539516	189
80.5041095890411	73.61766048439435	190
59.9506849315068	73.60966550092266	191
