y	y_hat	y_index
73.958904109589	73.55252535816327	486
83.258904109589	73.57747645170325	487
68.2780821917808	73.54914072973128	488
