y	y_hat	y_index
82.3698630136986	73.55370169223751	294
84.4671232876712	73.54485724376636	295
75.7643835616438	73.5343233097055	296
