y	y_hat	y_index
72.2068493150685	73.65812208800148	718
72.7780821917808	73.64681441327393	719
