mae_mean	mae_single
4.930595932560445	5.395961288537419
