mae_mean	mae_single
5.934812592463899	5.9273452385057706
