mae_mean	mae_single
4.955193255920693	5.046620657355426
