mae_mean	mae_single
5.702133268814537	5.684846530823788
