mae_mean	mae_single
4.611936863885195	4.473373196965935
