mae_mean	mae_single
4.42724389417982	4.58805677124703
