mae_mean	mae_single
5.480112721251803	5.463256460935685
