mae_mean	mae_single
5.900863393892478	5.668377318105874
