mae_mean	mae_single
5.785646342860183	6.255626367774303
