mae_mean	mae_single
4.798607891336738	4.7772792139439195
