mae_mean	mae_single
5.651162254815198	5.622394660506532
