mae_mean	mae_single
4.978784113309436	4.970368862882332
