mae_mean	mae_single
4.827528487046985	4.878698501062331
