mae_mean	mae_single
5.418397169244151	5.85135471124758
