mae_mean	mae_single
5.323266239298614	5.516181576917569
