mae_mean	mae_single
5.125331474823417	5.330569657559167
