mae_mean	mae_single
5.665507111636563	5.674042797622202
