mae_mean	mae_single
5.32621614091178	5.321603015820855
