mae_mean	mae_single
5.769724744792323	5.858424824690842
