{"alpha_mean": 0.0310170149947769, "alpha_single": 0.1, "mae_mean": 4.899597105410994, "mae_single": 3.6349702277153972}