mae_mean	mae_single
4.686379644446745	4.686379644446745
