mae_mean	mae_single
5.045742381921379	5.045742381921379
