mae_mean	mae_single
5.336804133490889	5.385513261734607
