mae_mean	mae_single
4.285090571609386	4.240032666307566
