mae_mean	mae_single
4.979453975714604	5.049604482579907
