mae_mean	mae_single
4.870363317100841	4.816890208033042
