mae_mean	mae_single
6.02555847307813	6.021303843817201
