mae_mean	mae_single
5.925207403801531	5.922184783818656
