mae_mean	mae_single
4.614974472080346	4.614974472080346
