mae_mean	mae_single
5.636951949245717	5.627563968636274
