mae_mean	mae_single
4.634050311966044	4.825568425124047
