mae_mean	mae_single
4.923351759719914	5.024589476318791
