mae_mean	mae_single
5.650978534282423	5.617469181447305
