mae_mean	mae_single
5.125262366536499	5.207599281937371
