mae_mean	mae_single
5.638429161607116	5.634815146799989
