mae_mean	mae_single
5.324983877248982	5.322544668745222
