mae_mean	mae_single
4.453226034874617	4.624856457520059
