mae_mean	mae_single
5.266997643135181	5.324834714387876
