mae_mean	mae_single
5.274013929266274	5.283286157607405
