mae_mean	mae_single
5.130668827588922	5.159154900541306
