mae_mean	mae_single
4.864943857665423	5.133076661674965
