mae_mean	mae_single
5.490684632408686	5.519442390807955
