mae_mean	mae_single
5.062742035715785	5.071805319899821
