mae_mean	mae_single
4.9085512429303355	4.901307415479636
