mae_mean	mae_single
5.317166124737738	5.27036116778104
