mae_mean	mae_single
5.915116923297017	5.921638800492171
