mae_mean	mae_single
4.140930165123006	4.1930476494404525
