mae_mean	mae_single
5.319651186611176	5.418359217414471
