mae_mean	mae_single
4.072820546776487	4.122994691518171
