mae_mean	mae_single
5.293451763958171	5.2590581282643125
