mae_mean	mae_single
5.638786460233969	5.657695620791246
