mae_mean	mae_single
5.690875196876944	5.694151564250047
