mae_mean	mae_single
5.109746938672594	5.087636365512647
