mae_mean	mae_single
5.288771282756677	5.31036285152135
