mae_mean	mae_single
5.824285122020194	5.86756759426541
