mae_mean	mae_single
5.138525024721458	4.9472946251340515
