mae_mean	mae_single
4.789265392410144	4.734114800765896
