mae_mean	mae_single
5.941491751212897	5.941491751212897
