mae_mean	mae_single
5.703576798346203	5.561005728953152
