mae_mean	mae_single
5.23119411057384	5.177299592007031
