mae_mean	mae_single
5.95338052004046	5.618154230187273
