mae_mean	mae_single
4.852740480985996	4.98142959585995
