mae_mean	mae_single
1.1578260331092167	1.013232860323323
