mae_mean	mae_single
9.311850661417191	9.743427900841633
