mae_mean	mae_single
5.488430396671542	9.178681717793372
