mae_mean	mae_single
3.861622015694067	3.9469024044866026
