mae_mean	mae_single
2.676369861557241	2.7277278505996847
