mae_mean	mae_single
3.6296479608868473	3.0516120420639226
