mae_mean	mae_single
3.998306731098083	3.266707881784422
