mae_mean	mae_single
7.1799676814676845	7.1843100359353755
