mae_mean	mae_single
6.568318107880316	6.852999272941872
