mae_mean	mae_single
4.074400360662016	3.8021101353500435
