mae_mean	mae_single
7.223630401700478	7.809960675266555
