mae_mean	mae_single
4.279452124173197	5.3367358189699585
