mae_mean	mae_single
6.950448715536126	7.068204263691281
