mae_mean	mae_single
4.27244411019404	4.496044833147432
