mae_mean	mae_single
5.420091261988726	5.494367478672392
