mae_mean	mae_single
5.359161075636952	5.453755689722503
