mae_mean	mae_single
3.2195554665538944	3.438512129433685
