mae_mean	mae_single
2.9054067439110347	2.875528877525506
