mae_mean	mae_single
6.670920178038209	6.259737680159279
