mae_mean	mae_single
3.3752748206119207	3.0911873957568283
