mae_mean	mae_single
6.451983675242218	6.6733453392527435
