mae_mean	mae_single
6.73499685683246	6.8616074443938855
