mae_mean	mae_single
5.170869173462698	4.45515843003152
