mae_mean	mae_single
2.7021335018611268	2.91238078517299
