mae_mean	mae_single
9.365617368062383	9.30882039900952
