mae_mean	mae_single
5.142832102372523	7.32920471274555
