mae_mean	mae_single
4.459139693423684	4.692918976600363
