mae_mean	mae_single
3.4163947999654076	3.4271726702618728
