mae_mean	mae_single
7.906216096374965	7.911604831128355
