mae_mean	mae_single
9.300419387241604	9.126796061122826
