mae_mean	mae_single
4.847409962374964	5.04637227062365
