mae_mean	mae_single
7.100326133727165	6.855882030905586
