mae_mean	mae_single
3.8195927218865697	3.699395213441098
