mae_mean	mae_single
6.672156065396933	6.785868382037852
