mae_mean	mae_single
8.059604801450389	7.93807799167174
