mae_mean	mae_single
3.5450175493670124	3.5047823441705694
