mae_mean	mae_single
11.251274706362464	11.46326159097086
