mae_mean	mae_single
5.38296846831728	5.760170456212599
