mae_mean	mae_single
3.899520616818298	4.275051146927946
