mae_mean	mae_single
7.906563202977168	7.994124738281926
