mae_mean	mae_single
7.298425197970104	7.18480952634453
