mae_mean	mae_single
2.4148406989767373	1.9837734127630047
