mae_mean	mae_single
6.334835132471795	6.410191634892992
