mae_mean	mae_single
6.148650670379008	6.539213451435998
