mae_mean	mae_single
10.524170441085017	11.102050972789671
