mae_mean	mae_single
3.449671465630658	3.0227975596375622
