mae_mean	mae_single
7.113742398186609	6.203498547521275
