mae_mean	mae_single
1.5260275036793445	2.350973609995625
