mae_mean	mae_single
9.383641810505244	8.523785716348863
