mae_mean	mae_single
6.300531185724803	5.835529782222953
