mae_mean	mae_single
5.06729844690508	5.109371211030819
