mae_mean	mae_single
4.418955125278022	4.447138362422081
