mae_mean	mae_single
5.232839626341942	5.542417158527954
