mae_mean	mae_single
3.358579782310064	3.7300031317975217
