mae_mean	mae_single
7.073474263366833	6.887499462554662
