mae_mean	mae_single
1.2720497805767461	1.2550585600093882
