mae_mean	mae_single
3.2047346151494147	3.1917264676973787
