mae_mean	mae_single
6.606774800040372	6.565255552759048
