mae_mean	mae_single
7.887238054878519	8.08717446579954
