mae_mean	mae_single
4.54128920812703	5.081516224229962
