mae_mean	mae_single
2.654540011171946	2.8506944745644254
