mae_mean	mae_single
4.335544533960506	5.0721868059636535
