mae_mean	mae_single
4.6815166470866485	4.787780960698768
