mae_mean	mae_single
7.5222791765879435	8.552826552984987
