mae_mean	mae_single
7.323520084885182	9.792423471076175
