mae_mean	mae_single
6.3099491028731665	6.683571161459089
