mae_mean	mae_single
4.642615192271454	4.534191576522976
