mae_mean	mae_single
1.577458951634128	1.4824870337330651
