mae_mean	mae_single
5.826005526667896	5.701215275292722
