mae_mean	mae_single
3.1563566011171864	3.1563566011171864
