mae_mean	mae_single
5.064129550283525	5.698133905184946
