mae_mean	mae_single
5.945952679503743	5.7140614428535486
