mae_mean	mae_single
4.6190538399256695	4.97841504373045
