mae_mean	mae_single
3.190827348924851	3.2744640701896373
