mae_mean	mae_single
2.6187474038731344	2.8799390116891743
