mae_mean	mae_single
2.7852829124601897	2.7705098107859434
