mae_mean	mae_single
6.086232637663507	6.266886372822552
