mae_mean	mae_single
12.150598283343676	11.809362987789555
