mae_mean	mae_single
8.503300342191983	8.024988036299206
