mae_mean	mae_single
6.897666755679713	6.876676642590884
