mae_mean	mae_single
6.631702854012015	6.646817469758456
