mae_mean	mae_single
6.802668528314034	7.083062799253985
