mae_mean	mae_single
4.427881932832008	4.474225176236615
