mae_mean	mae_single
4.707849484654616	4.54548736973059
