mae_mean	mae_single
6.082168623495477	7.107767650673381
