mae_mean	mae_single
0.9362294705883537	0.7052262274605852
