mae_mean	mae_single
8.690469160272793	8.921857767461352
