mae_mean	mae_single
6.585223483656795	6.420698754088629
