mae_mean	mae_single
5.296046928614554	5.188618101912264
