mae_mean	mae_single
7.198675655036212	7.90859492925316
