mae_mean	mae_single
6.203516121052904	6.01857186936391
