mae_mean	mae_single
4.4396342890468645	4.584697383498678
