mae_mean	mae_single
10.095542731043972	10.012537263781985
