mae_mean	mae_single
9.552054617237728	9.213093244215171
