mae_mean	mae_single
7.024245354410297	6.958504261009092
