mae_mean	mae_single
1.7461946290292	1.8434901708659386
