mae_mean	mae_single
8.730387169844002	8.687023736415844
