mae_mean	mae_single
4.1636821526766	4.957618801803524
