mae_mean	mae_single
10.38793242437284	10.031416863175034
