mae_mean	mae_single
3.465332625833374	3.408499686132714
