mae_mean	mae_single
6.706055504182548	6.8739387711388575
