mae_mean	mae_single
5.279211966985159	5.124527049541395
