mae_mean	mae_single
2.135657661165496	2.1023375309323833
