mae_mean	mae_single
5.65058232830382	5.4736248316977365
