mae_mean	mae_single
5.374730614816532	5.458130866186053
