mae_mean	mae_single
5.897649511878583	6.050510871920679
