mae_mean	mae_single
3.9512410165639458	4.512049629157407
