mae_mean	mae_single
3.3112940771090345	3.7227596477028015
