mae_mean	mae_single
3.179819321250207	3.377093888898969
