mae_mean	mae_single
1.1378716619641789	1.314441842600156
