mae_mean	mae_single
5.271087312453676	4.89389356800302
