mae_mean	mae_single
6.9556960922018805	6.961087767165002
