mae_mean	mae_single
1.7150971051663504	1.880614504942405
