mae_mean	mae_single
6.868879811906031	7.173434343754944
