mae_mean	mae_single
1.1763896398340705	0.7398995111302682
