mae_mean	mae_single
8.263425200382278	8.225401004520643
