mae_mean	mae_single
5.368599348591583	5.601327368407946
