mae_mean	mae_single
3.894347425326979	4.727707776689674
