mae_mean	mae_single
6.675890199177189	6.7214874107131335
