mae_mean	mae_single
5.410373923904255	4.457426345386845
