mae_mean	mae_single
5.027474774743591	4.724144606247417
