mae_mean	mae_single
4.492034093665775	4.200614773490305
