mae_mean	mae_single
6.272973467572044	6.323699570253443
