mae_mean	mae_single
5.185587031940703	5.174868160314934
