mae_mean	mae_single
7.740418147050666	7.293793004819577
