mae_mean	mae_single
3.8522349836305523	3.932970216006661
