mae_mean	mae_single
6.297390099361422	6.465996045094987
