mae_mean	mae_single
7.1953927878860044	7.446742958012149
