mae_mean	mae_single
6.060528973358966	6.558664170336769
