mae_mean	mae_single
3.2058543002411803	3.12624910858599
