mae_mean	mae_single
7.971417318355672	8.119419740398973
