mae_mean	mae_single
3.1380820582485143	2.459469739817308
