mae_mean	mae_single
5.195742514871739	4.587151473232557
