mae_mean	mae_single
3.439080274349905	3.916105197112723
