mae_mean	mae_single
7.414261598840032	7.572864378881775
