mae_mean	mae_single
5.184379448677532	5.233055673904985
