mae_mean	mae_single
5.456740297258231	5.237073886565265
