mae_mean	mae_single
6.277776467563257	6.263953783315993
