mae_mean	mae_single
6.539230005286787	6.092083332793824
