mae_mean	mae_single
4.1843051492731504	2.951590778515474
