mae_mean	mae_single
3.9418420476009217	4.631057110130098
