mae_mean	mae_single
5.323753526904355	3.635030001032206
