mae_mean	mae_single
6.765746353339	6.882861069044682
