mae_mean	mae_single
5.744106635260924	5.789494406344413
