mae_mean	mae_single
7.2242719823044395	7.0807329407826245
