mae_mean	mae_single
7.4091353597054	7.317909459707079
