mae_mean	mae_single
5.540366353285549	5.957868617401189
