mae_mean	mae_single
6.924209541830787	6.556020167862125
