mae_mean	mae_single
3.7149735860422908	3.511229607085317
