mae_mean	mae_single
8.543541046741836	8.34043452548557
