mae_mean	mae_single
5.566529429088338	5.98885093404004
