mae_mean	mae_single
4.92002595497847	4.514064057399317
