mae_mean	mae_single
4.394346022449199	4.338981987728066
