mae_mean	mae_single
3.802945931860492	3.911917959903491
