mae_mean	mae_single
8.02543880444876	7.8515908194596875
