mae_mean	mae_single
5.76766270354149	5.791813678134034
