mae_mean	mae_single
1.3781950006332835	1.1135772675886006
