mae_mean	mae_single
4.985409555140322	4.456214061497192
