mae_mean	mae_single
6.440571737946082	6.589896476453362
