mae_mean	mae_single
6.040971561845349	6.215524204442488
