mae_mean	mae_single
2.5527720598393366	2.0873870470612226
