mae_mean	mae_single
4.446803328884575	4.255340678011635
