mae_mean	mae_single
5.087524014962473	4.982676730224701
