mae_mean	mae_single
5.645751557971384	5.622181256946111
