mae_mean	mae_single
3.9120832174022553	2.799350705698861
