mae_mean	mae_single
5.210715684161461	5.148965898723418
