mae_mean	mae_single
4.224533376228962	4.772887966051688
