mae_mean	mae_single
4.98284034417064	4.910375101616926
