mae_mean	mae_single
5.786770085594824	5.72895583396127
