mae_mean	mae_single
2.707207352055098	2.7384573438647046
