mae_mean	mae_single
12.907376034285988	12.61909755239158
