mae_mean	mae_single
7.392861182095956	6.666037591628974
