mae_mean	mae_single
5.621697096394911	5.635960944751337
