mae_mean	mae_single
3.4908868169489886	3.346251117280751
