mae_mean	mae_single
3.053969564217345	2.8284160750480587
