mae_mean	mae_single
3.075688049924935	3.1486898829798426
