mae_mean	mae_single
5.089376633067204	5.192771895372928
