mae_mean	mae_single
4.0320206109228165	4.147515222686728
