mae_mean	mae_single
1.1490831697327575	0.4591501599909691
