mae_mean	mae_single
7.903108600430509	8.036971501321744
