mae_mean	mae_single
6.156434962294957	6.064965557940056
