mae_mean	mae_single
9.609597832240226	9.809826682196572
