mae_mean	mae_single
1.2455502761981687	1.2455502761981687
