mae_mean	mae_single
3.329283215968227	3.419173592071388
