mae_mean	mae_single
6.840373464320886	6.795204376085816
