mae_mean	mae_single
6.90319383884863	7.350936989531749
