mae_mean	mae_single
2.1833893456104883	2.0835549028166866
