mae_mean	mae_single
5.324374809593259	5.6429627667768045
