mae_mean	mae_single
4.439456235371462	4.425878954546017
