mae_mean	mae_single
9.206176998436353	8.691974830042478
