mae_mean	mae_single
8.009710234555897	6.949106786500674
