mae_mean	mae_single
8.39380437968457	7.783561451894738
