mae_mean	mae_single
4.314105441625396	4.48004469517807
