mae_mean	mae_single
9.906947400289491	9.994307644053748
