mae_mean	mae_single
5.392352597110886	5.5126728335095265
