mae_mean	mae_single
5.816833385747283	5.897752996067268
