mae_mean	mae_single
12.358176695159324	12.497337486481621
