mae_mean	mae_single
5.5865046617799266	5.602674937387135
