mae_mean	mae_single
2.7817013818130696	2.34124037743616
