mae_mean	mae_single
9.334297891435966	9.584076920558866
