mae_mean	mae_single
5.58509260398466	5.949433536237012
