mae_mean	mae_single
8.021201722782685	7.973018226849237
