mae_mean	mae_single
6.879717297445988	6.90778620915323
