mae_mean	mae_single
5.138602909410963	5.200445681181961
