mae_mean	mae_single
7.491705462916916	7.511610459340062
