mae_mean	mae_single
11.692080883714725	11.648008810687402
