mae_mean	mae_single
6.6564407292817975	6.675939572217762
