mae_mean	mae_single
1.2460826913378114	2.210485205907169
