mae_mean	mae_single
7.274179946079343	7.548237227282793
