mae_mean	mae_single
8.845039996049413	8.631370223843234
