mae_mean	mae_single
6.3773648275487504	6.03985018976914
