mae_mean	mae_single
6.7326257469058435	6.762037515243326
