mae_mean	mae_single
4.445273287548427	4.576828176935119
