mae_mean	mae_single
5.950804147161091	5.690797700941822
