mae_mean	mae_single
3.4261202433217335	3.3497546257611077
