mae_mean	mae_single
7.523881203882634	7.631408830142699
