mae_mean	mae_single
3.911703960425958	4.315245785246991
