mae_mean	mae_single
8.31621957399193	8.583055727957642
