mae_mean	mae_single
5.240748471071815	5.056433083267422
