mae_mean	mae_single
5.452174354262401	5.452174354262401
