mae_mean	mae_single
5.820057967101192	5.582762773602212
