mae_mean	mae_single
4.288219070521976	4.478044210625048
