mae_mean	mae_single
4.7735120373740285	4.5854323046573455
