mae_mean	mae_single
3.9102623177436677	4.110797152648246
