mae_mean	mae_single
8.14273452658049	8.215541244679535
