mae_mean	mae_single
1.6865765185574115	1.4390322225702998
