mae_mean	mae_single
2.904265202288196	3.0451241588409013
