mae_mean	mae_single
3.5067012128509134	3.7121666832160543
