mae_mean	mae_single
5.669023609999961	6.050103849578508
