mae_mean	mae_single
4.353763218218361	2.616777689633077
