mae_mean	mae_single
7.053896459810325	7.37394097759509
