mae_mean	mae_single
3.1586644884774464	4.834975164665674
