mae_mean	mae_single
1.67330748293998	1.5612627726318067
