mae_mean	mae_single
7.571540087118389	7.904467995194973
