mae_mean	mae_single
4.325775217396758	6.0173660278536305
