mae_mean	mae_single
8.105583857456864	8.323841163177681
