mae_mean	mae_single
3.6425697653159737	3.8547470828657473
