mae_mean	mae_single
7.387445719638866	7.6249020657322575
