mae_mean	mae_single
3.0226609821944996	3.722609882330796
