mae_mean	mae_single
9.490578984702141	10.441986515675445
