mae_mean	mae_single
4.972424179751624	4.947468605483093
