mae_mean	mae_single
7.858150107037342	7.377407157847027
