mae_mean	mae_single
1.234328362020804	1.4909217138313906
