mae_mean	mae_single
5.266100117934428	6.1500457836821125
