mae_mean	mae_single
3.8108294427836618	3.779436371610904
