mae_mean	mae_single
6.50663083045048	6.418577195766294
