mae_mean	mae_single
4.680156246041274	4.699538558881021
