mae_mean	mae_single
2.3172756726524284	1.6935428863808255
