mae_mean	mae_single
4.568859702514928	4.261306028600164
