y	y_hat	y_index
71.972602739726	74.30597912957036	555
69.9260273972603	73.40790455824751	556
84.5342465753425	74.79273903035195	557
