y	y_hat	y_index
73.6780821917808	75.67316414512614	255
72.5534246575342	70.29015732524861	256
72.3643835616438	71.60281039845478	257
