y	y_hat	y_index
60.672602739726	68.47370436402483	576
75.5	75.02627341115779	577
57.6835616438356	75.9438534188428	578
