y	y_hat	y_index
60.0232876712329	63.738549758838744	366
81.7013698630137	75.35411174557453	367
71.0506849315069	73.08422655923033	368
