y	y_hat	y_index
71.8424657534247	70.94388881690156	684
75.9369863013699	69.0036539408764	685
72.9849315068493	69.08059115165918	686
