y	y_hat	y_index
79.2616438356164	76.07032346122516	171
79.386301369863	77.32032105794028	172
61.7808219178082	73.8838314882787	173
