y	y_hat	y_index
71.3835616438356	75.8790791278372	429
78.072602739726	73.58365131556131	430
70.8835616438356	77.48632028028454	431
