y	y_hat	y_index
80.3013698630137	67.74652394519674	531
73.0534246575342	77.82555862693994	532
69.1986301369863	74.05023379605146	533
