y	y_hat	y_index
66.6753424657534	68.87601409845873	225
73.5808219178082	78.71245498552118	226
78.8835616438356	69.27861167033976	227
