y	y_hat	y_index
78.6	69.84303709726612	39
85.3780821917808	72.75254082005027	40
72.2452054794521	69.59857905024882	41
