y	y_hat	y_index
75.8780821917808	75.71611402092196	3
71.2671232876712	75.05421951385371	4
61.0808219178082	73.88703533272083	5
