y	y_hat	y_index
77.658904109589	72.63933209504341	132
75.7808219178082	75.922117157623	133
77.5698630136986	73.50366611828419	134
