y	y_hat	y_index
74.8452054794521	74.80826413742871	27
57.6315068493151	69.95251374938891	28
71.5794520547945	73.26197255082111	29
