y	y_hat	y_index
69.9479452054795	75.80074843691278	162
75.9671232876712	76.37207780586472	163
81.4821917808219	74.87529231888279	164
