y	y_hat	y_index
75.5616438356164	74.79841572058717	387
79.1671232876712	73.86751658932393	388
79.2534246575342	75.70205562546245	389
