y	y_hat	y_index
71.727397260274	73.53592990273695	72
71.8561643835616	71.89159472421207	73
66.3780821917808	65.41335676312916	74
