y	y_hat	y_index
59.6616438356164	69.69356115174811	345
87.6534246575342	73.80825172797991	346
70.5123287671233	70.95199009380788	347
