y	y_hat	y_index
77.9479452054795	77.48236245513385	405
67.3671232876712	71.78361620042826	406
65.5315068493151	77.51452247539713	407
