y	y_hat	y_index
72.1260273972603	73.79030823991623	78
82.5109589041096	75.09599835904847	79
60.6205479452055	72.0624269504511	80
