y	y_hat	y_index
85.5397260273973	72.28155533612286	249
74.372602739726	74.66802997092883	250
67.4616438356164	74.60104618017829	251
