y	y_hat	y_index
74.6013698630137	74.27634680048519	333
76.2835616438356	71.44854508369761	334
73.958904109589	74.0374483740101	335
