y	y_hat	y_index
67.0835616438356	73.68683470544386	114
80.8643835616438	74.41153901762294	115
56.9643835616438	72.73705945273535	116
