y	y_hat	y_index
75.2835616438356	73.958077610138	84
75.2424657534247	69.50270261966946	85
74.1780821917808	77.46184942121995	86
