y	y_hat	y_index
63.9821917808219	69.40551795271342	87
78.2808219178082	73.38711705726878	88
65.772602739726	75.46833224140968	89
