y	y_hat	y_index
78.986301369863	79.16340394275832	105
72.2095890410959	77.9956143514228	106
78.9657534246575	76.82248080229635	107
