y	y_hat	y_index
79.3561643835616	73.26316332582944	399
73.9616438356164	72.93120494981687	400
75.3972602739726	79.7063086587919	401
