y	y_hat	y_index
69.4808219178082	73.43423687682844	453
80.072602739726	72.2017067178897	454
61.686301369863	73.08324483015848	455
