y	y_hat	y_index
73.958904109589	72.14725418717995	486
83.258904109589	75.18075602653903	487
68.2780821917808	66.46931834678492	488
