y	y_hat	y_index
71.1260273972603	73.54714949137451	591
74.3780821917808	75.30947446016933	592
80.1958904109589	73.1524068959615	593
