y	y_hat	y_index
72.63989854950165	70.22796689321149	90
82.0780821917808	71.86192765471705	91
78.1698630136986	74.67375736260291	92
