y	y_hat	y_index
72.1630136986301	71.06617006073382	615
83.8506849315069	75.53577320189568	616
72.4424657534247	70.92651182498427	617
