y	y_hat	y_index
62.1205479452055	72.365035707858	411
68.9890410958904	69.53438811094398	412
77.9397260273973	73.52766546438814	413
