y	y_hat	y_index
76.4410958904109	74.02433830421761	282
66.9931506849315	71.56585082463998	283
79.5643835616438	73.23493842040497	284
