y	y_hat	y_index
81.0643835616438	76.20429100699565	21
79.0342465753425	76.96040337646333	22
71.7452054794521	76.22010752150626	23
