y	y_hat	y_index
79.1986301369863	72.35007294963471	135
74.7835616438356	77.73634512872776	136
71.8890410958904	74.0826206169409	137
