y	y_hat	y_index
84.2808219178082	73.90573725509648	465
60.0534246575343	71.11093651526454	466
78.058904109589	74.31008749097724	467
