y	y_hat	y_index
64.7698630136986	66.91113586762927	45
77.7643835616438	72.52846597429084	46
60.7616438356164	66.05805352301965	47
