y	y_hat	y_index
61.0178082191781	70.30219592204985	507
78.4780821917808	76.86414027632998	508
77.2479452054795	76.3207486809993	509
