y	y_hat	y_index
65.8616438356164	76.3520715502385	69
73.2753424657534	77.23506455901514	70
79.3780821917808	72.60780920956415	71
