y	y_hat	y_index
64.2	75.85065006436157	549
87.6397260273973	80.51062433838513	550
74.5684931506849	75.6838499593472	551
