y	y_hat	y_index
76.1780821917808	70.9670197819731	240
80.1794520547945	74.69008105093123	241
73.6506849315069	73.46217446251734	242
