y	y_hat	y_index
73.5479452054795	68.88650674326257	564
87.5506849315069	80.12115267232811	565
72.8506849315069	71.99933932802642	566
