y	y_hat	y_index
72.8643835616438	69.1005101186924	722
73.8041095890411	75.39297586920418	723
