y	y_hat	y_index
84.2205479452055	73.74384334177482	210
72.3534246575342	75.72247314998758	211
79.672602739726	80.14738575596404	212
