y	y_hat	y_index
70.1027397260274	74.54586331470806	716
87.0808219178082	80.73924031226709	717
