y	y_hat	y_index
72.1712328767123	73.32510422469733	393
73.1013698630137	70.86893436509621	394
75.7835616438356	75.43321766114362	395
