y	y_hat	y_index
65.2657534246575	68.66440617789127	36
77.6616438356164	76.18303028059158	37
67.958904109589	72.14962074791391	38
