y	y_hat	y_index
69.6178082191781	73.71002583370841	558
82.9027397260274	75.29823776770911	559
72.3260273972603	78.08948172571527	560
