y	y_hat	y_index
81.7643835616438	72.89904609835207	291
88.9342465753425	77.22455719323439	292
68.7479452054795	70.33525551899626	293
