y	y_hat	y_index
76.3561643835616	78.24836258582259	537
69.1780821917808	68.90029782063162	538
82.6424657534247	74.73670897990468	539
