y	y_hat	y_index
78.1698630136986	77.00746826890428	690
79.0479452054795	77.44037404027158	691
77.3452054794521	75.9805863875545	692
