y	y_hat	y_index
68.872602739726	72.54343244636482	270
78.2671232876712	72.87765840740676	271
71.158904109589	73.24353028081262	272
