y	y_hat	y_index
83.3780821917808	74.38523320729253	138
60.6835616438356	73.17611438862895	139
84.7506849315069	75.9494584676566	140
