y	y_hat	y_index
72.986301369863	73.73523425201769	309
72.7424657534247	71.65248672461647	310
61.9534246575342	73.97167426634829	311
