y	y_hat	y_index
65.2561643835616	76.44977473363096	456
75.6808219178082	73.68743035926657	457
74.9835616438356	74.85219484633221	458
