y	y_hat	y_index
78.0616438356164	74.38604990661885	417
69.9986301369863	76.99114313914944	418
80.2712328767123	75.3071927553886	419
