y	y_hat	y_index
72.772602739726	75.97354926037094	285
77.4232876712329	73.7424627678847	286
54.9671232876712	76.23627729519379	287
