y	y_hat	y_index
75.8890410958904	72.33782310015002	33
85.7260273972603	76.15084871172964	34
75.7424657534247	73.60629038980832	35
