y	y_hat	y_index
68.3904109589041	71.717805654782	633
63.8479452054794	68.28644489025787	634
76.186301369863	73.4795352996724	635
