y	y_hat	y_index
70.1068493150685	72.94471770910144	24
85.2808219178082	79.60052547269312	25
77.3808219178082	74.21594448097528	26
