y	y_hat	y_index
71.4780821917808	77.52721561593522	525
65.6561643835616	73.6929145625357	526
71.9479452054795	71.07760014318706	527
