y	y_hat	y_index
76.0424657534247	69.67557361699399	630
61.5917808219178	74.56725964920093	631
75.7424657534247	77.74132198427068	632
