y	y_hat	y_index
73.6616438356164	74.64362274201706	336
73.6465753424658	71.15703273586546	337
75.0671232876712	69.06957499732063	338
