y	y_hat	y_index
89.5835616438356	78.01202364048568	63
67.7328767123288	67.68022640649036	64
61.5369863013699	71.88335824683709	65
