y	y_hat	y_index
77.9849315068493	78.32559628309798	414
70.7671232876712	67.58665569261801	415
71.4780821917808	72.53503233151697	416
