y	y_hat	y_index
74.7287671232877	74.67368563029159	594
55.8808219178082	72.91961713292142	595
68.1643835616438	72.74139805863591	596
