y	y_hat	y_index
75.8616438356164	73.44567048803438	165
70.7643835616438	70.38912665929834	166
73.372602739726	73.99498747569106	167
