y	y_hat	y_index
55.8479452054794	75.3216572994705	510
77.0383561643836	75.00980470899572	511
72.3232876712329	74.99983852620508	512
