y	y_hat	y_index
61.8561643835616	72.2578164830955	252
69.7780821917808	73.88256863963316	253
75.8479452054795	75.4368112136109	254
