y	y_hat	y_index
73.8342465753425	70.69757083359296	321
74.3890410958904	75.12165766442773	322
70.8041095890411	71.99454683442647	323
