y	y_hat	y_index
55.8671232876712	73.45961855701445	657
84.5506849315069	73.00692883871336	658
62.3821917808219	66.9997645377725	659
