y	y_hat	y_index
55.1616438356164	69.86374462458393	354
83.2534246575342	72.76373104081458	355
78.4397260273973	75.62862675877655	356
