y	y_hat	y_index
66.4369863013699	67.55172770195831	712
65.5671232876712	75.1011315062693	713
