y	y_hat	y_index
73.4287671232877	67.4512871263413	243
67.4643835616438	75.63390857635343	244
75.3602739726027	72.74776499891895	245
