y	y_hat	y_index
75.4452054794521	74.1799250000179	120
65.2424657534247	73.24332286581438	121
78.686301369863	72.68430906248527	122
