y	y_hat	y_index
86.4643835616438	72.21591929785487	201
69.7808219178082	68.91050074454618	202
75.7835616438356	72.72076016080965	203
