y	y_hat	y_index
70.4219178082192	68.40005804355295	603
65.9424657534247	72.41436580958757	604
68.1698630136986	69.15209665830182	605
