y	y_hat	y_index
71.8452054794521	75.81883616165511	402
80.1986301369863	75.58420663858931	403
78.3561643835616	70.68394477819542	404
