y	y_hat	y_index
63.6616438356164	73.73707781781768	462
73.0424657534247	75.92963569775216	463
63.5506849315069	70.40840540509927	464
