y	y_hat	y_index
66.7369863013699	69.44600130366877	663
58.772602739726	75.61165896338737	664
63.0	73.17277097490823	665
