y	y_hat	y_index
75.8753424657534	73.94919477974824	708
71.0753424657534	71.61785150378984	709
