y	y_hat	y_index
56.4835616438356	71.89455555283647	15
79.4849315068493	70.1232253508894	16
73.6328767123288	70.78704578198051	17
