y	y_hat	y_index
71.8698630136986	73.29286004271827	204
62.7616438356164	71.45616533519478	205
85.8753424657534	81.04433996183954	206
