y	y_hat	y_index
72.8506849315069	71.98102706188442	660
57.1780821917808	71.80355371941093	661
63.4232876712329	70.49499580374412	662
