y	y_hat	y_index
82.3958904109589	77.23559753457204	273
74.7342465753425	78.72905416013411	274
72.158904109589	71.74152252399293	275
