y	y_hat	y_index
65.286301369863	74.13047345927018	681
73.8438356164384	69.09461508143664	682
73.4260273972603	73.53921388039615	683
