y	y_hat	y_index
83.058904109589	71.85843608035945	159
72.3657534246575	76.44930054066145	160
70.4698630136986	74.07801816654937	161
