y	y_hat	y_index
74.4808219178082	71.65992367639384	144
82.1643835616438	70.7193414468602	145
82.6643835616438	75.25750797092844	146
