y	y_hat	y_index
79.1424657534247	81.08319049712719	513
73.2616438356164	73.67495433295869	514
64.3027397260274	72.22706521494781	515
