y	y_hat	y_index
78.3452054794521	79.90220308162432	303
63.5232876712329	72.59039109384827	304
79.3643835616438	71.72978667344087	305
