y	y_hat	y_index
75.8260273972603	76.53593265173419	237
75.1342465753425	73.29038487926275	238
66.7178082191781	74.15189091652914	239
