y	y_hat	y_index
59.4616438356164	71.15413880419825	624
70.8178082191781	69.698591686451	625
67.7397260273973	67.36839946135866	626
