y	y_hat	y_index
58.1808219178082	69.76965788663368	435
61.7849315068493	69.91509918261143	436
76.0561643835616	75.06558651160331	437
