y	y_hat	y_index
61.2698630136986	72.6047373288821	141
74.2808219178082	74.66395329939489	142
62.8753424657534	72.74351513264122	143
