y	y_hat	y_index
80.8671232876712	73.69351036084541	192
72.1698630136986	78.21989194673395	193
77.9698630136986	71.0753383610121	194
