y	y_hat	y_index
80.2794520547945	73.09088257879642	396
77.6616438356164	71.19275930687562	397
61.0	71.25679795032815	398
