y	y_hat	y_index
75.1452054794521	77.49141096337343	423
75.6369863013699	74.23290671638166	424
74.7534246575342	71.25918762951355	425
