y	y_hat	y_index
69.9835616438356	77.70283227565875	0
72.5561643835616	72.51103691718228	1
71.3616438356164	73.91448656046366	2
