y	y_hat	y_index
85.4698630136986	76.16882603233682	724
78.7397260273973	73.93297008913842	725
