y	y_hat	y_index
77.9342465753425	77.56085243294619	687
66.4232876712329	71.89970146870334	688
80.6397260273973	73.112114886993	689
