y	y_hat	y_index
79.5808219178082	76.79218525812615	213
68.0506849315069	73.30321878939509	214
80.1835616438356	76.00153107941979	215
