y	y_hat	y_index
77.758904109589	74.99544581618729	381
77.1369863013699	72.76824782876996	382
89.5616438356164	74.87130076338002	383
