y	y_hat	y_index
61.2780821917808	73.99264603813226	714
87.6616438356164	76.07501111528052	715
