y	y_hat	y_index
60.1671232876712	75.29345889156637	489
76.5342465753425	76.95688126852595	490
69.172602739726	71.74654712818342	491
