y	y_hat	y_index
85.458904109589	74.38409626924752	579
65.3698630136986	72.92170610645033	580
78.5808219178082	77.88575763706315	581
