y	y_hat	y_index
71.5671232876712	72.81924455271218	123
70.7616438356164	75.14771946117061	124
81.4342465753425	73.14459788912333	125
