y	y_hat	y_index
72.3616438356164	71.08892565350837	147
73.5780821917808	72.72872074937247	148
84.4452054794521	77.85448949710387	149
