y	y_hat	y_index
83.9095890410959	75.22884083710389	108
77.3616438356164	71.08680334359534	109
79.1082191780822	73.45716843837718	110
