y	y_hat	y_index
83.0164383561644	74.76448427166738	426
72.8671232876712	71.60148880027951	427
74.9616438356164	74.35340794566935	428
