y	y_hat	y_index
84.2698630136986	75.456869909321	129
71.172602739726	71.86706463269633	130
82.9561643835616	72.70794892993914	131
