y	y_hat	y_index
73.8643835616438	73.49271778213473	207
75.0397260273973	73.5796574531128	208
91.3068493150685	75.8355955582376	209
