y	y_hat	y_index
65.6616438356164	70.2838692962098	447
54.9205479452055	71.97840440742979	448
81.3506849315069	75.12950869259979	449
