y	y_hat	y_index
68.5342465753425	72.39039771305315	306
78.1452054794521	74.75956982589005	307
69.458904109589	71.87578371797798	308
