y	y_hat	y_index
76.6808219178082	71.33619959072519	363
86.5808219178082	73.7478797379234	364
77.4479452054795	75.60904151625651	365
