y	y_hat	y_index
57.0643835616438	72.5983911717976	582
87.2232876712329	73.98021072122873	583
82.7671232876712	79.97169652457411	584
