y	y_hat	y_index
57.7369863013699	72.26108480335581	678
72.0013698630137	71.52776517479963	679
75.572602739726	73.09228934992228	680
