y	y_hat	y_index
65.4931506849315	78.78710213074223	228
73.3301369863014	70.26439597884027	229
68.2506849315069	72.29899806317715	230
