y	y_hat	y_index
70.1808219178082	74.34824883905976	675
64.9561643835616	69.6298549264836	676
67.3671232876712	71.50333147568792	677
