y	y_hat	y_index
78.4671232876712	75.03086392322048	222
74.5424657534247	70.73938801707594	223
76.0369863013699	72.75621976361663	224
