y	y_hat	y_index
66.3630136986301	68.41637127516289	267
68.9452054794521	71.08091450539558	268
58.2931506849315	69.61669160284332	269
