y	y_hat	y_index
65.086301369863	76.98665522903775	183
69.1657534246575	72.60054008547498	184
71.6835616438356	70.39760310397119	185
