y	y_hat	y_index
83.1506849315069	75.34629599753026	546
71.7506849315069	74.45737941032513	547
71.5260273972603	74.27180936029949	548
