y	y_hat	y_index
70.9232876712329	76.06241749401599	174
61.7808219178082	66.58759283684381	175
74.0095890410959	72.10176673322276	176
