y	y_hat	y_index
86.3917808219178	81.68133882242013	654
72.5780821917808	68.19998288842098	655
78.9753424657534	74.01933382735095	656
