y	y_hat	y_index
71.6835616438356	73.15911331304936	156
77.872602739726	77.3956607844919	157
70.7671232876712	72.28810776255098	158
