y	y_hat	y_index
70.1534246575342	71.88928293274348	710
78.7479452054795	74.12416483818836	711
