y	y_hat	y_index
77.8150684931507	74.60727554479598	378
75.5671232876712	68.10516163214403	379
82.0287671232877	75.00557319153383	380
