y	y_hat	y_index
72.7013698630137	70.93287239692583	57
77.8342465753425	74.34556674240993	58
79.7643835616438	75.8596521680122	59
