y	y_hat	y_index
69.5534246575342	74.78417844669009	30
71.3808219178082	75.10513427466667	31
60.6616438356164	72.34572958194	32
