y	y_hat	y_index
62.2616438356164	72.44404961960386	375
82.627397260274	78.28980059511305	376
78.9479452054795	79.85643906344866	377
