y	y_hat	y_index
66.4260273972603	72.40913008490519	60
63.7506849315068	73.6386457080202	61
62.258904109589	69.10246090678586	62
