y	y_hat	y_index
80.3753424657534	74.4246507073583	258
74.3452054794521	76.79220788497183	259
75.058904109589	71.89989332261217	260
