y	y_hat	y_index
63.4369863013699	71.72863154484406	480
68.7287671232877	72.10053107569202	481
81.4616438356164	77.42653415246906	482
