y	y_hat	y_index
79.2452054794521	68.76613782392725	720
81.8671232876712	77.74934054725584	721
