y	y_hat	y_index
77.9424657534247	75.93169272599464	264
75.3808219178082	73.29843123090906	265
67.6109589041096	71.1761113692984	266
