y	y_hat	y_index
75.758904109589	77.42930621601816	327
61.7671232876712	72.73927204718524	328
80.8534246575342	72.72334689798505	329
