y	y_hat	y_index
79.5232876712329	78.71495466602516	477
71.7657534246575	72.3393447996666	478
60.718372666497935	75.48535369123294	479
