y	y_hat	y_index
68.9616438356164	73.79704700549478	180
76.7671232876712	72.59884882279592	181
72.4479452054795	73.06183047144938	182
