y	y_hat	y_index
74.1342465753425	74.64277374280864	420
74.4698630136986	75.70651118419073	421
78.1808219178082	71.58089311032727	422
