y	y_hat	y_index
69.0561643835616	73.72392319467099	216
59.4041095890411	72.95246615443271	217
73.4232876712329	70.78805690112553	218
