y	y_hat	y_index
70.8616438356164	73.6575758057877	330
84.7424657534247	74.9533789917864	331
62.7643835616438	69.08095838700861	332
