y	y_hat	y_index
76.3424657534247	75.35819007702595	702
74.7041095890411	76.7055216071574	703
80.4616438356164	79.63118218840121	704
