y	y_hat	y_index
69.4753424657534	72.51662515395653	276
65.8753424657534	75.70204809352566	277
72.6452054794521	73.25331944447404	278
