y	y_hat	y_index
64.3424657534247	72.00693213227612	672
70.9534246575342	70.67070053262157	673
72.6397260273973	70.65303429983425	674
