y	y_hat	y_index
64.0794520547945	77.18043614500729	732
69.558904109589	73.54500211285988	733
