y	y_hat	y_index
77.1260273972603	74.28938060660991	195
70.1260273972603	72.75078051144565	196
81.5424657534247	75.27307870502943	197
