y	y_hat	y_index
83.8205479452055	78.22382867304029	93
75.0342465753425	77.69117482491274	94
77.4808219178082	76.32022326479812	95
