y	y_hat	y_index
67.9671232876712	74.16415184400017	48
84.1506849315069	71.8601335578022	49
67.5671232876712	73.86981895878435	50
