y	y_hat	y_index
84.1397260273973	77.9118241588052	552
75.3260273972603	80.63228286603565	553
78.4013698630137	74.09789129942567	554
