y	y_hat	y_index
76.7452054794521	72.34226375463726	734
79.7643835616438	74.3272733765017	735
