y	y_hat	y_index
72.2068493150685	78.52001763029357	718
72.7780821917808	74.83352417510203	719
