y	y_hat	y_index
71.4753424657534	73.46168200033506	600
74.6616438356164	73.0861642755758	601
76.0095890410959	71.71516592409876	602
