y	y_hat	y_index
76.8506849315069	80.08020510077782	699
77.1630136986301	75.58023874537392	700
70.4534246575342	73.99697827238768	701
