y	y_hat	y_index
75.1452054794521	75.24338439831557	621
67.7561643835616	74.24453712282438	622
61.972602739726	72.61837098738252	623
