y	y_hat	y_index
89.0698630136986	73.45920851032423	570
77.2260273972603	76.17931457615157	571
79.5616438356164	77.28916385147998	572
