y	y_hat	y_index
66.6397260273973	74.12338854105529	432
76.1780821917808	70.30807232402985	433
68.9479452054795	74.42760222676033	434
