y	y_hat	y_index
54.2739726027397	74.48200530498809	522
74.8164383561644	72.63838873326794	523
61.9561643835616	74.64632470956093	524
