y	y_hat	y_index
61.0424657534247	71.34593067592618	444
68.058904109589	68.49679485977599	445
74.9260273972603	72.82902669742919	446
