y	y_hat	y_index
67.3013698630137	74.45406308792484	186
73.9671232876712	72.44857440080011	187
69.6671232876712	79.24238704637541	188
