y	y_hat	y_index
74.9643835616438	75.87368055807063	696
73.8616438356164	75.4211467846623	697
75.1808219178082	76.15927148153375	698
