y	y_hat	y_index
68.2205479452055	66.83727258050934	726
70.8342465753425	71.80375049031448	727
