y	y_hat	y_index
67.9342465753425	73.51893469614689	693
78.5287671232877	75.4073124288791	694
88.3315068493151	73.46319934341606	695
