y	y_hat	y_index
73.9424657534247	73.06432090403891	390
71.9041095890411	74.62970380518655	391
70.8260273972603	71.95466518663144	392
