y	y_hat	y_index
82.3698630136986	76.10044346177037	294
84.4671232876712	73.59689572750709	295
75.7643835616438	68.82771426038987	296
