y	y_hat	y_index
67.7616438356164	70.77731252013953	492
79.2890410958904	75.17278443789661	493
69.8643835616438	77.29067966208487	494
