y	y_hat	y_index
65.8205479452055	73.52296021566364	498
80.8698630136986	77.23673239329122	499
70.5616438356164	70.43840856082221	500
