y	y_hat	y_index
74.2698630136986	70.8093077534053	150
66.9780821917808	71.49027000704079	151
82.0616438356164	70.06506472332428	152
