y	y_hat	y_index
80.8287671232877	74.22484240425959	102
75.1794520547945	77.50796544163208	103
80.1808219178082	69.49557000781354	104
