y	y_hat	y_index
62.7808219178082	74.24119081152531	234
81.3232876712329	76.9927581479397	235
76.0616438356164	72.49659122690007	236
