y	y_hat	y_index
86.3630136986301	77.05805487446891	51
82.672602739726	72.884901306456	52
71.6808219178082	73.8891400615585	53
