y	y_hat	y_index
71.0041095890411	70.55018209426798	528
76.4753424657534	77.74574427945541	529
68.4643835616438	73.69188127112596	530
