y	y_hat	y_index
62.1780821917808	70.57858160293398	318
58.9424657534247	70.469111997207	319
65.5671232876712	73.5755296169873	320
