y	y_hat	y_index
70.3369863013699	71.51282182220248	6
66.4616438356164	76.03554337762903	7
75.8643835616438	73.27370863783528	8
