y	y_hat	y_index
55.0041095890411	74.59148008922847	534
72.4780821917808	74.84352991662794	535
81.058904109589	74.35555848291033	536
