y	y_hat	y_index
71.2808219178082	72.14298492287918	730
76.0232876712329	74.39328529362825	731
