y	y_hat	y_index
78.2671232876712	73.20955709684478	459
84.3452054794521	73.83397089210173	460
81.8397260273973	78.96257479443707	461
