y	y_hat	y_index
66.7328767123288	76.25881493244103	189
80.5041095890411	71.72076046520124	190
59.9506849315068	72.80519486067324	191
