y	y_hat	y_index
71.2369863013699	72.3481573168414	324
63.8479452054794	72.45020858718428	325
79.6890410958904	72.3954046630669	326
