y	y_hat	y_index
70.3246575342466	76.11749927017866	342
79.1698630136986	69.3226626024798	343
78.8383561643836	75.65947790881833	344
