y	y_hat	y_index
70.472602739726	72.78784994576824	471
76.4232876712329	73.84062673137802	472
85.1547945205479	75.51047277932012	473
