y	y_hat	y_index
82.2808219178082	74.29881144807288	597
81.1958904109589	75.63021813734773	598
61.0643835616438	71.23534910742221	599
