y	y_hat	y_index
76.1753424657534	70.92139126090538	117
68.3068493150685	68.72267121450078	118
75.3452054794521	72.89335652756711	119
