y	y_hat	y_index
79.5698630136986	72.56608730111395	441
77.7753424657534	74.28330805129775	442
72.4849315068493	80.59966974296773	443
