y	y_hat	y_index
65.658904109589	72.62460094460835	504
65.0328767123288	71.94619619216232	505
67.5315068493151	69.37473594767768	506
