y	y_hat	y_index
78.5369863013699	76.44657795521663	642
67.9986301369863	68.27834441569104	643
56.272602739726	70.36777130488262	644
