y	y_hat	y_index
74.4616438356164	75.77870985844743	111
69.0452054794521	73.53058925754716	112
77.5369863013699	73.09025170239977	113
