y	y_hat	y_index
79.8520547945206	76.96720316842598	66
90.2561643835616	73.25967819716404	67
71.058904109589	73.42035109361692	68
