y	y_hat	y_index
76.1506849315069	77.5681249666206	540
64.5643835616438	75.34533649417826	541
87.1643835616438	75.65345072800044	542
