y	y_hat	y_index
71.9671232876712	70.27011518730713	81
69.7095890410959	72.24955271632376	82
69.2260273972603	71.53922365849982	83
