y	y_hat	y_index
88.2561643835616	76.71708233375975	99
72.158904109589	69.51657431045189	100
75.7808219178082	72.51173360950531	101
