y	y_hat	y_index
69.3534246575342	75.97281429062515	315
81.0150684931507	71.749156939264	316
60.6232876712329	72.83483858844241	317
