y	y_hat	y_index
70.4698630136986	72.52527079704201	516
86.6369863013699	75.7388087813732	517
77.8835616438356	75.03884659337244	518
