y	y_hat	y_index
73.7452054794521	72.1350768121956	450
69.6534246575342	72.47448742628366	451
77.1232876712329	73.59085907372301	452
