y	y_hat	y_index
84.5356164383562	71.51416304374098	18
69.3849315068493	72.8819586120887	19
71.1561643835616	73.10698877059185	20
