y	y_hat	y_index
67.9479452054795	70.09535262738638	42
70.086301369863	71.95497028646224	43
82.17005428820563	74.60126457962956	44
