y	y_hat	y_index
69.1876712328767	73.04169509866034	9
77.5616438356164	75.66188711210134	10
59.7616438356164	70.23898501803046	11
