y	y_hat	y_index
69.4178082191781	75.92926519777043	618
65.9890410958904	71.65956186796383	619
83.1808219178082	76.23070518582772	620
