y	y_hat	y_index
67.9041095890411	72.30380464969213	705
70.4397260273973	69.21090099387719	706
62.8479452054794	73.03268704866929	707
