y	y_hat	y_index
64.4452054794521	71.9811445755239	153
72.4493150684931	76.51305872346803	154
67.958904109589	72.24736214438593	155
