y	y_hat	y_index
73.5849315068493	72.039839712694	297
63.0780821917808	72.34750110894417	298
61.8246575342466	75.07375199127598	299
