y	y_hat	y_index
73.2808219178082	78.89570241038211	468
76.3424657534247	74.56030592391923	469
77.7643835616438	72.1001342290681	470
