y	y_hat	y_index
73.558904109589	70.92233933120686	369
65.086301369863	72.21256330656365	370
70.6671232876712	77.60388485985342	371
