y	y_hat	y_index
80.9534246575342	74.17675965511187	561
79.9452054794521	76.94849985681485	562
72.3808219178082	73.24250394084966	563
