y	y_hat	y_index
83.2643835616438	79.13665804378317	519
84.6671232876712	73.62519384301595	520
70.8287671232877	76.52620043737747	521
