y	y_hat	y_index
63.0808219178082	73.13599602987196	54
61.558904109589	70.76355216136164	55
61.9958904109589	71.20780520122892	56
