y	y_hat	y_index
70.1616438356164	76.8179987283446	669
81.0835616438356	77.07082358427795	670
59.1671232876712	72.21771994431685	671
