y	y_hat	y_index
73.1616438356164	73.06558595966952	567
56.3643835616438	76.50661220690176	568
74.6534246575342	72.66430509962285	569
