y	y_hat	y_index
81.8821917808219	74.87266627979261	636
63.9753424657534	74.90768372746558	637
76.5616438356164	73.43077453512697	638
