y	y_hat	y_index
88.5698630136986	73.75434150377762	261
76.8657534246575	69.4196634856461	262
87.7698630136986	72.956944377153	263
