y	y_hat	y_index
71.258904109589	80.62756042656761	612
57.6616438356164	70.82998146962989	613
72.7671232876712	75.74003036325504	614
