y	y_hat	y_index
76.7041095890411	69.97402815052364	348
73.2479452054795	77.40605603037791	349
67.3205479452055	71.5147800060204	350
