y	y_hat	y_index
61.8616438356164	71.6555945326455	474
68.1561643835616	73.60435901013098	475
76.2698630136986	78.8801301315834	476
