y	y_hat	y_index
73.9561643835616	71.15894765186461	728
79.9397260273973	72.60868365852724	729
