y	y_hat	y_index
64.9753424657534	73.16051375436447	12
74.3616438356164	73.7890968312742	13
64.4315068493151	74.6782939537772	14
