y	y_hat	y_index
56.3027397260274	71.75480328542675	483
64.5808219178082	69.34205002398343	484
79.1671232876712	74.43175623127	485
