y	y_hat	y_index
71.9643835616438	71.25821489539861	585
71.3479452054795	72.68936443649784	586
83.0616438356164	78.70225874938343	587
