y	y_hat	y_index
69.4808219178082	74.68921893804917	609
83.6205479452055	76.36624627500532	610
75.1643835616438	76.82523332516651	611
