y	y_hat	y_index
81.8835616438356	75.6344719294614	501
73.558904109589	76.87046343239268	502
63.3452054794521	73.98954701277158	503
