y	y_hat	y_index
73.9808219178082	71.6217198933076	96
84.0424657534247	73.75797272906907	97
75.572602739726	72.80038906034933	98
