y	y_hat	y_index
79.6849315068493	73.47737083628199	651
68.8616438356164	69.56822107491489	652
64.9712328767123	70.87442729742864	653
