y	y_hat	y_index
71.4671232876712	74.59458292892467	588
78.1986301369863	74.81433311682558	589
62.5698630136986	73.00985333719588	590
