y	y_hat	y_index
83.1890410958904	78.69020197316074	495
59.6452054794521	72.24514985258251	496
70.7876712328767	73.7165583345482	497
