y	y_hat	y_index
75.7315068493151	71.97648126901578	573
63.8178082191781	75.45530999993564	574
70.572602739726	75.47731443868614	575
