y	y_hat	y_index
79.5657534246575	76.28266807218365	372
75.2452054794521	75.34378845929356	373
80.9849315068493	68.28911661225376	374
