y	y_hat	y_index
72.7835616438356	76.1615081832002	198
82.1753424657534	73.96552286767232	199
74.2671232876712	75.68599075210703	200
