y	y_hat	y_index
74.0315068493151	71.77956568140054	408
76.5150684931507	74.34715762894949	409
65.0561643835616	65.78160366694489	410
