y	y_hat	y_index
61.9780821917808	74.69491509668268	300
73.2616438356164	69.9855346254368	301
80.6506849315069	81.01426587921263	302
