y	y_hat	y_index
89.2780821917808	74.13275059029152	438
77.0643835616438	73.85647595824364	439
77.1397260273973	75.78801090864579	440
