y	y_hat	y_index
68.2808219178082	76.83222240683648	627
80.5767123287671	73.61089494096001	628
74.2643835616438	68.18557447337054	629
