y	y_hat	y_index
79.2232876712329	69.98282586576974	360
56.4287671232877	72.37719652923418	361
87.2835616438356	73.75032475238727	362
