y	y_hat	y_index
71.2506849315069	73.37846104525079	219
62.9616438356164	71.27196438669402	220
70.8780821917808	73.77580538960457	221
