y	y_hat	y_index
62.8698630136986	73.55082778873643	177
80.3534246575342	76.3111081113128	178
63.7506849315068	73.45560718998904	179
