y	y_hat	y_index
64.0534246575342	72.08112840487362	357
73.0602739726027	70.77591988573063	358
65.3561643835616	71.4143274411248	359
