y	y_hat	y_index
82.3917808219178	78.15869929565837	246
74.1849315068493	75.50909700355554	247
55.4164383561644	71.39909437760177	248
