y	y_hat	y_index
64.5616438356164	72.68175185457888	279
71.158904109589	74.1253982175273	280
77.0643835616438	74.52711806416349	281
