y	y_hat	y_index
68.0479452054795	73.01017635245748	75
81.6397260273973	75.57012635116772	76
68.2753424657534	75.08136968105705	77
