y	y_hat	y_index
76.3397260273973	70.83954026632678	543
83.2342465753425	76.3502535116111	544
64.7561643835616	74.84710194751042	545
