y	y_hat	y_index
88.2643835616438	73.87073651967953	606
73.7821917808219	72.55099205884859	607
82.4534246575342	75.50662780982388	608
