y	y_hat	y_index
76.3123287671233	73.18518771933154	639
82.2054794520548	77.67624379343526	640
70.2630136986301	74.34174887349667	641
