y	y_hat	y_index
84.3616438356164	74.68915168589044	168
85.5369863013699	77.46811191896268	169
75.0671232876712	72.61061257908685	170
