y	y_hat	y_index
88.7369863013699	75.1307930710138	384
75.8534246575342	78.60995347130019	385
87.758904109589	77.93046464417907	386
