y	y_hat	y_index
70.4616438356164	74.6635721708163	645
88.4753424657534	73.42824998192079	646
78.0616438356164	73.64895049001335	647
