y	y_hat	y_index
69.9506849315069	73.9968119556312	288
70.7260273972603	73.48071645848668	289
71.3424657534247	73.25786989980712	290
