y	y_hat	y_index
66.8643835616438	73.11206689783394	126
75.458904109589	71.88332715499996	127
79.2753424657534	75.81495695803655	128
