y	y_hat	y_index
73.8917808219178	73.79013439237235	351
76.6506849315069	72.36921012476847	352
81.2698630136986	73.16193779195268	353
