y	y_hat	y_index
83.9643835616438	68.8159654444824	312
84.8671232876712	74.02060163566271	313
70.9643835616438	70.88791584999531	314
