y	y_hat	y_index
69.2013698630137	74.67601111978583	648
72.2397260273973	64.11468027077146	649
70.4753424657534	72.8469160330685	650
