y	y_hat	y_index
67.6643835616438	73.55321689737673	231
78.3698630136986	71.74831660696965	232
71.958904109589	75.55432241290187	233
