y	y_hat	y_index
73.258904109589	73.30412117653088	339
84.1643835616438	75.80809743001583	340
84.4616438356164	77.31000868815366	341
