mae_mean	mae_single
5.3497848923232905	5.313641352175735
