mae_mean	mae_single
4.971848310355278	4.98735136473977
