mae_mean	mae_single
5.288748615873039	5.348425617235242
