mae_mean	mae_single
5.458799342280435	5.520903309045825
