mae_mean	mae_single
5.763413859723712	5.772306782180698
