mae_mean	mae_single
4.75188029251571	4.7823291879585526
