mae_mean	mae_single
5.614589867709558	5.612699495045957
