mae_mean	mae_single
5.511590239170925	5.625631735641089
