mae_mean	mae_single
5.802247853901305	5.560270329938817
