mae_mean	mae_single
5.048625817781899	5.08622793153439
