mae_mean	mae_single
5.871394730881371	5.823270239177607
