mae_mean	mae_single
5.6130211124507055	5.652149407957507
