mae_mean	mae_single
5.027518370436273	5.027518370436273
