mae_mean	mae_single
4.217655728027075	4.284117800204763
