mae_mean	mae_single
5.080790033733476	5.058820907664403
