mae_mean	mae_single
5.670892411205874	5.6738771060299245
