mae_mean	mae_single
5.591540127990699	5.4077607426488985
