mae_mean	mae_single
4.846192414577328	4.825164838409592
