mae_mean	mae_single
5.620771137954904	5.652124394956604
