mae_mean	mae_single
4.684977855491643	4.77947646627823
