{"gamma_mean": 9.515459439162214e-08, "c_mean": 6766.081982497566, "mae_mean": 4.818438364358074, "gamma_single": 4e-08, "c_single": 6766.081982497566, "mae_single": 4.302384832994275}