mae_mean	mae_single
5.758672924529637	5.737971347443601
