mae_mean	mae_single
5.692264261112231	5.731099141926376
