mae_mean	mae_single
4.891551599295462	4.888713527347659
