mae_mean	mae_single
5.284464186041415	5.4172993267447485
