mae_mean	mae_single
5.225680872202103	5.214040348549847
