mae_mean	mae_single
4.133170333664592	4.136536000038354
