mae_mean	mae_single
6.41896896053706	6.402374165582715
