mae_mean	mae_single
4.5156248215643675	4.498688328048186
