mae_mean	mae_single
5.705087250193843	5.656549849326903
