mae_mean	mae_single
4.605709019033407	4.584143519640993
