mae_mean	mae_single
5.727161058541053	5.90346504002665
