mae_mean	mae_single
5.77640770870807	6.117072122388832
