mae_mean	mae_single
5.47159454150981	5.493109071047962
