mae_mean	mae_single
5.185684200153708	5.134222522669896
