mae_mean	mae_single
4.877169614174055	4.92352940801279
