mae_mean	mae_single
5.9222575254665255	6.027579901226562
