mae_mean	mae_single
4.571080416683837	4.360555427843141
