mae_mean	mae_single
5.239657488448727	5.2119299316078616
