mae_mean	mae_single
4.73848067603545	4.646031493552018
