mae_mean	mae_single
5.62541869529414	5.597064901210607
