mae_mean	mae_single
5.830470366133941	5.837306129474947
