mae_mean	mae_single
5.0646698162336055	5.093566482137322
