mae_mean	mae_single
5.382347842281631	5.360461872075457
