mae_mean	mae_single
5.194204232428279	5.268317479485871
