mae_mean	mae_single
5.776277501141408	5.768997968701971
