mae_mean	mae_single
5.241049066793866	5.198686576637183
