mae_mean	mae_single
5.2637153983629315	5.248565322857771
