mae_mean	mae_single
5.396549227579734	5.405734877012807
