mae_mean	mae_single
5.610632645702879	5.654669454365219
