mae_mean	mae_single
4.608822077952118	4.6911216838655925
