mae_mean	mae_single
5.448199518158846	5.62132407086094
