mae_mean	mae_single
5.548082267809931	5.480219497872386
