mae_mean	mae_single
5.879165015867461	5.932171508842378
