mae_mean	mae_single
5.442839906710007	5.458919302051809
