mae_mean	mae_single
5.0791511359168755	5.071289242070829
