mae_mean	mae_single
4.112996819880863	3.849193458056718
