mae_mean	mae_single
5.44330889551284	5.452187109578613
