mae_mean	mae_single
4.763788210767189	4.9964037032452016
