mae_mean	mae_single
5.411008023549852	5.303993480093517
