mae_mean	mae_single
5.408738121550582	5.389809307444481
