mae_mean	mae_single
5.06870913911916	5.46478230409997
