mae_mean	mae_single
5.539413745338446	5.762777901422683
