mae_mean	mae_single
5.049830342833018	5.0391142460651555
