mae_mean	mae_single
6.734527961062085	6.629946792039181
