mae_mean	mae_single
5.701582522757384	5.7016514281180175
