mae_mean	mae_single
5.290158647229055	5.2977630340423785
