mae_mean	mae_single
6.091014053900143	6.1052604354217905
