mae_mean	mae_single
5.667925168033865	5.695382481462556
