mae_mean	mae_single
4.993366664366025	5.113248783178712
