mae_mean	mae_single
4.90510720122447	4.830005565385311
