mae_mean	mae_single
5.080328887279042	5.289234065186173
