mae_mean	mae_single
5.512344986346156	5.368374828195769
