mae_mean	mae_single
4.987150428690135	5.068881754690213
