mae_mean	mae_single
5.039962643266434	5.105728883035744
