mae_mean	mae_single
5.225447535737395	5.1704199855838775
