mae_mean	mae_single
5.432112174243859	5.471633437363719
