mae_mean	mae_single
5.7787063447744345	5.754196259068181
