mae_mean	mae_single
5.425708071406211	5.477182316014227
