mae_mean	mae_single
6.447462584763119	6.448285484469645
