mae_mean	mae_single
4.743468677956297	4.737403661947652
