mae_mean	mae_single
4.964008612448711	4.787947556105682
