mae_mean	mae_single
4.829963300039577	4.863138103433583
