mae_mean	mae_single
4.465126839711663	4.4755734526952855
