mae_mean	mae_single
5.394224884678128	5.497542884815786
