mae_mean	mae_single
5.719163862518924	5.839644822725395
