mae_mean	mae_single
3.9904662486756846	3.979135926283336
