mae_mean	mae_single
5.729537243197439	5.722588245658135
