mae_mean	mae_single
5.417997306176892	5.411893717198481
