mae_mean	mae_single
5.946074123440197	5.7178261693760914
