mae_mean	mae_single
4.649792610740883	4.82091660936208
