mae_mean	mae_single
5.540945174162782	4.968301697539278
