mae_mean	mae_single
4.885780463374981	4.629688439158975
