mae_mean	mae_single
5.8385356249093805	5.839057536707262
