mae_mean	mae_single
4.363486523232555	4.432727955688931
