mae_mean	mae_single
5.520548800544905	5.478557004478601
