mae_mean	mae_single
5.565554478272207	5.551395040656764
