mae_mean	mae_single
4.749788509128753	4.740142215731203
