mae_mean	mae_single
4.503993193208417	4.622879043969116
