mae_mean	mae_single
5.538186803347175	5.765236715323556
