mae_mean	mae_single
5.693412638071133	5.681562740714469
