mae_mean	mae_single
5.322296410630866	5.242632542212014
