mae_mean	mae_single
5.392853572525203	5.271891229361179
