{"gamma_mean": 9.470791484977707e-08, "c_mean": 6278.619069834921, "mae_mean": 4.824037761840515, "gamma_single": 7e-08, "c_single": 6278.619069834921, "mae_single": 3.9001116237392677}