mae_mean	mae_single
5.436922993611957	5.457504784348667
