mae_mean	mae_single
5.334488007794763	5.42435249898864
