mae_mean	mae_single
4.866599716862885	4.903201274010801
