mae_mean	mae_single
5.420998817530618	5.543697617569623
