mae_mean	mae_single
5.192723914059921	5.221773177298537
