mae_mean	mae_single
5.708161773288141	5.716191258804921
