mae_mean	mae_single
5.174834175116482	5.202532655194944
