mae_mean	mae_single
5.222784494798426	5.240120203517929
