mae_mean	mae_single
6.015618880046127	6.010886052932596
