mae_mean	mae_single
5.8874025043750375	5.872191733691792
