mae_mean	mae_single
5.345746273986706	5.467687578971467
