mae_mean	mae_single
5.56170689698064	5.6151915527021625
