mae_mean	mae_single
5.96623364390474	5.952149403022778
