mae_mean	mae_single
5.060944690922255	5.3634472215584195
