mae_mean	mae_single
4.27269169290372	4.278176988100073
