mae_mean	mae_single
4.985254170787633	4.981415683128523
