mae_mean	mae_single
5.170385655646012	5.17070781378749
