mae_mean	mae_single
5.642140062069002	5.641839502697615
