mae_mean	mae_single
4.12233294236437	4.114347353975913
