mae_mean	mae_single
5.040358934899487	5.206026759116196
