mae_mean	mae_single
4.890449542225649	4.8870209574992876
