mae_mean	mae_single
4.422984820563755	4.4516013174463245
