mae_mean	mae_single
5.598797628172455	5.559225085054975
