mae_mean	mae_single
4.805134313304387	4.948192255339101
