mae_mean	mae_single
5.293084407266084	5.284525691469261
