mae_mean	mae_single
5.158325520712944	5.332876778859138
