mae_mean	mae_single
4.853390850301495	4.840215427444893
