mae_mean	mae_single
4.403982456715769	4.334491776066853
