mae_mean	mae_single
6.2893521826820065	6.222621487462644
