mae_mean	mae_single
5.17000880821857	5.5468327226287295
