y	y_hat	y_index
71.8452054794521	73.56075209734524	402
80.1986301369863	73.57176593339096	403
78.3561643835616	73.56548109391697	404
