y	y_hat	y_index
62.1780821917808	73.65297494635396	318
58.9424657534247	73.6503178294135	319
65.5671232876712	73.64904462376799	320
