y	y_hat	y_index
65.086301369863	73.64196899674837	183
69.1657534246575	73.65373040742118	184
71.6835616438356	73.63764678636126	185
