y	y_hat	y_index
79.5698630136986	73.55686898571386	441
77.7753424657534	73.56594645920126	442
72.4849315068493	73.57259435521532	443
