y	y_hat	y_index
67.3013698630137	73.62663112549409	186
73.9671232876712	73.60341955935979	187
69.6671232876712	73.62413113305752	188
