y	y_hat	y_index
69.6178082191781	73.60526573733763	558
82.9027397260274	73.61071066396127	559
72.3260273972603	73.61607516779996	560
