y	y_hat	y_index
63.6616438356164	73.64305878109232	462
73.0424657534247	73.65046419695992	463
63.5506849315069	73.64462070022763	464
