y	y_hat	y_index
73.8643835616438	73.54863744421488	207
75.0397260273973	73.56113150092698	208
91.3068493150685	73.54526447585862	209
