y	y_hat	y_index
76.1780821917808	73.54887595784004	240
80.1794520547945	73.55082728463313	241
73.6506849315069	73.54177989801236	242
