y	y_hat	y_index
71.2808219178082	73.56515425527968	730
76.0232876712329	73.57580587653179	731
