y	y_hat	y_index
78.2671232876712	73.54054542665827	459
84.3452054794521	73.54253595136487	460
81.8397260273973	73.5534777873251	461
