y	y_hat	y_index
80.3013698630137	73.62986701377363	531
73.0534246575342	73.62357983037737	532
69.1986301369863	73.60563232288585	533
