y	y_hat	y_index
76.3397260273973	73.56844905723679	543
83.2342465753425	73.56709058329724	544
64.7561643835616	73.56723419840209	545
