y	y_hat	y_index
78.1698630136986	73.54830642777269	690
79.0479452054795	73.54282411026728	691
77.3452054794521	73.54018956036816	692
