y	y_hat	y_index
66.4369863013699	73.64490354808012	712
65.5671232876712	73.64661458657737	713
