y	y_hat	y_index
65.2657534246575	73.61041823471942	36
77.6616438356164	73.62288038265955	37
67.958904109589	73.61167068372313	38
