y	y_hat	y_index
58.1808219178082	73.60878270269912	435
61.7849315068493	73.60849257732495	436
76.0561643835616	73.61700209574832	437
