y	y_hat	y_index
74.9643835616438	73.5417960277503	696
73.8616438356164	73.54118934366902	697
75.1808219178082	73.53841753720634	698
