y	y_hat	y_index
73.2808219178082	73.57415309283932	468
76.3424657534247	73.56953087520964	469
77.7643835616438	73.55701885268529	470
