y	y_hat	y_index
86.4643835616438	73.56692453134681	201
69.7808219178082	73.56898380874084	202
75.7835616438356	73.57171298896218	203
