y	y_hat	y_index
75.8260273972603	73.57058604506989	237
75.1342465753425	73.55815209492413	238
66.7178082191781	73.56235506993747	239
