y	y_hat	y_index
84.3616438356164	73.55324314561032	168
85.5369863013699	73.5599251461576	169
75.0671232876712	73.5569618547659	170
