y	y_hat	y_index
70.1027397260274	73.56651976379803	716
87.0808219178082	73.58907020271972	717
