y	y_hat	y_index
54.2739726027397	73.61690774857884	522
74.8164383561644	73.60822237433773	523
61.9561643835616	73.61819484299609	524
