y	y_hat	y_index
79.5232876712329	73.62055184566789	477
71.7657534246575	73.60020485665501	478
60.718372666497935	73.61076965891135	479
