y	y_hat	y_index
56.3027397260274	73.61967705574207	483
64.5808219178082	73.61225559613277	484
79.1671232876712	73.62116334464781	485
