y	y_hat	y_index
69.9506849315069	73.65053626823838	288
70.7260273972603	73.6433522640656	289
71.3424657534247	73.63980563538809	290
