y	y_hat	y_index
66.7328767123288	73.61653953435771	189
80.5041095890411	73.62101510972988	190
59.9506849315068	73.6017026894954	191
