y	y_hat	y_index
73.5849315068493	73.64744673007245	297
63.0780821917808	73.63169174259203	298
61.8246575342466	73.6524594932003	299
