y	y_hat	y_index
68.872602739726	73.61100960323326	270
78.2671232876712	73.60736555178124	271
71.158904109589	73.60714307877566	272
