y	y_hat	y_index
56.4835616438356	73.57312164831735	15
79.4849315068493	73.57120825736979	16
73.6328767123288	73.57150715434756	17
