y	y_hat	y_index
84.2698630136986	73.57297358428075	129
71.172602739726	73.56703587454743	130
82.9561643835616	73.5656680125847	131
