y	y_hat	y_index
74.7287671232877	73.61006649146519	594
55.8808219178082	73.60551626608483	595
68.1643835616438	73.60610331188862	596
