y	y_hat	y_index
73.6616438356164	73.54430442854179	336
73.6465753424658	73.55256512748065	337
75.0671232876712	73.53972584299109	338
