y	y_hat	y_index
69.0561643835616	73.64721430366879	216
59.4041095890411	73.63962028099662	217
73.4232876712329	73.64804117542455	218
