y	y_hat	y_index
67.9342465753425	73.55617178737003	693
78.5287671232877	73.55617638564495	694
88.3315068493151	73.55617261161493	695
