y	y_hat	y_index
59.4616438356164	73.64397471911647	624
70.8178082191781	73.6412648662902	625
67.7397260273973	73.64338839501919	626
