y	y_hat	y_index
73.8342465753425	73.57077822304734	321
74.3890410958904	73.56216745827281	322
70.8041095890411	73.56217987185866	323
