y	y_hat	y_index
71.8424657534247	73.61164830559181	684
75.9369863013699	73.61163228035184	685
72.9849315068493	73.61163907668848	686
