y	y_hat	y_index
73.9561643835616	73.54165135523046	728
79.9397260273973	73.55236673688103	729
