y	y_hat	y_index
68.2808219178082	73.57345416600823	627
80.5767123287671	73.56545820031113	628
74.2643835616438	73.56798696935293	629
