y	y_hat	y_index
84.5356164383562	73.61156966318009	18
69.3849315068493	73.61373576827881	19
71.1561643835616	73.6139379887758	20
