y	y_hat	y_index
66.6753424657534	73.57678250950534	225
73.5808219178082	73.57358787184289	226
78.8835616438356	73.56995438731853	227
