y	y_hat	y_index
85.458904109589	73.56651699042764	579
65.3698630136986	73.55824198958544	580
78.5808219178082	73.58092867093765	581
