y	y_hat	y_index
75.8890410958904	73.54585236327138	33
85.7260273972603	73.5320539768385	34
75.7424657534247	73.53642738991742	35
