y	y_hat	y_index
69.4808219178082	73.56909872535547	609
83.6205479452055	73.58082101808205	610
75.1643835616438	73.56014298010449	611
