y	y_hat	y_index
75.7315068493151	73.61389618056154	573
63.8178082191781	73.6107696235523	574
70.572602739726	73.61965328413208	575
