y	y_hat	y_index
72.2068493150685	73.65499440823602	718
72.7780821917808	73.64302464069665	719
