y	y_hat	y_index
69.4753424657534	73.64759571174686	276
65.8753424657534	73.653935194044	277
72.6452054794521	73.65293457021886	278
