y	y_hat	y_index
81.8835616438356	73.5893136140114	501
73.558904109589	73.57633513228022	502
63.3452054794521	73.56729438964308	503
