y	y_hat	y_index
89.0698630136986	73.54148212228179	570
77.2260273972603	73.54345955675363	571
79.5616438356164	73.55922233764308	572
