y	y_hat	y_index
79.1424657534247	73.62146540565773	513
73.2616438356164	73.6198801486948	514
64.3027397260274	73.61442734388294	515
