y	y_hat	y_index
88.5698630136986	73.54682460794203	261
76.8657534246575	73.54246954603593	262
87.7698630136986	73.54334744876518	263
