y	y_hat	y_index
71.0041095890411	73.62407412001363	528
76.4753424657534	73.61588905096302	529
68.4643835616438	73.60179943205168	530
