y	y_hat	y_index
67.9041095890411	73.64133426852358	705
70.4397260273973	73.64950811049121	706
62.8479452054794	73.65406999282382	707
