y	y_hat	y_index
61.0178082191781	73.5620589692857	507
78.4780821917808	73.56419573602257	508
77.2479452054795	73.56761710245033	509
