y	y_hat	y_index
76.7041095890411	73.60399456105435	348
73.2479452054795	73.62385605576702	349
67.3205479452055	73.60861373301962	350
