y	y_hat	y_index
76.3424657534247	73.54142328390907	702
74.7041095890411	73.54969381522116	703
80.4616438356164	73.53607849882877	704
