y	y_hat	y_index
60.672602739726	73.60954376653503	576
75.5	73.61569479263676	577
57.6835616438356	73.61571105658531	578
