y	y_hat	y_index
79.2452054794521	73.55792739984437	720
81.8671232876712	73.569474541717	721
