y	y_hat	y_index
73.1616438356164	73.60906273356849	567
56.3643835616438	73.60906170673782	568
74.6534246575342	73.61492835264949	569
