y	y_hat	y_index
82.2808219178082	73.56077401566577	597
81.1958904109589	73.563085076716	598
61.0643835616438	73.56586014012235	599
