y	y_hat	y_index
65.2561643835616	73.56699312823521	456
75.6808219178082	73.55728593869982	457
74.9835616438356	73.55756133095855	458
