y	y_hat	y_index
79.3561643835616	73.5367651356104	399
73.9616438356164	73.53665733676128	400
75.3972602739726	73.54938693038902	401
