y	y_hat	y_index
69.9479452054795	73.56297027283922	162
75.9671232876712	73.57568434049571	163
81.4821917808219	73.56351683730192	164
