y	y_hat	y_index
78.4671232876712	73.53973981284904	222
74.5424657534247	73.53970994157017	223
76.0369863013699	73.53974067870418	224
