y	y_hat	y_index
71.4671232876712	73.61375090853717	588
78.1986301369863	73.62961401691707	589
62.5698630136986	73.60643382924485	590
