y	y_hat	y_index
76.7452054794521	73.54884726430882	734
79.7643835616438	73.56938607779253	735
