y	y_hat	y_index
66.4260273972603	73.65491975357367	60
63.7506849315068	73.64426679178872	61
62.258904109589	73.64153727899551	62
