y	y_hat	y_index
71.6835616438356	73.60715052457643	156
77.872602739726	73.62817246233391	157
70.7671232876712	73.61414356229031	158
