y	y_hat	y_index
88.2561643835616	73.57291649057676	99
72.158904109589	73.55616701843047	100
75.7808219178082	73.5664334740996	101
