y	y_hat	y_index
71.2506849315069	73.64846006012102	219
62.9616438356164	73.6463870519926	220
70.8780821917808	73.64499373429572	221
