y	y_hat	y_index
77.1260273972603	73.56754385738626	195
70.1260273972603	73.56046162676519	196
81.5424657534247	73.57459659396751	197
