y	y_hat	y_index
62.2616438356164	73.55670527139368	375
82.627397260274	73.56642742798245	376
78.9479452054795	73.56698557775445	377
