y	y_hat	y_index
72.63989854950165	73.56219614323734	90
82.0780821917808	73.5625491838348	91
78.1698630136986	73.5637038877049	92
