y	y_hat	y_index
80.3753424657534	73.547963451921	258
74.3452054794521	73.54606493699296	259
75.058904109589	73.54501256578115	260
