y	y_hat	y_index
67.6643835616438	73.60897480918516	231
78.3698630136986	73.6035442292981	232
71.958904109589	73.61171525115715	233
