y	y_hat	y_index
70.4616438356164	73.56165985237858	645
88.4753424657534	73.56266093824509	646
78.0616438356164	73.56417190014082	647
