y	y_hat	y_index
75.758904109589	73.58087890420803	327
61.7671232876712	73.55852306161543	328
80.8534246575342	73.56814050016894	329
