y	y_hat	y_index
72.1260273972603	73.6189421192136	78
82.5109589041096	73.61945895655839	79
60.6205479452055	73.6009315955496	80
