y	y_hat	y_index
76.1753424657534	73.57201654341554	117
68.3068493150685	73.56424551340936	118
75.3452054794521	73.57300625904853	119
