y	y_hat	y_index
75.8753424657534	73.58034041257746	708
71.0753424657534	73.56462188007802	709
