y	y_hat	y_index
77.658904109589	73.53666545521129	132
75.7808219178082	73.54497023739411	133
77.5698630136986	73.54236570807882	134
