y	y_hat	y_index
82.3958904109589	73.57335700543508	273
74.7342465753425	73.56527165856235	274
72.158904109589	73.57180644932303	275
