y	y_hat	y_index
64.9753424657534	73.60687750108973	12
74.3616438356164	73.62216646227208	13
64.4315068493151	73.61213802909828	14
