y	y_hat	y_index
75.1452054794521	73.53774402127627	423
75.6369863013699	73.53887908845084	424
74.7534246575342	73.5349514152043	425
