y	y_hat	y_index
62.1205479452055	73.61295247830051	411
68.9890410958904	73.61650082937162	412
77.9397260273973	73.60869265839281	413
