y	y_hat	y_index
71.5671232876712	73.60788360769409	123
70.7616438356164	73.61071108125785	124
81.4342465753425	73.60836867439436	125
