y	y_hat	y_index
55.8479452054794	73.62004841849401	510
77.0383561643836	73.62626178599383	511
72.3232876712329	73.61485257303889	512
