y	y_hat	y_index
72.8506849315069	73.64115887930863	660
57.1780821917808	73.64777410563454	661
63.4232876712329	73.6488897843016	662
