y	y_hat	y_index
73.5479452054795	73.57102384647891	564
87.5506849315069	73.58081185798858	565
72.8506849315069	73.5735221033847	566
