y	y_hat	y_index
63.0808219178082	73.6464298900087	54
61.558904109589	73.63709633900922	55
61.9958904109589	73.64995883869986	56
