y	y_hat	y_index
61.8616438356164	73.62607855199137	474
68.1561643835616	73.60702515000335	475
76.2698630136986	73.62255504566002	476
