y	y_hat	y_index
78.3452054794521	73.5699723170116	303
63.5232876712329	73.5579310067468	304
79.3643835616438	73.5571690287583	305
