y	y_hat	y_index
70.9232876712329	73.60929762702412	174
61.7808219178082	73.6124928488875	175
74.0095890410959	73.61518566607631	176
