y	y_hat	y_index
71.727397260274	73.65001147026913	72
71.8561643835616	73.64710417857731	73
66.3780821917808	73.63832474025278	74
