y	y_hat	y_index
70.472602739726	73.56728698101834	471
76.4232876712329	73.57356104903118	472
85.1547945205479	73.57222132699194	473
