y	y_hat	y_index
63.9821917808219	73.6116581089763	87
78.2808219178082	73.61165153275189	88
65.772602739726	73.61165587196653	89
