y	y_hat	y_index
67.0835616438356	73.61339993121042	114
80.8643835616438	73.60969539973291	115
56.9643835616438	73.6030974614669	116
