y	y_hat	y_index
80.8287671232877	73.54898039744953	102
75.1794520547945	73.54269642106742	103
80.1808219178082	73.54020790267082	104
