y	y_hat	y_index
82.3698630136986	73.5565831204015	294
84.4671232876712	73.53780372056679	295
75.7643835616438	73.53384518500145	296
