y	y_hat	y_index
70.3246575342466	73.56926384962713	342
79.1698630136986	73.55621346705018	343
78.8383561643836	73.56329331894099	344
