y	y_hat	y_index
71.9643835616438	73.61683300096382	585
71.3479452054795	73.6075422971621	586
83.0616438356164	73.62118844975667	587
