y	y_hat	y_index
72.7013698630137	73.56615077978323	57
77.8342465753425	73.5629720584099	58
79.7643835616438	73.57631098923835	59
