y	y_hat	y_index
57.0643835616438	73.56744092025316	582
87.2232876712329	73.56355559513483	583
82.7671232876712	73.56938180394165	584
