y	y_hat	y_index
75.5616438356164	73.53987965856909	387
79.1671232876712	73.53414939432257	388
79.2534246575342	73.544276270962	389
