y	y_hat	y_index
67.9671232876712	73.60815688949131	48
84.1506849315069	73.62874040924608	49
67.5671232876712	73.6111110669971	50
