y	y_hat	y_index
79.6849315068493	73.616795623643	651
68.8616438356164	73.62219702843542	652
64.9712328767123	73.60668563103259	653
