y	y_hat	y_index
80.9534246575342	73.57237359296934	561
79.9452054794521	73.56888064657029	562
72.3808219178082	73.55724048258998	563
