y	y_hat	y_index
73.6780821917808	73.64370078052481	255
72.5534246575342	73.64694055970394	256
72.3643835616438	73.63097123546558	257
