y	y_hat	y_index
70.1616438356164	73.61282392970242	669
81.0835616438356	73.61760230556051	670
59.1671232876712	73.60465829247417	671
