y	y_hat	y_index
78.5369863013699	73.61401050012728	642
67.9986301369863	73.61018504395173	643
56.272602739726	73.60532862824864	644
