y	y_hat	y_index
71.3835616438356	73.6120615632902	429
78.072602739726	73.6205217177417	430
70.8835616438356	73.61707334835185	431
