y	y_hat	y_index
57.7369863013699	73.60215428200772	678
72.0013698630137	73.61020474772485	679
75.572602739726	73.60826235886026	680
