y	y_hat	y_index
65.286301369863	73.61118119675436	681
73.8438356164384	73.61572744478107	682
73.4260273972603	73.61322479344756	683
