y	y_hat	y_index
84.1397260273973	73.5446541030117	552
75.3260273972603	73.53972489230969	553
78.4013698630137	73.538324437019	554
