y	y_hat	y_index
75.2835616438356	73.54367345460147	84
75.2424657534247	73.53656585411876	85
74.1780821917808	73.54693219220088	86
