y	y_hat	y_index
75.8780821917808	73.6129323903619	3
71.2671232876712	73.61467918231723	4
61.0808219178082	73.6037398123102	5
