y	y_hat	y_index
70.3369863013699	73.6153357498203	6
66.4616438356164	73.62029440389718	7
75.8643835616438	73.61487676752236	8
