y	y_hat	y_index
77.9479452054795	73.61561697956445	405
67.3671232876712	73.6055675554576	406
65.5315068493151	73.6121215824715	407
