y	y_hat	y_index
88.2643835616438	73.54588944788306	606
73.7821917808219	73.53462578111214	607
82.4534246575342	73.54387632379432	608
