y	y_hat	y_index
81.8821917808219	73.57082745388676	636
63.9753424657534	73.56235173825881	637
76.5616438356164	73.56081681903619	638
