y	y_hat	y_index
76.6808219178082	73.53694539345655	363
86.5808219178082	73.55027707118144	364
77.4479452054795	73.54148683394644	365
