y	y_hat	y_index
89.5835616438356	73.63468214889394	63
67.7328767123288	73.61185828256524	64
61.5369863013699	73.618400873383	65
