y	y_hat	y_index
55.8671232876712	73.61164367430587	657
84.5506849315069	73.61164666355252	658
62.3821917808219	73.61163475912295	659
