y	y_hat	y_index
63.4369863013699	73.61359343582659	480
68.7287671232877	73.61832868528018	481
81.4616438356164	73.6286584887513	482
