y	y_hat	y_index
79.2232876712329	73.5587352738468	360
56.4287671232877	73.56091011154362	361
87.2835616438356	73.56793721740239	362
