y	y_hat	y_index
88.7369863013699	73.55083775462707	384
75.8534246575342	73.54926761881978	385
87.758904109589	73.55807068406291	386
