y	y_hat	y_index
67.7616438356164	73.60995078287692	492
79.2890410958904	73.61464848516759	493
69.8643835616438	73.61613232748563	494
