y	y_hat	y_index
62.7808219178082	73.55897454700845	234
81.3232876712329	73.56769554355742	235
76.0616438356164	73.57119868344071	236
