y	y_hat	y_index
72.986301369863	73.64939409619258	309
72.7424657534247	73.64494187302928	310
61.9534246575342	73.64310931353032	311
