y	y_hat	y_index
71.972602739726	73.60714736122216	555
69.9260273972603	73.6154525324288	556
84.5342465753425	73.61938682217924	557
