y	y_hat	y_index
86.3917808219178	73.58488302932408	654
72.5780821917808	73.55221705089885	655
78.9753424657534	73.56418925812443	656
