y	y_hat	y_index
70.4219178082192	73.64494801438717	603
65.9424657534247	73.64267106292756	604
68.1698630136986	73.64141428443764	605
