y	y_hat	y_index
69.4808219178082	73.60971252831023	453
80.072602739726	73.61434781650311	454
61.686301369863	73.6135742245015	455
