y	y_hat	y_index
83.1506849315069	73.6091453045736	546
71.7506849315069	73.61499198412132	547
71.5260273972603	73.61457925999352	548
