y	y_hat	y_index
68.5342465753425	73.61786026346932	306
78.1452054794521	73.61245951631152	307
69.458904109589	73.61093637914658	308
