y	y_hat	y_index
74.4808219178082	73.53887359256895	144
82.1643835616438	73.54030988763027	145
82.6643835616438	73.55768868126475	146
