y	y_hat	y_index
77.9849315068493	73.61356952071115	414
70.7671232876712	73.60270221816542	415
71.4780821917808	73.61249873735507	416
