y	y_hat	y_index
89.2780821917808	73.54583628016857	438
77.0643835616438	73.54408754254017	439
77.1397260273973	73.54532669373954	440
