y	y_hat	y_index
69.2013698630137	73.64549207453928	648
72.2397260273973	73.64474198279905	649
70.4753424657534	73.64899694933902	650
