y	y_hat	y_index
64.3424657534247	73.65578318806594	672
70.9534246575342	73.6489278942471	673
72.6397260273973	73.64630000061126	674
