y	y_hat	y_index
83.3780821917808	73.55609647296971	138
60.6835616438356	73.56519504216203	139
84.7506849315069	73.56879557647224	140
