y	y_hat	y_index
61.0424657534247	73.60553865997701	444
68.058904109589	73.60751645327828	445
74.9260273972603	73.61130709285312	446
