y	y_hat	y_index
64.0534246575342	73.65062052536165	357
73.0602739726027	73.63760471937249	358
65.3561643835616	73.64160054449259	359
