y	y_hat	y_index
69.4178082191781	73.62247132965648	618
65.9890410958904	73.60853325314103	619
83.1808219178082	73.60959118704247	620
