y	y_hat	y_index
69.1876712328767	73.61352717238701	9
77.5616438356164	73.62264674496834	10
59.7616438356164	73.60829843981088	11
