y	y_hat	y_index
73.4287671232877	73.61390945489944	243
67.4643835616438	73.61232543914308	244
75.3602739726027	73.60265018770262	245
