y	y_hat	y_index
73.9424657534247	73.61160351095947	390
71.9041095890411	73.60575730771554	391
70.8260273972603	73.61929030539194	392
