y	y_hat	y_index
76.3123287671233	73.57137225279315	639
82.2054794520548	73.56805194994608	640
70.2630136986301	73.56673360541426	641
