y	y_hat	y_index
73.7452054794521	73.55990440369378	450
69.6534246575342	73.55810675226218	451
77.1232876712329	73.56202545649288	452
