y	y_hat	y_index
61.9780821917808	73.60983454849665	300
73.2616438356164	73.60864623925195	301
80.6506849315069	73.62156171895259	302
