y	y_hat	y_index
72.1630136986301	73.61084128785988	615
83.8506849315069	73.62683662768808	616
72.4424657534247	73.61416403833175	617
