y	y_hat	y_index
70.1068493150685	73.56590644793262	24
85.2808219178082	73.58165846167284	25
77.3808219178082	73.57597978181768	26
