y	y_hat	y_index
68.3904109589041	73.61164181327504	633
63.8479452054794	73.6116368003123	634
76.186301369863	73.61164101154438	635
