y	y_hat	y_index
74.6013698630137	73.54790625939582	333
76.2835616438356	73.53691889562712	334
73.958904109589	73.54330807166671	335
