y	y_hat	y_index
69.5534246575342	73.66034011645046	30
71.3808219178082	73.6480166195062	31
60.6616438356164	73.64854986705356	32
