y	y_hat	y_index
83.2643835616438	73.57477803439798	519
84.6671232876712	73.5789032104674	520
70.8287671232877	73.56617701624963	521
