y	y_hat	y_index
76.3561643835616	73.56070879608272	537
69.1780821917808	73.5577397060002	538
82.6424657534247	73.56811649141854	539
