y	y_hat	y_index
74.8452054794521	73.61360862202359	27
57.6315068493151	73.61118965022636	28
71.5794520547945	73.61345917621561	29
