y	y_hat	y_index
64.7698630136986	73.60704937420857	45
77.7643835616438	73.62327807931658	46
60.7616438356164	73.60971281383293	47
