y	y_hat	y_index
68.9616438356164	73.61401482912613	180
76.7671232876712	73.61609654566652	181
72.4479452054795	73.61010547639273	182
