y	y_hat	y_index
61.2780821917808	73.57015548344737	714
87.6616438356164	73.57177043978703	715
