y	y_hat	y_index
71.4753424657534	73.55437300320101	600
74.6616438356164	73.57764541233574	601
76.0095890410959	73.56017053134558	602
