y	y_hat	y_index
65.8616438356164	73.61884463296234	69
73.2753424657534	73.61728690443641	70
79.3780821917808	73.61159566007699	71
