y	y_hat	y_index
78.986301369863	73.57670896936995	105
72.2095890410959	73.56531070521962	106
78.9657534246575	73.56333384918389	107
