y	y_hat	y_index
71.2369863013699	73.62055988850636	324
63.8479452054794	73.61290296071867	325
79.6890410958904	73.60938889511758	326
