y	y_hat	y_index
61.2698630136986	73.60885374723796	141
74.2808219178082	73.62310941663999	142
62.8753424657534	73.60105300453031	143
