y	y_hat	y_index
68.0479452054795	73.61877323436988	75
81.6397260273973	73.61559307143028	76
68.2753424657534	73.61985311560711	77
