y	y_hat	y_index
83.9643835616438	73.58085826546893	312
84.8671232876712	73.56230156564305	313
70.9643835616438	73.55527883950494	314
