y	y_hat	y_index
55.0041095890411	73.60432856125132	534
72.4780821917808	73.60714104423468	535
81.058904109589	73.61717510719953	536
