y	y_hat	y_index
70.4698630136986	73.56611953949374	516
86.6369863013699	73.58118078799012	517
77.8835616438356	73.56944821428272	518
