y	y_hat	y_index
69.3534246575342	73.61185209403503	315
81.0150684931507	73.61984852407491	316
60.6232876712329	73.61766865068556	317
