y	y_hat	y_index
77.9424657534247	73.56738063817636	264
75.3808219178082	73.56261048828956	265
67.6109589041096	73.56344230807008	266
