y	y_hat	y_index
65.658904109589	73.64327046506432	504
65.0328767123288	73.64289376740865	505
67.5315068493151	73.64275048310347	506
