y	y_hat	y_index
75.1452054794521	73.60952133176568	621
67.7561643835616	73.61423143387621	622
61.972602739726	73.61387121458463	623
