y	y_hat	y_index
79.5657534246575	73.54025662193798	372
75.2452054794521	73.53457751285886	373
80.9849315068493	73.53144193938559	374
