y	y_hat	y_index
72.8643835616438	73.57126380374207	722
73.8041095890411	73.58071269492895	723
