y	y_hat	y_index
84.2205479452055	73.56676357200124	210
72.3534246575342	73.5615151609633	211
79.672602739726	73.57774587165879	212
