y	y_hat	y_index
67.9479452054795	73.60818532637876	42
70.086301369863	73.61372825260898	43
82.17005428820563	73.62293184663976	44
