y	y_hat	y_index
77.8150684931507	73.54295623740417	378
75.5671232876712	73.53579951905826	379
82.0287671232877	73.5539360575531	380
