y	y_hat	y_index
78.0616438356164	73.57132403992705	417
69.9986301369863	73.57086430687639	418
80.2712328767123	73.56447504535491	419
