y	y_hat	y_index
59.6616438356164	73.60258151067636	345
87.6534246575342	73.61400703089845	346
70.5123287671233	73.6161111329249	347
