y	y_hat	y_index
82.3917808219178	73.56805131235313	246
74.1849315068493	73.57404892652065	247
55.4164383561644	73.57229535353201	248
