y	y_hat	y_index
80.2794520547945	73.56110673101735	396
77.6616438356164	73.56663029452747	397
61.0	73.55682771201366	398
