y	y_hat	y_index
75.4452054794521	73.56884769738035	120
65.2424657534247	73.56104321278772	121
78.686301369863	73.5597294317511	122
