y	y_hat	y_index
76.4410958904109	73.56633308347917	282
66.9931506849315	73.56074796376046	283
79.5643835616438	73.56421969104848	284
