y	y_hat	y_index
71.4780821917808	73.64936008272602	525
65.6561643835616	73.64726813341474	526
71.9479452054795	73.66013623887169	527
