y	y_hat	y_index
79.8520547945206	73.58158441475076	66
90.2561643835616	73.56732877230687	67
71.058904109589	73.5641073142297	68
