y	y_hat	y_index
72.772602739726	73.61649725058194	285
77.4232876712329	73.61786478699807	286
54.9671232876712	73.60710800550589	287
