y	y_hat	y_index
66.7369863013699	73.64788316789924	663
58.772602739726	73.65672862336075	664
63.0	73.64707383370678	665
