y	y_hat	y_index
65.6616438356164	73.60433654445117	447
54.9205479452055	73.60619792755222	448
81.3506849315069	73.61198536147236	449
