y	y_hat	y_index
84.2808219178082	73.56750021148153	465
60.0534246575343	73.55581335401469	466
78.058904109589	73.56107699668699	467
