y	y_hat	y_index
79.5808219178082	73.5688484340735	213
68.0506849315069	73.57538069213763	214
80.1835616438356	73.56246985953234	215
