y	y_hat	y_index
74.4616438356164	73.56311215312277	111
69.0452054794521	73.56366655608468	112
77.5369863013699	73.56568004998357	113
