y	y_hat	y_index
60.0232876712329	73.60461957435803	366
81.7013698630137	73.61448046221952	367
71.0506849315069	73.61411899064689	368
