y	y_hat	y_index
83.9095890410959	73.5481825403133	108
77.3616438356164	73.54264502347473	109
79.1082191780822	73.53710788638503	110
