y	y_hat	y_index
72.3616438356164	73.5833441241784	147
73.5780821917808	73.57295667411687	148
84.4452054794521	73.57521440100179	149
