y	y_hat	y_index
78.6	73.56092135106185	39
85.3780821917808	73.56585996000268	40
72.2452054794521	73.56684173080014	41
