y	y_hat	y_index
68.2205479452055	73.64385614586175	726
70.8342465753425	73.64187817056795	727
