y	y_hat	y_index
64.4452054794521	73.6536606735908	153
72.4493150684931	73.64252623910046	154
67.958904109589	73.64405658602026	155
