y	y_hat	y_index
71.258904109589	73.65918987234798	612
57.6616438356164	73.64263561586716	613
72.7671232876712	73.65695719733652	614
