y	y_hat	y_index
70.1534246575342	73.56870878950888	710
78.7479452054795	73.58131507080647	711
