y	y_hat	y_index
64.2	73.56368795705394	549
87.6397260273973	73.57794564150805	550
74.5684931506849	73.56325649722868	551
