y	y_hat	y_index
66.6397260273973	73.60692574407776	432
76.1780821917808	73.60872724813692	433
68.9479452054795	73.60897760240148	434
