y	y_hat	y_index
79.1986301369863	73.57310934843599	135
74.7835616438356	73.5745064550226	136
71.8890410958904	73.56061867806721	137
