y	y_hat	y_index
74.1342465753425	73.5486477217613	420
74.4698630136986	73.54163922471139	421
78.1808219178082	73.5510907336936	422
