y	y_hat	y_index
81.0643835616438	73.57431342998339	21
79.0342465753425	73.57757664214748	22
71.7452054794521	73.56744814552238	23
