y	y_hat	y_index
70.1808219178082	73.64703989309764	675
64.9561643835616	73.64454368805286	676
67.3671232876712	73.64401825918283	677
