y	y_hat	y_index
81.7643835616438	73.56780012110958	291
88.9342465753425	73.56911663309364	292
68.7479452054795	73.56358500986772	293
