y	y_hat	y_index
64.5616438356164	73.61168263355547	279
71.158904109589	73.60746593455136	280
77.0643835616438	73.60406300596719	281
