y	y_hat	y_index
90.272602739726	73.61715244652609	666
66.4561643835616	73.60295340187722	667
71.5643835616438	73.61677284039604	668
