y	y_hat	y_index
76.1506849315069	73.55703982002535	540
64.5643835616438	73.55729062477675	541
87.1643835616438	73.55904369604968	542
