y	y_hat	y_index
71.1260273972603	73.56692543708292	591
74.3780821917808	73.55841804182896	592
80.1958904109589	73.5624033119567	593
