y	y_hat	y_index
61.8561643835616	73.61064568660447	252
69.7780821917808	73.60864994883411	253
75.8479452054795	73.60746828646072	254
