y	y_hat	y_index
83.8205479452055	73.54534071695566	93
75.0342465753425	73.53754452254888	94
77.4808219178082	73.55932474197296	95
