y	y_hat	y_index
85.4698630136986	73.5547077964008	724
78.7397260273973	73.55701446393942	725
