y	y_hat	y_index
72.1712328767123	73.62179841978259	393
73.1013698630137	73.60714714324286	394
75.7835616438356	73.6173746009857	395
