y	y_hat	y_index
73.9808219178082	73.53998037333929	96
84.0424657534247	73.54738904880608	97
75.572602739726	73.54473185123034	98
