y	y_hat	y_index
73.958904109589	73.56099016105505	486
83.258904109589	73.56923438791266	487
68.2780821917808	73.55549564848583	488
