y	y_hat	y_index
74.0315068493151	73.56175664715134	408
76.5150684931507	73.56647791838608	409
65.0561643835616	73.55723907625855	410
