y	y_hat	y_index
71.9671232876712	73.65018627182056	81
69.7095890410959	73.64477942261057	82
69.2260273972603	73.63977781510906	83
