y	y_hat	y_index
76.8506849315069	73.57449953102349	699
77.1630136986301	73.56379360234975	700
70.4534246575342	73.56662412354157	701
