y	y_hat	y_index
83.0164383561644	73.57300517060256	426
72.8671232876712	73.56629985220992	427
74.9616438356164	73.57634687001702	428
