y	y_hat	y_index
83.1890410958904	73.63201535225728	495
59.6452054794521	73.61310287410367	496
70.7876712328767	73.62340153022801	497
