y	y_hat	y_index
69.9835616438356	73.65774019202756	0
72.5561643835616	73.64779610907111	1
71.3616438356164	73.64736456411845	2
