y	y_hat	y_index
83.058904109589	73.61939212995377	159
72.3657534246575	73.61186971616547	160
70.4698630136986	73.60450867697307	161
