y	y_hat	y_index
76.0424657534247	73.56906221298263	630
61.5917808219178	73.56572134976214	631
75.7424657534247	73.56472890861166	632
