y	y_hat	y_index
66.3630136986301	73.65309363881262	267
68.9452054794521	73.64009438518688	268
58.2931506849315	73.64429695949087	269
