y	y_hat	y_index
55.1616438356164	73.5600830171821	354
83.2534246575342	73.56606381450288	355
78.4397260273973	73.57423224650732	356
