y	y_hat	y_index
85.5397260273973	73.56629094043583	249
74.372602739726	73.56187347188555	250
67.4616438356164	73.56275268164167	251
