y	y_hat	y_index
60.1671232876712	73.6113126597947	489
76.5342465753425	73.61385911488932	490
69.172602739726	73.61214037804848	491
