y	y_hat	y_index
65.8205479452055	73.60454552454803	498
80.8698630136986	73.62568121323083	499
70.5616438356164	73.6074900358954	500
