y	y_hat	y_index
77.9342465753425	73.56417837545183	687
66.4232876712329	73.55570998554552	688
80.6397260273973	73.56221081125672	689
