y	y_hat	y_index
73.558904109589	73.63883009405785	369
65.086301369863	73.65020593306257	370
70.6671232876712	73.64228018510465	371
