y	y_hat	y_index
73.8917808219178	73.53654958212249	351
76.6506849315069	73.54129868135684	352
81.2698630136986	73.55548725982786	353
