y	y_hat	y_index
65.4931506849315	73.64472254134485	228
73.3301369863014	73.64503877181805	229
68.2506849315069	73.65095460167156	230
