y	y_hat	y_index
71.8698630136986	73.60819123394975	204
62.7616438356164	73.6073854268002	205
85.8753424657534	73.62012389313149	206
