y	y_hat	y_index
70.8616438356164	73.61756728215919	330
84.7424657534247	73.61080339681884	331
62.7643835616438	73.60588962648409	332
