y	y_hat	y_index
86.3630136986301	73.57200581760426	51
82.672602739726	73.56468304232527	52
71.6808219178082	73.57299100030805	53
