y	y_hat	y_index
62.8698630136986	73.61071542191691	177
80.3534246575342	73.60945487310002	178
63.7506849315068	73.61677351035152	179
