y	y_hat	y_index
79.2616438356164	73.57044717939971	171
79.386301369863	73.58025779690055	172
61.7808219178082	73.55438395014556	173
