y	y_hat	y_index
66.8643835616438	73.55877675252984	126
75.458904109589	73.57177000328102	127
79.2753424657534	73.56261564648952	128
