y	y_hat	y_index
73.258904109589	73.5566301828854	339
84.1643835616438	73.56029759782312	340
84.4616438356164	73.58099443618991	341
