mae_mean	mae_single
4.58267676331549	4.578301542070842
