mae_mean	mae_single
5.950172342318606	6.226171473758625
