mae_mean	mae_single
3.9901024448961304	4.163960546221338
