mae_mean	mae_single
5.410565801561605	5.273355621383288
