mae_mean	mae_single
5.462174762867335	5.4837877171340965
