mae_mean	mae_single
5.64160132918327	5.975716651772483
