mae_mean	mae_single
5.304795891925638	5.343466293627892
