mae_mean	mae_single
5.198550076499355	5.1811837370575855
