mae_mean	mae_single
5.682912971117159	5.702078283838299
