mae_mean	mae_single
5.735764532589782	5.737697961074751
