mae_mean	mae_single
4.869562711542241	4.906521695660848
