mae_mean	mae_single
5.206535588364249	5.146757659118851
