mae_mean	mae_single
4.76363015796485	4.715650313656354
