mae_mean	mae_single
4.350474798247267	4.345449831711378
