mae_mean	mae_single
5.450987250939086	5.604930365886863
