mae_mean	mae_single
5.669020823161346	5.674117117663295
