mae_mean	mae_single
5.732367138536573	5.732926280844163
