mae_mean	mae_single
4.962708339490733	4.980664709231364
