mae_mean	mae_single
4.376672105059327	4.376672105059327
