mae_mean	mae_single
5.302240421064677	5.287344292491213
