mae_mean	mae_single
5.567537952035034	5.6177700422332295
