mae_mean	mae_single
5.194677049849783	5.194677049849783
