mae_mean	mae_single
5.849234307343771	5.854609604252628
