mae_mean	mae_single
4.636458502522697	5.079084666489145
