mae_mean	mae_single
5.5733957162582675	5.558661841732837
