mae_mean	mae_single
5.922970082322719	5.923010732142798
