mae_mean	mae_single
5.476529858207476	5.46742363192973
