mae_mean	mae_single
5.579778242044996	5.58770533492183
