mae_mean	mae_single
5.5687578711393675	5.4876924352554495
