mae_mean	mae_single
5.384364964469805	5.4398045180949826
