mae_mean	mae_single
4.988854584930718	4.960018293741059
