mae_mean	mae_single
5.897865925830841	5.855005180679652
