mae_mean	mae_single
5.040358916670075	5.032092852367288
