mae_mean	mae_single
5.2461403019885635	5.244390270036813
