mae_mean	mae_single
4.982626295558114	5.0065953318296295
