mae_mean	mae_single
4.873976174132347	4.748696540737764
