mae_mean	mae_single
4.089522992909369	4.169546134950233
