mae_mean	mae_single
6.231449448661968	6.454013798957533
