mae_mean	mae_single
4.686129807728694	4.707506209652542
