mae_mean	mae_single
5.177302586125115	5.154072183509315
