mae_mean	mae_single
5.231829590385994	5.2257787137237495
