mae_mean	mae_single
5.672254453645947	5.652667657680131
