mae_mean	mae_single
5.637923851268016	5.624252451801031
