mae_mean	mae_single
4.929447886600605	4.930280515959781
