mae_mean	mae_single
5.254527928151377	5.259258894415995
