{"c_mean": 1.3905928754654453, "c_single": 0.31622776601683794, "mae_mean": 5.749592653789594, "mae_single": 3.793327393693929}