mae_mean	mae_single
5.159515267378916	5.159362089065574
