mae_mean	mae_single
4.277537730223653	4.448882984383832
