mae_mean	mae_single
5.075587781980024	5.097532890878935
