mae_mean	mae_single
5.175123719716121	5.089977137135929
