mae_mean	mae_single
5.435264040751665	5.405110712585756
