mae_mean	mae_single
5.951140253425775	5.877352460587763
