mae_mean	mae_single
4.284835727197002	4.148581613799791
