mae_mean	mae_single
4.6690546871289405	4.758923807542874
