mae_mean	mae_single
4.741974961022296	4.668797352866399
