mae_mean	mae_single
4.376611749917412	4.404544685014258
