mae_mean	mae_single
3.967867170735515	4.014716652513043
