mae_mean	mae_single
5.360785202045778	5.362543579694436
