mae_mean	mae_single
4.833182954143836	4.847471422623197
