mae_mean	mae_single
5.552119096144973	5.558667845462295
