mae_mean	mae_single
5.126128461060739	5.1265643854159295
