mae_mean	mae_single
5.589767532112799	5.5499752132898115
