mae_mean	mae_single
5.225795362308531	5.200296830232375
