mae_mean	mae_single
5.573715620376131	5.573715620376131
