mae_mean	mae_single
4.707753195400968	4.7398343975660895
