mae_mean	mae_single
6.123324122555381	6.1192185146898685
