mae_mean	mae_single
5.201060745476386	5.257063520850715
