mae_mean	mae_single
5.247922360886875	5.2439769340923865
