mae_mean	mae_single
5.544638449762169	5.553272265502914
