mae_mean	mae_single
5.361737472286404	5.152338979636059
