mae_mean	mae_single
5.624053426414451	5.547062017508708
