mae_mean	mae_single
4.154191094523056	4.265267223159838
