mae_mean	mae_single
5.649023253945194	5.645944280141026
