mae_mean	mae_single
5.118446359162683	5.160280207423209
