mae_mean	mae_single
5.5699500995732185	5.633799052059295
