mae_mean	mae_single
5.996611910144629	5.990952740310661
