mae_mean	mae_single
4.592344250147008	4.471308518574102
