mae_mean	mae_single
5.675122215895165	5.726235858835222
