mae_mean	mae_single
5.490399960974426	5.6813956291209236
