mae_mean	mae_single
5.9110058219202015	5.911851382047053
