mae_mean	mae_single
5.036982349634117	5.180909001864456
