mae_mean	mae_single
5.330034757806003	5.342973376341708
