mae_mean	mae_single
5.1732306139178625	5.122303777729146
