mae_mean	mae_single
5.386947304187054	5.404091641579709
