mae_mean	mae_single
5.176150712672323	5.249949660293752
