mae_mean	mae_single
5.991108857940272	5.9525287036143455
