mae_mean	mae_single
5.959966938656291	6.02801924573339
