mae_mean	mae_single
5.266640834779653	5.28173298104821
