mae_mean	mae_single
5.051243275262843	5.071774463742833
