{"alpha_mean": 0.008053784411990669, "alpha_single": 0.03162277660168379, "mae_mean": 4.951440913744582, "mae_single": 3.00660638516196}