mae_mean	mae_single
5.5705600866309855	5.629479776499921
