mae_mean	mae_single
5.4294872232016225	5.434860006978747
