mae_mean	mae_single
5.365858867283227	5.331257236616089
