mae_mean	mae_single
5.7806498141001645	5.763855936739984
