mae_mean	mae_single
5.150059644039826	5.116703097878703
