mae_mean	mae_single
4.5264136345678265	4.5264136345678265
