mae_mean	mae_single
6.157230650549421	6.460335651509901
