mae_mean	mae_single
5.1748690426502915	5.478331373745551
