mae_mean	mae_single
5.1607344256359875	5.115238729838586
