mae_mean	mae_single
5.868187966834769	5.868635755733107
