mae_mean	mae_single
4.688099682994587	4.659481235001303
