mae_mean	mae_single
5.740214143092923	5.760342726650545
