mae_mean	mae_single
5.266643907391224	5.249019926328481
