mae_mean	mae_single
5.165713949072262	5.196489350150282
