mae_mean	mae_single
4.454655551657592	4.51839488278983
