mae_mean	mae_single
4.678404962486726	4.692554162015328
