mae_mean	mae_single
6.137610185244943	6.136215576275653
