mae_mean	mae_single
6.38884228010728	6.378517953564647
