mae_mean	mae_single
5.842310473046689	5.750230491378788
