mae_mean	mae_single
4.128919060317172	4.262189214411062
