mae_mean	mae_single
5.459046107268937	5.401196155838013
