mae_mean	mae_single
5.575668185595069	5.573005917471474
