mae_mean	mae_single
5.046063623764155	5.034486144161301
