mae_mean	mae_single
4.859071967166764	5.006005268369108
