mae_mean	mae_single
5.833715479864193	6.3413961494242574
