mae_mean	mae_single
4.600071166499847	4.62658395483223
