mae_mean	mae_single
5.4728207117333145	5.46723036438336
