mae_mean	mae_single
4.605178199205132	4.6581419306013085
