mae_mean	mae_single
5.723371667278896	5.746705014017363
