mae_mean	mae_single
4.997314740353032	5.084992329806838
