mae_mean	mae_single
6.0144126213688285	6.027520882413969
