mae_mean	mae_single
5.394493816140536	5.612354099934685
