mae_mean	mae_single
5.394510169119746	5.395203983433989
