mae_mean	mae_single
5.020996581208475	5.05053940733366
