mae_mean	mae_single
4.988523734977339	4.991679381131581
