mae_mean	mae_single
4.654607110792537	4.642915408145994
