mae_mean	mae_single
5.0469603359380475	4.9648587657774
