mae_mean	mae_single
5.165251672871563	5.123043767851328
