mae_mean	mae_single
6.0134218361481855	6.001343237585675
