mae_mean	mae_single
4.978104107213014	4.969994029028732
