mae_mean	mae_single
5.599524397224535	5.5137447982432235
