mae_mean	mae_single
5.945623893312365	6.135448162910719
