mae_mean	mae_single
5.280083880688645	5.280083880688645
