mae_mean	mae_single
5.636295297323188	5.6642766092190575
