mae_mean	mae_single
5.819580615817211	5.797455255224137
