mae_mean	mae_single
5.9088642071416695	5.902991682369574
