mae_mean	mae_single
5.379163006200829	5.408553497897156
