mae_mean	mae_single
5.212541296376516	5.335889101166445
