mae_mean	mae_single
5.48331810234279	5.399620744600199
