mae_mean	mae_single
5.518290183170696	5.519926370807611
