mae_mean	mae_single
5.850580725244596	5.876295633433163
