mae_mean	mae_single
5.393535745381078	5.288094807226995
