mae_mean	mae_single
5.40374114277063	5.430599068139432
