mae_mean	mae_single
4.482248803137257	4.583709373474743
