mae_mean	mae_single
4.862117249898132	5.070907393038864
