mae_mean	mae_single
5.566466384235186	5.614610819928892
