mae_mean	mae_single
4.737238532807417	4.722115056285208
