mae_mean	mae_single
6.111905836929988	6.1455921563153435
