mae_mean	mae_single
6.036337180908272	6.017247600839463
