mae_mean	mae_single
5.52641568277715	5.524130113683433
