mae_mean	mae_single
5.568669973108856	5.571676864465069
