mae_mean	mae_single
5.184654938051524	5.150563858239338
