mae_mean	mae_single
4.971176799578442	4.971176799578442
