mae_mean	mae_single
5.047875205016195	5.050327134479025
