mae_mean	mae_single
6.128344452649958	6.068834115473148
