mae_mean	mae_single
4.6696742494759835	4.763987891070634
