mae_mean	mae_single
5.92196829055265	5.92196829055265
