mae_mean	mae_single
5.45260950446048	5.4478936410491015
