mae_mean	mae_single
4.762585150324187	4.746493129815049
