mae_mean	mae_single
5.113084303303579	5.176221914879283
