mae_mean	mae_single
5.198213670790199	5.206059888939849
