mae_mean	mae_single
5.878102793904006	5.888256274345347
