mae_mean	mae_single
5.476320588225645	5.4780066945906025
