mae_mean	mae_single
5.191481324090973	5.221555746492807
