mae_mean	mae_single
6.057502145641118	6.082257202653312
