mae_mean	mae_single
5.38413779903998	5.39739634645471
