mae_mean	mae_single
5.223750274791165	5.221986619691103
