mae_mean	mae_single
5.008104400288561	5.055282974494027
