mae_mean	mae_single
4.239422877605253	4.340302562744845
