mae_mean	mae_single
4.964634477033794	5.01638931627733
