mae_mean	mae_single
5.512459515350793	5.449869207960763
