mae_mean	mae_single
5.249037061138888	5.304276719894879
