mae_mean	mae_single
5.911878726226614	5.939484422185453
