mae_mean	mae_single
4.469720534659345	4.377996984024851
