mae_mean	mae_single
5.227323452516325	5.22337539710883
