mae_mean	mae_single
4.304203143475539	4.364064031163703
