mae_mean	mae_single
6.016425234226236	5.888143084086065
