mae_mean	mae_single
4.911745829841752	4.895611364795721
