mae_mean	mae_single
5.530335800182906	5.477124317837321
