mae_mean	mae_single
5.1564604865417545	5.149860431046876
