mae_mean	mae_single
4.881467395280294	4.8851263485019745
