mae_mean	mae_single
4.200441355263759	4.221558911580824
