mae_mean	mae_single
4.708215117893476	4.750068469055497
