mae_mean	mae_single
5.394833842642169	5.45111629868807
