mae_mean	mae_single
4.815874970459591	4.910561682670257
