mae_mean	mae_single
5.514220696092014	5.516581287784007
