mae_mean	mae_single
5.687726691245928	6.092900756156763
