mae_mean	mae_single
5.147884176835128	5.121135135334607
