mae_mean	mae_single
4.387780136980106	4.467824579143166
