mae_mean	mae_single
5.462696406819234	5.822572556936206
