mae_mean	mae_single
5.0071402851976865	4.930785106492643
