mae_mean	mae_single
5.5604259530179485	5.861476171859583
