mae_mean	mae_single
3.9716136090051335	3.966641520319656
