mae_mean	mae_single
5.434771709375347	5.488106521228765
