mae_mean	mae_single
5.0762388241431315	5.028943120486251
