mae_mean	mae_single
5.423221009949124	5.441947713625632
