mae_mean	mae_single
4.918809182670716	4.918809182670716
