mae_mean	mae_single
5.248700103824046	5.248700103824046
