mae_mean	mae_single
5.249115441847925	5.417996036615044
