mae_mean	mae_single
5.501590221429185	5.777849595621566
