mae_mean	mae_single
4.906372952214649	4.9888179862800905
