mae_mean	mae_single
5.072322351428029	5.0941425736190995
