mae_mean	mae_single
5.612039611656402	5.554848920765454
