mae_mean	mae_single
4.358478575312449	4.9045204493924555
