mae_mean	mae_single
4.621716997281973	4.590897362034932
