mae_mean	mae_single
5.3651342289078725	5.331161698953752
