mae_mean	mae_single
5.165788479906844	5.1766923199062465
