mae_mean	mae_single
5.711585466796183	5.7114822822032885
