mae_mean	mae_single
5.369546573178076	5.379213289175431
