mae_mean	mae_single
5.197305609835669	5.193678358915779
