mae_mean	mae_single
4.605501742078067	4.604286002201162
