mae_mean	mae_single
5.365658152244859	5.354045483976562
