mae_mean	mae_single
5.197529710242876	5.197659567991392
