mae_mean	mae_single
5.356435011663492	5.377901130078068
