mae_mean	mae_single
5.646612730525398	5.874210411297088
