mae_mean	mae_single
4.596357243151959	4.8335298924342895
