mae_mean	mae_single
5.7167335824319165	5.693052542878397
