mae_mean	mae_single
5.474018990789667	5.479583772598727
