mae_mean	mae_single
5.69139505607553	5.683704104712459
