mae_mean	mae_single
5.291158871529882	5.3158565053540325
