mae_mean	mae_single
5.529563756767588	5.529329037300737
