mae_mean	mae_single
5.454030406702424	5.49082540967916
