mae_mean	mae_single
6.027414904766911	6.006398844655581
