mae_mean	mae_single
5.0596967237587	5.057100902841432
