mae_mean	mae_single
5.145686690023595	5.415898756602641
