mae_mean	mae_single
5.210954459411409	5.193997719284816
