mae_mean	mae_single
4.401742119872026	4.445205980490626
