mae_mean	mae_single
5.151447494841094	5.159799689482099
