mae_mean	mae_single
5.859221416516646	5.690954222330607
