mae_mean	mae_single
5.243590159637611	5.201533836966508
