mae_mean	mae_single
6.021605782222691	6.023859448184376
