mae_mean	mae_single
4.411199415343721	4.411199415343721
