mae_mean	mae_single
4.843865374095402	4.9178660784673935
