mae_mean	mae_single
5.331625267101757	5.3338143139297145
