mae_mean	mae_single
4.549204599849803	4.572845367017758
