mae_mean	mae_single
6.1803359577082695	6.220988722975554
