mae_mean	mae_single
5.676119288393573	5.5334465461920095
