mae_mean	mae_single
5.422851453736451	5.424622178991058
