mae_mean	mae_single
5.52894683869834	5.83060882853608
