mae_mean	mae_single
5.028180339925356	5.069513016355407
