mae_mean	mae_single
5.042877100425505	4.968144593591037
