mae_mean	mae_single
5.508971097321708	5.44295450067776
