mae_mean	mae_single
4.513282562986593	4.513991548118326
