{"c_mean": 0.8340651974086629, "c_single": 1.0, "mae_mean": 5.047918560749127, "mae_single": 3.756184815751973}