mae_mean	mae_single
6.0071108763456404	6.020963541945136
