mae_mean	mae_single
4.157849472480294	4.185927867477997
