mae_mean	mae_single
5.942648584801696	5.855335921230493
