mae_mean	mae_single
5.171146794405788	5.144509566891879
