mae_mean	mae_single
5.2192535408587934	5.741396907209083
