mae_mean	mae_single
5.1858658561369255	5.204260949038055
