mae_mean	mae_single
5.359279737587603	5.353432622700024
