mae_mean	mae_single
5.544584643690379	5.501601106854775
