mae_mean	mae_single
5.3621161913116	5.743681944904271
