mae_mean	mae_single
5.001373629080086	4.939573538754322
