mae_mean	mae_single
4.481807879384364	4.461940048983902
