mae_mean	mae_single
4.24306547388013	4.343249922794349
