mae_mean	mae_single
5.2137807948989865	5.254496181317367
