mae_mean	mae_single
5.413465560116328	5.530135314020979
