mae_mean	mae_single
5.0627663925777515	4.97912507508858
