mae_mean	mae_single
4.5752586646185485	4.636508613975068
