mae_mean	mae_single
5.923593975280976	5.920484481104794
