mae_mean	mae_single
5.857809761166026	5.977700305498227
