mae_mean	mae_single
5.326487072616247	5.322141153185956
