mae_mean	mae_single
5.587378274184343	5.591891509100501
