mae_mean	mae_single
4.3443614083753435	4.5431891926772545
