mae_mean	mae_single
6.043026350531114	6.043026350531114
