mae_mean	mae_single
5.472989112222449	5.474029209267577
