mae_mean	mae_single
4.454005993536062	4.4509488412752765
