mae_mean	mae_single
5.181724304684413	5.182811697318838
