mae_mean	mae_single
4.858800528987787	4.894424612734889
