mae_mean	mae_single
5.605276396081764	5.602906542721513
