mae_mean	mae_single
5.545905073661969	5.661404149733251
