mae_mean	mae_single
5.030373433560851	5.075130185461372
