mae_mean	mae_single
5.073695544920998	5.028674715546446
