mae_mean	mae_single
5.390149511252724	5.450814965507464
