mae_mean	mae_single
5.1864259664321635	5.133009335961546
