mae_mean	mae_single
4.865041665337877	4.861120409220569
