mae_mean	mae_single
5.124391058373298	5.132001313120015
