mae_mean	mae_single
5.354258514702102	5.444187146818575
