mae_mean	mae_single
5.328929597163566	5.3078735938223165
