mae_mean	mae_single
5.529872893362321	5.490227863099355
