mae_mean	mae_single
4.132042486693815	4.028506854104223
