mae_mean	mae_single
4.9373438987936025	4.7966770449773435
