mae_mean	mae_single
5.498557344496754	5.517993298864358
