mae_mean	mae_single
5.7657075421142805	5.816959261818402
