mae_mean	mae_single
4.56504947280707	4.439138444603248
