mae_mean	mae_single
5.778390601584878	5.733680551386671
