mae_mean	mae_single
5.937233326059429	5.959926977283449
