mae_mean	mae_single
4.9409250382379	4.9276453485431215
