mae_mean	mae_single
5.295484422539395	5.291881357708919
