mae_mean	mae_single
5.260606102187818	5.246724995790222
