mae_mean	mae_single
5.437399864325098	5.338036655178816
