mae_mean	mae_single
5.243491434056703	5.157378505437717
