mae_mean	mae_single
5.017206270093755	5.071871875769932
