mae_mean	mae_single
4.929040720836456	4.891766206216659
