mae_mean	mae_single
5.632181265322927	5.661501604005114
