mae_mean	mae_single
5.091490065778722	5.548155997097861
