mae_mean	mae_single
5.252829977581716	5.248498493542817
