mae_mean	mae_single
4.913074810670333	4.774370865092007
