mae_mean	mae_single
4.601048888870099	4.670540937592959
