mae_mean	mae_single
5.236078605255673	5.269863073306579
