mae_mean	mae_single
5.4852289201562865	5.427210578808748
