mae_mean	mae_single
4.699140998589554	4.835911896141483
