mae_mean	mae_single
5.389173858759892	5.391827263924854
