mae_mean	mae_single
4.8268741560066015	4.84830029510953
