mae_mean	mae_single
4.400125801305567	4.402102544722191
