mae_mean	mae_single
5.4173415556406335	5.384382005443074
