mae_mean	mae_single
5.180818412114206	5.21587269435032
