mae_mean	mae_single
5.400002240607059	5.414961156323205
