mae_mean	mae_single
4.350560707765653	4.353112680884205
