mae_mean	mae_single
5.260836139310206	5.258193297723947
