mae_mean	mae_single
5.693136720610444	6.134636770257159
