mae_mean	mae_single
5.14297214356868	5.181841827551435
