mae_mean	mae_single
6.194011909571829	6.186500559596884
