mae_mean	mae_single
4.406300000474275	4.406300000474275
