mae_mean	mae_single
5.3251306297000225	5.328503815446282
