mae_mean	mae_single
5.474468954594194	5.446420518316916
