mae_mean	mae_single
5.034052446313155	5.108034810052824
