mae_mean	mae_single
5.324208055836405	5.217315990874809
