mae_mean	mae_single
5.676794861153567	5.579663889461809
