mae_mean	mae_single
5.660367730766344	5.66647880366971
