mae_mean	mae_single
5.6023221606295985	5.578053908933438
