mae_mean	mae_single
5.484104361593412	5.466459515031459
