mae_mean	mae_single
5.561855203550948	5.701438999008295
