mae_mean	mae_single
4.579901627536346	5.031658874879242
