mae_mean	mae_single
5.196845387229135	5.195607806571363
