mae_mean	mae_single
5.8638983709858135	5.937389150456406
