mae_mean	mae_single
5.6537468005765845	5.56059945719599
