mae_mean	mae_single
5.1867456747926495	5.149327981007902
