mae_mean	mae_single
4.4128396756754995	4.57177007366158
