mae_mean	mae_single
5.026435700045486	5.12875762705674
