mae_mean	mae_single
4.913374501841104	4.910126404829974
