mae_mean	mae_single
4.6560468224022316	4.720748319426477
