mae_mean	mae_single
5.486952307891659	5.819506222254645
