mae_mean	mae_single
4.90128093652008	4.90128093652008
