mae_mean	mae_single
4.584021187786302	4.622347795234835
