mae_mean	mae_single
5.510593023627065	5.594483793980519
