mae_mean	mae_single
4.39142308792371	5.033046603066666
