mae_mean	mae_single
5.474525099925102	5.468615433902241
