mae_mean	mae_single
5.1770336386941915	5.177782700599359
