mae_mean	mae_single
4.921094196168915	5.021773818812014
