mae_mean	mae_single
5.264487523034501	5.234476578174912
