mae_mean	mae_single
4.998657891371573	5.257249186322654
