mae_mean	mae_single
5.308907024824547	5.45783911490399
