mae_mean	mae_single
4.8100474426076465	4.829637602059985
