mae_mean	mae_single
4.300866590781793	4.260386690914958
