mae_mean	mae_single
5.306406742709709	5.4703255951173135
