mae_mean	mae_single
4.192031864889883	4.597001214818962
