mae_mean	mae_single
5.453953409731273	5.45833701751289
