mae_mean	mae_single
5.621908159187586	5.942388402048573
