mae_mean	mae_single
4.964919632802491	4.959133662615558
