mae_mean	mae_single
5.592272073403723	5.635162656823244
