mae_mean	mae_single
5.1800977767770995	5.2413539427388045
