mae_mean	mae_single
5.806088150188898	5.806617444455668
