mae_mean	mae_single
5.298691975119366	5.417425657652464
