mae_mean	mae_single
5.680570517492865	5.651985307028698
