mae_mean	mae_single
5.136640082041321	5.124360417461932
