mae_mean	mae_single
5.4623139413034965	5.457666043025859
