mae_mean	mae_single
5.04990020643294	5.046009698401449
