mae_mean	mae_single
5.6037889967451875	5.58598658824508
