mae_mean	mae_single
5.961874871575809	6.1303755099606105
