mae_mean	mae_single
5.637714005099145	5.714612406981909
