mae_mean	mae_single
4.725949279441467	4.725949279441467
