mae_mean	mae_single
5.63102383523471	5.6384349870384085
