mae_mean	mae_single
5.76802536062974	5.7688123107920575
