mae_mean	mae_single
4.64188142880012	4.641785825176078
