mae_mean	mae_single
4.217774306805596	4.267195692937034
