mae_mean	mae_single
5.637087339911514	5.659461646806226
