mae_mean	mae_single
5.423388611212258	5.423584542138711
