mae_mean	mae_single
5.841974681891819	5.838949013358653
