mae_mean	mae_single
3.8706440958010093	4.190118940064753
