mae_mean	mae_single
5.744872401318859	5.756206073501247
