mae_mean	mae_single
5.088334363642126	4.980247326894873
