mae_mean	mae_single
4.4724796513146	4.452867191174175
