mae_mean	mae_single
5.3623596143113685	5.360035629018112
