mae_mean	mae_single
5.713743467579993	5.666121629283737
