mae_mean	mae_single
4.361079777599801	4.375832972606466
