mae_mean	mae_single
5.334372227449116	5.3026778841212145
