mae_mean	mae_single
5.7102297849825066	5.696378993965349
