mae_mean	mae_single
5.161758360848759	5.20482299288449
