mae_mean	mae_single
5.19410801995293	5.21243963624747
