mae_mean	mae_single
5.805068464664057	5.855053903657465
