mae_mean	mae_single
5.497710395322176	5.441377475657788
