mae_mean	mae_single
4.899322087636085	5.079434137557904
