mae_mean	mae_single
5.575961398329178	5.564813191797006
