mae_mean	mae_single
5.316924850860502	5.316924850860502
