mae_mean	mae_single
5.046602454099261	5.093104743309704
