mae_mean	mae_single
4.63410561147335	4.939493683756816
