mae_mean	mae_single
5.132605317088953	5.121414355914767
