mae_mean	mae_single
4.933131871368425	4.933131871368425
