mae_mean	mae_single
4.658926043582476	4.689349874344691
