mae_mean	mae_single
5.8451532292890915	5.880286161572981
