mae_mean	mae_single
5.56772728258486	5.578882702812788
