mae_mean	mae_single
5.691531661985171	5.725874341785172
