mae_mean	mae_single
4.510387509774299	4.560475021868714
