mae_mean	mae_single
5.205638840064833	5.0667077852759315
