mae_mean	mae_single
5.203240034984855	5.281535679953684
