mae_mean	mae_single
6.034203280013226	6.033610575273662
