mae_mean	mae_single
5.130884118837175	5.139365685816765
