mae_mean	mae_single
5.4434635030264396	5.5035966137554215
