mae_mean	mae_single
4.855182018019948	4.900753827656118
