mae_mean	mae_single
6.063361682124543	5.966156499306269
