mae_mean	mae_single
5.115094867255255	5.17749087516207
