mae_mean	mae_single
4.819540290362728	4.718036118746511
