mae_mean	mae_single
4.721866351649786	5.185083198449158
