mae_mean	mae_single
4.843410901901205	4.853422371823152
