mae_mean	mae_single
5.110608183936525	5.169944962897366
