mae_mean	mae_single
4.927738348028872	4.921747639466063
