mae_mean	mae_single
4.249536963535008	4.324525416941933
