mae_mean	mae_single
5.536005154945553	5.550560260373051
