mae_mean	mae_single
5.270039786047415	5.270800853632984
