mae_mean	mae_single
5.748078485867919	5.643479255396593
