mae_mean	mae_single
4.382232130878416	4.612338096115627
