mae_mean	mae_single
5.012614067837134	4.988997831868429
