mae_mean	mae_single
4.95298185160041	4.91826499881318
