{"gamma_mean": 1.1195671934380928e-07, "c_mean": 5804.409630294562, "mae_mean": 4.826493673649431, "gamma_single": 4e-07, "c_single": 5804.409630294562, "mae_single": 4.125454331073498}