mae_mean	mae_single
4.769459911901531	4.8670365608281445
