mae_mean	mae_single
5.814122574540612	5.827530154074082
