mae_mean	mae_single
5.216621889096462	5.177762460653098
