mae_mean	mae_single
5.122634704323344	5.143268511702972
