mae_mean	mae_single
4.646064104420631	4.533067282860271
