mae_mean	mae_single
4.9310123751674215	5.3080818186415275
