mae_mean	mae_single
6.017604195515136	6.02590138041351
