mae_mean	mae_single
5.4849096956621715	5.471613954509717
