mae_mean	mae_single
6.061315510614242	6.065684017489585
