mae_mean	mae_single
5.002305070398262	4.961907130976067
