mae_mean	mae_single
5.075743343760808	5.559225710579403
