mae_mean	mae_single
5.585806368420085	5.5996543266365055
