mae_mean	mae_single
5.650295028220264	5.592019363418371
