mae_mean	mae_single
5.057967627227515	5.057967627227515
