mae_mean	mae_single
4.989160093570644	5.0147691279059865
