mae_mean	mae_single
5.748089524735439	5.932925264399602
