mae_mean	mae_single
4.489627706044795	4.452343602349995
