mae_mean	mae_single
5.464141500625437	5.494882076026444
