mae_mean	mae_single
4.933562615172198	5.112208210794142
