mae_mean	mae_single
4.999175797965307	4.972598539065018
