mae_mean	mae_single
5.254732022927543	5.25609693990474
