mae_mean	mae_single
6.123623217370649	6.188783093619142
