mae_mean	mae_single
4.351456901934265	4.326534425711858
