mae_mean	mae_single
5.3798587895555805	5.374496751532768
