mae_mean	mae_single
5.817544219000356	5.852962634708163
