mae_mean	mae_single
4.361495798383937	4.469110023684546
