mae_mean	mae_single
4.758909261468939	4.712668325314024
