mae_mean	mae_single
4.603417958868691	4.715716274576932
