mae_mean	mae_single
4.5976362186079225	4.607601115757021
