mae_mean	mae_single
4.567803506121889	4.610065684187936
