mae_mean	mae_single
5.760921932337045	5.790239299775128
