mae_mean	mae_single
4.497832168644152	4.504730535744111
