mae_mean	mae_single
5.299774236396808	5.299022465508959
