mae_mean	mae_single
5.553772125464923	5.5228903860104115
