mae_mean	mae_single
4.378176000309681	4.398394155031592
