mae_mean	mae_single
5.496221926019981	5.566180437165732
