mae_mean	mae_single
4.92798219281708	5.268076564431582
