mae_mean	mae_single
4.779393433879525	4.955623155808891
