mae_mean	mae_single
5.463739877532803	5.492266016410122
