mae_mean	mae_single
5.606451300415043	5.605047918976887
