mae_mean	mae_single
5.181292589362714	5.237858788353237
