mae_mean	mae_single
4.85381395773036	4.934771686865206
