mae_mean	mae_single
5.496140406440079	5.459451489980518
