mae_mean	mae_single
5.117778710631207	5.212317288558205
