mae_mean	mae_single
4.785390299793139	4.810122695880065
