mae_mean	mae_single
4.91569254992398	4.893629781158647
