mae_mean	mae_single
4.896160243345062	4.885863290284604
