mae_mean	mae_single
5.464308247470262	5.354125723934706
