mae_mean	mae_single
5.024203627503073	5.172377079850376
