mae_mean	mae_single
5.014227945222125	5.014492785123847
