mae_mean	mae_single
4.857068503511504	4.798393875661662
