mae_mean	mae_single
2.5724468152514723	2.6125280535463937
