mae_mean	mae_single
2.3410978659902875	3.485560594713192
