mae_mean	mae_single
2.200203673425378	2.2299398591116053
