mae_mean	mae_single
6.503237454944144	7.7659292709144525
