mae_mean	mae_single
5.543357618079351	5.591684096554488
