mae_mean	mae_single
7.953358436117957	8.95785163980542
