mae_mean	mae_single
5.317216152567617	5.4863861517117956
