mae_mean	mae_single
7.435308281886615	7.607996759041588
