mae_mean	mae_single
1.2942416457056634	1.4930726255515765
