mae_mean	mae_single
1.7152660670335773	1.448864369923399
