mae_mean	mae_single
1.7095809701811884	1.5730144367718235
