mae_mean	mae_single
5.357134058186129	4.972545554723259
