mae_mean	mae_single
7.246671156028086	7.230767390253281
