mae_mean	mae_single
3.5363938735091622	3.215515552354276
