mae_mean	mae_single
6.748514044326441	6.645178261977928
