mae_mean	mae_single
9.242783531113991	9.22945776517255
