mae_mean	mae_single
6.745671316262178	6.710686281282986
