mae_mean	mae_single
4.239930315945226	6.008139712897356
