mae_mean	mae_single
4.6387608088263335	4.687583693759426
