mae_mean	mae_single
4.2492451736927634	4.377245772760233
