mae_mean	mae_single
3.8123309941241814	3.7182909403854203
