mae_mean	mae_single
3.0403172002935435	3.2250747826181794
