mae_mean	mae_single
4.368882307172238	4.312151686343417
