mae_mean	mae_single
4.727400870903954	4.929072131977368
