mae_mean	mae_single
2.515875828770026	2.696750035066979
