mae_mean	mae_single
8.013293987261179	8.10152943571021
