mae_mean	mae_single
4.031828468432981	3.9266642987255174
