mae_mean	mae_single
5.671539693789209	5.636889399999025
