mae_mean	mae_single
5.496976271257964	5.196579521935935
