mae_mean	mae_single
6.054426666785446	6.193055329758844
