mae_mean	mae_single
10.604707030725047	11.45787953384208
