mae_mean	mae_single
4.553799853838091	4.314725530418182
