mae_mean	mae_single
3.5667492192851236	3.6669982303101754
