mae_mean	mae_single
8.162232625450747	8.139509634146483
