mae_mean	mae_single
3.2701925434482697	3.3209023060026652
