mae_mean	mae_single
7.408544889985656	8.690370736803542
