mae_mean	mae_single
7.753016257888632	7.675756522980985
