mae_mean	mae_single
3.336843168888483	3.843419462721627
