mae_mean	mae_single
4.893730154614225	3.4196823470960283
