mae_mean	mae_single
3.4569071806434644	2.8924223598300216
