mae_mean	mae_single
4.070235162793239	3.916898289983777
