mae_mean	mae_single
5.77859207323074	5.8485868234108125
