mae_mean	mae_single
3.561105591509834	2.7890152510541006
