mae_mean	mae_single
3.449456903018652	3.5960798964865717
