mae_mean	mae_single
5.908731888545627	5.629093884811094
