mae_mean	mae_single
4.520794714361291	4.532170760849691
