mae_mean	mae_single
4.456300735060172	4.769887185259823
