mae_mean	mae_single
5.6113427870305985	6.986363072350258
