mae_mean	mae_single
2.8874759378980173	2.8403825803926424
