mae_mean	mae_single
6.7191325938781175	6.590712377674912
