mae_mean	mae_single
3.381767884572947	3.0406885729802204
