mae_mean	mae_single
4.010200908584959	3.9618958181891912
