mae_mean	mae_single
5.809013238418402	5.127639355667758
