mae_mean	mae_single
3.3443954872950976	3.31925622722189
