mae_mean	mae_single
4.716135789783571	4.647535953994115
