mae_mean	mae_single
3.433559568393555	5.007788988822443
