mae_mean	mae_single
8.997073863393666	7.999382413467781
