mae_mean	mae_single
2.5527463184627663	2.5527463184627663
