mae_mean	mae_single
2.0283308688430566	2.1168427527198546
