mae_mean	mae_single
5.660949874166775	5.801350638859266
