mae_mean	mae_single
2.490647153524771	2.3296860284349776
