mae_mean	mae_single
4.748918199197415	4.800539193858223
