mae_mean	mae_single
7.8596239180726215	8.353821031460486
