mae_mean	mae_single
7.091054804650047	6.672125046181468
