mae_mean	mae_single
2.4102829722967556	2.506529567418511
