mae_mean	mae_single
5.1528845106029975	4.886686723164459
