mae_mean	mae_single
5.049790977693692	4.730383052163956
