mae_mean	mae_single
3.6573707025655913	3.304206230480441
