mae_mean	mae_single
3.25521990463308	3.870035670571184
