mae_mean	mae_single
3.094195526640116	2.9040502291079093
