mae_mean	mae_single
4.831875053779565	5.604848308342208
