mae_mean	mae_single
9.913058834673345	9.328415673305804
