mae_mean	mae_single
4.5093538251156815	4.5403035235950995
