mae_mean	mae_single
2.943500195583752	2.5144432335539193
