mae_mean	mae_single
11.88530030133125	11.447560586052646
