mae_mean	mae_single
4.321824536092261	4.309883568088405
