mae_mean	mae_single
8.45465811027505	8.293983566169318
