mae_mean	mae_single
3.2896107630866	3.2896107630866
