mae_mean	mae_single
3.8348306118256374	4.031350183457012
