mae_mean	mae_single
4.801948227766341	5.019080234346656
