mae_mean	mae_single
2.5330534969654273	2.8170497408416018
