mae_mean	mae_single
5.544853667370615	4.870624783437229
