mae_mean	mae_single
1.7687559570865048	1.1230048929387095
