mae_mean	mae_single
6.520532682927834	6.5171968356770575
