mae_mean	mae_single
5.029756026954118	4.73975666179192
