mae_mean	mae_single
8.170824374391628	10.242431841695042
