mae_mean	mae_single
6.494407399752599	6.7954689073922765
