mae_mean	mae_single
6.350180048611908	6.04047784499582
