mae_mean	mae_single
6.143395623818951	6.245912141166722
