mae_mean	mae_single
4.753585927565095	4.837430700343894
