mae_mean	mae_single
4.070822391098592	4.327759010806607
