mae_mean	mae_single
6.064985113392285	5.95021543661677
