mae_mean	mae_single
6.367864267507211	6.168066330638273
