mae_mean	mae_single
3.343075017366322	5.877410704173215
