mae_mean	mae_single
5.63622864578348	5.743359982038029
