mae_mean	mae_single
7.761578080402472	7.999242331455453
