mae_mean	mae_single
7.5377220166319745	8.156122177495561
