mae_mean	mae_single
2.765332498738568	2.7426802916910495
