mae_mean	mae_single
5.539494529159775	5.472844441104613
