mae_mean	mae_single
6.759565250706761	7.000223625227316
