mae_mean	mae_single
4.444601948077121	4.689662608233543
