mae_mean	mae_single
7.884804184235985	8.432835047011386
