mae_mean	mae_single
4.35421721122852	3.2691366399037776
