mae_mean	mae_single
3.6863169938874925	3.1422247445702993
