mae_mean	mae_single
5.558213707580094	5.608762591829698
