mae_mean	mae_single
5.787037807267258	6.251109750545733
