mae_mean	mae_single
2.5165164230611388	3.073662090806233
