mae_mean	mae_single
3.440391563545807	3.694224745074019
