mae_mean	mae_single
3.3916786471290314	3.1313634726904573
