mae_mean	mae_single
3.5989224985315644	2.820016931689892
