mae_mean	mae_single
2.81929499574305	2.7724497941339856
