mae_mean	mae_single
5.292491864716268	6.338150228865047
