mae_mean	mae_single
1.8125578650911602	1.5179046097609898
