mae_mean	mae_single
4.222688845725514	3.971638398689914
