mae_mean	mae_single
0.7128210004934346	1.4908085559144222
