mae_mean	mae_single
6.24007784829422	6.192300915592971
