mae_mean	mae_single
8.17620546027363	8.20149357174366
