mae_mean	mae_single
5.78423084120741	6.044935539619661
