mae_mean	mae_single
2.5822531883205593	3.0400992364031176
