mae_mean	mae_single
3.4712741675883145	4.022577921454906
