mae_mean	mae_single
5.134774719254158	5.180883467572106
