mae_mean	mae_single
6.822224241184095	7.052253325087129
