mae_mean	mae_single
2.931009627470923	2.9207462410405185
