mae_mean	mae_single
4.684525371773965	3.4848184887811158
