mae_mean	mae_single
5.693166267476253	6.368196317679846
