mae_mean	mae_single
9.12227649622701	7.254947630401252
