mae_mean	mae_single
3.2183050172293264	3.2918542537536033
