mae_mean	mae_single
2.958399973676805	3.1537931319433263
