mae_mean	mae_single
5.956762370347207	6.020065978097581
