mae_mean	mae_single
7.623207856637296	7.461653355927919
