mae_mean	mae_single
1.8775114535615576	1.7791656919439542
