mae_mean	mae_single
3.5829488416300066	3.604681076044469
