mae_mean	mae_single
3.990035413867209	3.911530451379884
