mae_mean	mae_single
5.412212314538304	5.1676132250224684
