mae_mean	mae_single
4.6438329070475435	4.764050636132434
