mae_mean	mae_single
5.436776355656889	5.363729126972378
