mae_mean	mae_single
4.654976992622345	5.412711511060969
