mae_mean	mae_single
7.0597979055126245	6.949171854781359
