mae_mean	mae_single
1.2576277277096608	2.5616217023975594
