mae_mean	mae_single
6.813352847503107	7.180078949892746
