mae_mean	mae_single
6.837118611058844	6.7557604630843215
