mae_mean	mae_single
6.610799364582768	8.389710429578756
