mae_mean	mae_single
2.506885150613423	2.3886207650170093
