mae_mean	mae_single
1.9549841149444045	2.1262214342858434
