mae_mean	mae_single
7.075717646271559	6.257737953876185
