mae_mean	mae_single
3.472550390837687	3.339198975753144
