mae_mean	mae_single
1.5449181826443876	1.7426991823021254
