mae_mean	mae_single
4.3531318287934795	4.109912196505898
