mae_mean	mae_single
7.7449638982883755	7.526973206101975
