mae_mean	mae_single
6.7528269337584605	6.3614067796353355
