mae_mean	mae_single
6.69198007025112	6.6896786310874985
