mae_mean	mae_single
6.268880491727752	6.21312472306407
