mae_mean	mae_single
2.9649818670493033	3.098060667223043
