mae_mean	mae_single
4.916457847316043	4.899304673508875
