mae_mean	mae_single
4.84056481237386	4.453649593926997
