mae_mean	mae_single
3.873737667944598	3.892800817368233
