mae_mean	mae_single
5.930405518520956	5.953189149769419
