mae_mean	mae_single
6.731159562508566	5.9945283845732815
