mae_mean	mae_single
3.625601197017602	4.936302439007766
