mae_mean	mae_single
4.578068907078976	4.6879479129129225
