mae_mean	mae_single
2.768781068539269	3.5018514332003243
