mae_mean	mae_single
3.455056500965995	2.938112467661057
