mae_mean	mae_single
1.8496290616015092	1.5139242386800522
