mae_mean	mae_single
2.2517253231142953	2.2517253231142953
