mae_mean	mae_single
3.835770524579573	5.045597588630372
