mae_mean	mae_single
4.503147197149758	3.693119180216575
