mae_mean	mae_single
6.93680827573652	7.063530026497749
