mae_mean	mae_single
3.367017454603603	2.8211403283782346
