mae_mean	mae_single
6.652723836562989	6.578806660579654
