mae_mean	mae_single
3.8412973391855587	3.8370008659138506
