mae_mean	mae_single
6.267609970285659	5.532493754892265
