mae_mean	mae_single
4.996156763652725	4.546684101261415
