mae_mean	mae_single
4.964940042350567	6.516637908099838
