mae_mean	mae_single
10.640764602512114	10.769754977913964
