mae_mean	mae_single
2.1150527372899526	2.1076702631061486
