mae_mean	mae_single
1.611212884441386	1.5732046708355512
