mae_mean	mae_single
4.88465961378814	4.761846883112507
