mae_mean	mae_single
10.993034770338697	10.82435213510219
