mae_mean	mae_single
3.222593148915029	3.2744083166694082
