mae_mean	mae_single
4.014876462918366	3.8648858697502675
