mae_mean	mae_single
7.872767305077758	7.314683719687106
