mae_mean	mae_single
7.695068901496953	7.504347520472829
