mae_mean	mae_single
2.60195393025243	3.6993007059990695
