mae_mean	mae_single
10.438222421729856	11.961063765249321
