mae_mean	mae_single
4.872999062269386	5.152801043820124
