mae_mean	mae_single
4.022471233510463	4.582870417878908
