mae_mean	mae_single
4.673170909819935	4.893642665651797
