mae_mean	mae_single
3.0901099471007663	2.277703098429915
