mae_mean	mae_single
2.0936236424074437	2.08125906063821
