mae_mean	mae_single
3.403467504983811	4.057432464890721
