mae_mean	mae_single
8.196699885445762	7.454179118424942
