mae_mean	mae_single
4.082573744740718	3.9608599547855285
