mae_mean	mae_single
4.433473114252304	4.647156338183602
