mae_mean	mae_single
7.471566712441148	7.433804356989462
