mae_mean	mae_single
4.054651572090577	4.113203147370622
