mae_mean	mae_single
6.569735648455558	6.6311228735676435
