mae_mean	mae_single
3.6905879195296905	3.669603852128219
