mae_mean	mae_single
6.970405546046417	7.4319864643713345
