mae_mean	mae_single
5.2195415100614895	5.60501997483694
