mae_mean	mae_single
2.005234778360318	1.0714173580034583
