mae_mean	mae_single
6.913771521631456	6.457649521151907
