mae_mean	mae_single
5.185251994057045	5.9313711153125865
