mae_mean	mae_single
6.469363650004158	6.469363650004158
