mae_mean	mae_single
2.6851804661096232	3.7085949399764195
