mae_mean	mae_single
5.415982476763413	5.595007850716698
