mae_mean	mae_single
7.9634657462405825	7.5915376266106875
