mae_mean	mae_single
0.7225030809622316	0.7859671439366025
