mae_mean	mae_single
1.3608977963530247	1.3608977963530247
