mae_mean	mae_single
2.109685367668741	2.1482016333215057
