mae_mean	mae_single
6.900004765622595	6.959631279835347
