mae_mean	mae_single
1.9571835352798814	2.0424129551126904
