mae_mean	mae_single
9.008775248511279	9.716065121385364
