mae_mean	mae_single
6.43315660935891	7.334665045533718
