mae_mean	mae_single
5.232519592782832	5.04779508214321
