mae_mean	mae_single
3.4218085666148332	4.172288009131435
