mae_mean	mae_single
6.182327794526723	6.370564764725955
