mae_mean	mae_single
7.337272165119212	7.515362898929898
