mae_mean	mae_single
7.460477335044594	8.589151139359744
