mae_mean	mae_single
2.2772752303888026	3.4112388367228768
