mae_mean	mae_single
5.095217351522142	5.158793142385169
