mae_mean	mae_single
8.86742628150609	9.551932373465254
