mae_mean	mae_single
2.631437732237463	2.4027471046405915
