mae_mean	mae_single
0.7051193925305957	0.9659741192967696
