mae_mean	mae_single
4.988821978460469	5.266974376693535
