mae_mean	mae_single
9.928080959026957	10.568707787796342
