mae_mean	mae_single
4.083674503204854	4.143989273193718
