mae_mean	mae_single
3.5091290439824547	3.3508536876598165
