mae_mean	mae_single
7.4370835087050935	7.22004885444245
