mae_mean	mae_single
6.802007275779904	7.286689040391328
