mae_mean	mae_single
6.403550398408716	7.574593039855746
