mae_mean	mae_single
4.128603105710262	4.074891301523681
