mae_mean	mae_single
5.929041858686233	6.096014943493718
