mae_mean	mae_single
4.652972975753855	4.649513912689092
