mae_mean	mae_single
4.789857787755722	5.002043195691679
