mae_mean	mae_single
5.006998721844053	5.75389223569605
