mae_mean	mae_single
3.4989735915396096	1.699409418959495
