mae_mean	mae_single
2.4232190254297783	2.372864330356672
