mae_mean	mae_single
2.740614592974533	3.0631254745203336
