mae_mean	mae_single
4.652733841904474	4.268344412176153
