mae_mean	mae_single
3.6384066863375275	3.7157034151143478
