mae_mean	mae_single
5.2937496782661055	5.5396781310985075
