mae_mean	mae_single
1.5651120567043886	1.1274928726049136
