mae_mean	mae_single
12.250879634152342	11.983615566556805
