mae_mean	mae_single
7.001651940433963	6.679282585938107
