mae_mean	mae_single
3.5207132717047926	3.7792956191955276
