mae_mean	mae_single
3.5777029868023456	3.5384615533499613
