mae_mean	mae_single
5.061859262772832	5.5415211824127555
