mae_mean	mae_single
6.45341619709053	6.598253122648001
