mae_mean	mae_single
6.261009480134348	7.137458556618365
