mae_mean	mae_single
3.3449854415317333	3.870791945611112
