y	y_hat	y_index
67.9479452054795	70.81268880213501	42
70.086301369863	67.66960621244274	43
82.17005428820563	76.7681762677519	44
