y	y_hat	y_index
68.3904109589041	68.05661578809872	633
63.8479452054794	66.69826905031181	634
76.186301369863	73.08954945827846	635
