y	y_hat	y_index
71.1260273972603	79.66000763845454	591
74.3780821917808	73.68429477337946	592
80.1958904109589	74.23808028223598	593
