y	y_hat	y_index
71.972602739726	72.05363245393654	555
69.9260273972603	73.37804089452717	556
84.5342465753425	80.17297659010752	557
