y	y_hat	y_index
78.3452054794521	75.82000032410237	303
63.5232876712329	66.47998186549884	304
79.3643835616438	68.21172190914764	305
