y	y_hat	y_index
83.2643835616438	81.7765128708947	519
84.6671232876712	82.75883355907992	520
70.8287671232877	73.29755904878054	521
