y	y_hat	y_index
69.9506849315069	70.23034128985799	288
70.7260273972603	65.30825367879692	289
71.3424657534247	69.38165687485088	290
