y	y_hat	y_index
76.7452054794521	76.06146996710942	734
79.7643835616438	82.30307381818389	735
