y	y_hat	y_index
64.2	74.14570846955012	549
87.6397260273973	77.49927444135257	550
74.5684931506849	71.03635129104647	551
