y	y_hat	y_index
61.2698630136986	67.77252092188833	141
74.2808219178082	79.06936536748961	142
62.8753424657534	68.93683363150448	143
