y	y_hat	y_index
73.8917808219178	75.00098687080764	351
76.6506849315069	81.40161979219344	352
81.2698630136986	81.42542643920318	353
