y	y_hat	y_index
64.4452054794521	74.13051244280734	153
72.4493150684931	72.68803171135133	154
67.958904109589	72.2170831160874	155
