y	y_hat	y_index
72.7013698630137	71.85331513906019	57
77.8342465753425	69.41068008331034	58
79.7643835616438	78.89070112391063	59
