y	y_hat	y_index
57.7369863013699	68.3458679679417	678
72.0013698630137	71.11946846185215	679
75.572602739726	66.5520299742828	680
