y	y_hat	y_index
62.1780821917808	68.52119566509168	318
58.9424657534247	70.60781232335673	319
65.5671232876712	72.07113636760317	320
