y	y_hat	y_index
74.1342465753425	71.12729888460676	420
74.4698630136986	74.15437254280398	421
78.1808219178082	80.40727094098237	422
