y	y_hat	y_index
66.8643835616438	74.01473976108032	126
75.458904109589	74.51050619359067	127
79.2753424657534	74.07367723843133	128
