y	y_hat	y_index
54.2739726027397	81.61300184350725	522
74.8164383561644	74.76075469661642	523
61.9561643835616	71.3140903857031	524
