y	y_hat	y_index
79.1424657534247	79.42524463543346	513
73.2616438356164	76.96786564640671	514
64.3027397260274	74.33325176268814	515
