y	y_hat	y_index
69.4753424657534	69.5804319251847	276
65.8753424657534	76.0536766405536	277
72.6452054794521	76.29328056636324	278
