y	y_hat	y_index
68.9616438356164	72.19762724363373	180
76.7671232876712	71.0329932665409	181
72.4479452054795	71.31700627081632	182
