y	y_hat	y_index
70.1808219178082	73.08327102344349	675
64.9561643835616	70.41994659768402	676
67.3671232876712	69.266317667758	677
