y	y_hat	y_index
88.2643835616438	76.01203099495571	606
73.7821917808219	69.52109753185398	607
82.4534246575342	78.89093126243685	608
