y	y_hat	y_index
70.1534246575342	71.12627310955958	710
78.7479452054795	70.35174291395694	711
