y	y_hat	y_index
69.0561643835616	69.05934400703629	216
59.4041095890411	71.01237277430693	217
73.4232876712329	71.07652895426	218
