y	y_hat	y_index
72.2068493150685	78.52980211457809	718
72.7780821917808	76.24258970149965	719
