y	y_hat	y_index
73.9424657534247	73.30211372585909	390
71.9041095890411	69.71611010306097	391
70.8260273972603	78.03263220830976	392
