y	y_hat	y_index
82.3698630136986	82.81888588189416	294
84.4671232876712	75.77458422436284	295
75.7643835616438	63.90098967184582	296
