y	y_hat	y_index
60.0232876712329	71.71229789717832	366
81.7013698630137	76.78149416279462	367
71.0506849315069	74.90847172889468	368
