y	y_hat	y_index
64.3424657534247	70.28605716570186	672
70.9534246575342	66.8638234199522	673
72.6397260273973	68.7139997499949	674
