y	y_hat	y_index
62.7808219178082	67.88889940185413	234
81.3232876712329	75.50467676265609	235
76.0616438356164	73.07204980176014	236
