y	y_hat	y_index
69.4808219178082	74.02748300701582	609
83.6205479452055	73.91957065291025	610
75.1643835616438	73.34061976858828	611
