y	y_hat	y_index
76.8506849315069	81.2958217021707	699
77.1630136986301	74.99952859233755	700
70.4534246575342	75.34929461605478	701
