y	y_hat	y_index
75.4452054794521	72.06040923611849	120
65.2424657534247	70.49350407675315	121
78.686301369863	66.04897152257493	122
