y	y_hat	y_index
73.2808219178082	72.08239167098526	468
76.3424657534247	74.78288809067475	469
77.7643835616438	69.725623975622	470
