y	y_hat	y_index
61.8561643835616	67.4098325551622	252
69.7780821917808	72.31575898812488	253
75.8479452054795	72.3180771695904	254
