y	y_hat	y_index
57.0643835616438	73.0735410759543	582
87.2232876712329	79.69436053176163	583
82.7671232876712	74.38291413391661	584
