y	y_hat	y_index
55.8671232876712	64.2908725728704	657
84.5506849315069	72.37222623048304	658
62.3821917808219	67.14395812542399	659
