y	y_hat	y_index
65.658904109589	68.60310752824377	504
65.0328767123288	69.62376899281128	505
67.5315068493151	70.02563620227681	506
