y	y_hat	y_index
76.1753424657534	73.698584334432	117
68.3068493150685	73.10460053279002	118
75.3452054794521	79.59458814796587	119
