y	y_hat	y_index
83.9095890410959	81.5201032376378	108
77.3616438356164	80.54802493368278	109
79.1082191780822	74.81525379034687	110
