y	y_hat	y_index
76.1780821917808	76.48135593837334	240
80.1794520547945	78.23123665221041	241
73.6506849315069	72.01944914356653	242
