y	y_hat	y_index
77.9479452054795	77.69540808244287	405
67.3671232876712	68.13296283128453	406
65.5315068493151	71.536423780636	407
