y	y_hat	y_index
75.8753424657534	73.93565565096696	708
71.0753424657534	72.22549201625573	709
