y	y_hat	y_index
89.0698630136986	73.63167761645366	570
77.2260273972603	69.76568855912346	571
79.5616438356164	87.97778686542419	572
