y	y_hat	y_index
81.0643835616438	80.64819482798754	21
79.0342465753425	80.23377234137247	22
71.7452054794521	82.17412036852096	23
