y	y_hat	y_index
64.5616438356164	66.13596041458098	279
71.158904109589	69.20075498089105	280
77.0643835616438	71.4758976684257	281
