y	y_hat	y_index
71.258904109589	74.10445671356908	612
57.6616438356164	67.55597170532694	613
72.7671232876712	78.81027125438362	614
