y	y_hat	y_index
74.6013698630137	73.90819166819466	333
76.2835616438356	70.50857635249311	334
73.958904109589	72.70972714999611	335
