y	y_hat	y_index
78.986301369863	85.62036490767763	105
72.2095890410959	70.75536973177617	106
78.9657534246575	81.37439135214198	107
