y	y_hat	y_index
61.0424657534247	71.88989789425541	444
68.058904109589	67.94966772204256	445
74.9260273972603	73.49688660850666	446
