y	y_hat	y_index
70.4698630136986	77.0773774044113	516
86.6369863013699	81.99863479349584	517
77.8835616438356	76.16395393414558	518
