y	y_hat	y_index
81.8821917808219	75.90355342972778	636
63.9753424657534	73.99820243718668	637
76.5616438356164	74.01615877456362	638
