y	y_hat	y_index
71.9643835616438	71.92371394619384	585
71.3479452054795	73.02124406363284	586
83.0616438356164	77.22606304003627	587
