y	y_hat	y_index
71.9671232876712	71.8659483348494	81
69.7095890410959	65.52797353762045	82
69.2260273972603	65.45327645522866	83
