y	y_hat	y_index
71.0041095890411	78.78595569439719	528
76.4753424657534	73.96604615579355	529
68.4643835616438	68.5870636490928	530
