y	y_hat	y_index
74.0315068493151	69.15713319987361	408
76.5150684931507	76.87559624237477	409
65.0561643835616	70.52151064275141	410
