y	y_hat	y_index
70.472602739726	73.25851712549637	471
76.4232876712329	78.43043072550837	472
85.1547945205479	81.15482307818097	473
