y	y_hat	y_index
65.2657534246575	69.458843190805	36
77.6616438356164	78.2245822854245	37
67.958904109589	65.11577183464831	38
