y	y_hat	y_index
71.727397260274	74.06512537222169	72
71.8561643835616	74.9543618872944	73
66.3780821917808	68.4628120279406	74
