y	y_hat	y_index
63.0808219178082	63.15117222976414	54
61.558904109589	69.88993080929347	55
61.9958904109589	73.15611144808199	56
