y	y_hat	y_index
79.5808219178082	75.17372120902733	213
68.0506849315069	78.46511653134266	214
80.1835616438356	74.7595518194729	215
