y	y_hat	y_index
80.8287671232877	83.41605925508432	102
75.1794520547945	75.9420051832314	103
80.1808219178082	71.5605609364401	104
