y	y_hat	y_index
71.4780821917808	76.79721633896175	525
65.6561643835616	75.37797135672545	526
71.9479452054795	75.62723763001736	527
