y	y_hat	y_index
77.758904109589	73.73273981965872	381
77.1369863013699	77.64028452347628	382
89.5616438356164	74.60788414839526	383
