y	y_hat	y_index
65.6616438356164	69.35353726814414	447
54.9205479452055	69.33041651596928	448
81.3506849315069	74.92383055397752	449
