y	y_hat	y_index
70.4616438356164	73.4222460608701	645
88.4753424657534	76.40355869373374	646
78.0616438356164	70.7881049872299	647
