y	y_hat	y_index
76.3123287671233	80.64536511893736	639
82.2054794520548	80.62064310395323	640
70.2630136986301	73.22034091974488	641
