y	y_hat	y_index
64.0794520547945	68.14763856674246	732
69.558904109589	72.56350534465936	733
