y	y_hat	y_index
74.4616438356164	74.92820211028877	111
69.0452054794521	70.38201613123547	112
77.5369863013699	75.25766183876657	113
