y	y_hat	y_index
71.3835616438356	72.9179373925605	429
78.072602739726	73.15823566066666	430
70.8835616438356	79.40128475143278	431
