y	y_hat	y_index
58.1808219178082	70.41853109213042	435
61.7849315068493	70.70198127135113	436
76.0561643835616	73.63205156816778	437
