y	y_hat	y_index
62.1205479452055	75.55770474502462	411
68.9890410958904	71.41182096589553	412
77.9397260273973	70.51492845601413	413
