y	y_hat	y_index
84.1397260273973	73.80466244155207	552
75.3260273972603	74.43532005250711	553
78.4013698630137	73.96851626342766	554
