y	y_hat	y_index
88.7369863013699	77.98910616688373	384
75.8534246575342	77.47297458642332	385
87.758904109589	83.04683537053552	386
