y	y_hat	y_index
66.6397260273973	71.17784342845842	432
76.1780821917808	72.09167545166714	433
68.9479452054795	72.48737578057646	434
