y	y_hat	y_index
83.058904109589	74.40710552467282	159
72.3657534246575	76.92346462297401	160
70.4698630136986	72.15517335751761	161
