y	y_hat	y_index
71.4753424657534	70.36887154025328	600
74.6616438356164	81.66050956468615	601
76.0095890410959	71.05553020928532	602
