y	y_hat	y_index
69.1876712328767	69.46368254707345	9
77.5616438356164	76.92507271782566	10
59.7616438356164	71.51712794080545	11
