y	y_hat	y_index
77.9424657534247	75.44517543052196	264
75.3808219178082	70.2239052521486	265
67.6109589041096	70.51889173066162	266
