y	y_hat	y_index
85.458904109589	78.16547363577536	579
65.3698630136986	70.74293181319614	580
78.5808219178082	82.16227007478726	581
