y	y_hat	y_index
79.5232876712329	73.16657969737001	477
71.7657534246575	68.85727873930254	478
60.718372666497935	73.76444053339537	479
