y	y_hat	y_index
66.4260273972603	72.65791690789017	60
63.7506849315068	68.90331087125686	61
62.258904109589	67.36531747298295	62
