y	y_hat	y_index
78.6	70.62810645372797	39
85.3780821917808	78.33333091417403	40
72.2452054794521	72.31782873643564	41
