y	y_hat	y_index
63.9821917808219	70.12211022249824	87
78.2808219178082	73.92161470540755	88
65.772602739726	69.23840806351605	89
