y	y_hat	y_index
79.2616438356164	76.65988869409891	171
79.386301369863	84.55880195987297	172
61.7808219178082	70.98941580878108	173
