y	y_hat	y_index
74.4808219178082	72.35548312706318	144
82.1643835616438	73.64324940113828	145
82.6643835616438	82.89471420144606	146
