y	y_hat	y_index
73.7452054794521	70.64582169881999	450
69.6534246575342	73.58928063040891	451
77.1232876712329	72.09111372420833	452
