y	y_hat	y_index
79.3561643835616	73.99049963405135	399
73.9616438356164	71.32239707371865	400
75.3972602739726	73.5915941550358	401
