y	y_hat	y_index
71.6835616438356	73.42909553651204	156
77.872602739726	77.7784658619429	157
70.7671232876712	71.09496176009836	158
