y	y_hat	y_index
77.9342465753425	75.59211258151639	687
66.4232876712329	69.9762768943614	688
80.6397260273973	74.3241437559722	689
