y	y_hat	y_index
72.772602739726	79.13345084476568	285
77.4232876712329	71.57221208937764	286
54.9671232876712	66.7950815625598	287
