y	y_hat	y_index
75.1452054794521	71.36129841562672	423
75.6369863013699	75.4061295424797	424
74.7534246575342	72.16757745997364	425
