y	y_hat	y_index
70.3369863013699	72.92788329698202	6
66.4616438356164	73.20935295865723	7
75.8643835616438	71.54159011878248	8
