y	y_hat	y_index
66.4369863013699	69.80280851685163	712
65.5671232876712	73.28029013050902	713
