y	y_hat	y_index
85.5397260273973	76.59851723267938	249
74.372602739726	72.00673577912652	250
67.4616438356164	67.26140801719508	251
