y	y_hat	y_index
78.5369863013699	72.75835756457228	642
67.9986301369863	70.34954577601356	643
56.272602739726	68.54908019124085	644
