y	y_hat	y_index
79.8520547945206	81.94076979638527	66
90.2561643835616	71.09420527657333	67
71.058904109589	73.06727877440196	68
