y	y_hat	y_index
68.5342465753425	69.47524811698183	306
78.1452054794521	72.12797104178806	307
69.458904109589	72.53385459217091	308
