y	y_hat	y_index
80.8671232876712	71.20214958583331	192
72.1698630136986	76.71646696031655	193
77.9698630136986	73.37479918697119	194
