y	y_hat	y_index
76.3424657534247	75.48721460058088	702
74.7041095890411	86.82491710182144	703
80.4616438356164	78.03337834347809	704
