y	y_hat	y_index
77.658904109589	72.6111379513976	132
75.7808219178082	79.12189619803105	133
77.5698630136986	74.98659134441608	134
