y	y_hat	y_index
77.8150684931507	74.4288503996036	378
75.5671232876712	72.94846595025722	379
82.0287671232877	79.57575756701962	380
