y	y_hat	y_index
55.0041095890411	69.57977775223154	534
72.4780821917808	73.0203837957483	535
81.058904109589	76.01947609511258	536
