y	y_hat	y_index
63.4369863013699	68.37688495519882	480
68.7287671232877	70.2004788404443	481
81.4616438356164	82.52197492520519	482
