y	y_hat	y_index
73.4287671232877	74.99130843037801	243
67.4643835616438	70.76911590107561	244
75.3602739726027	70.05251167773773	245
