y	y_hat	y_index
70.1027397260274	74.56852809908675	716
87.0808219178082	83.04811994348202	717
