y	y_hat	y_index
62.8698630136986	71.12020490062929	177
80.3534246575342	75.12088786112199	178
63.7506849315068	70.50482019695042	179
