y	y_hat	y_index
74.7287671232877	75.19681635377712	594
55.8808219178082	74.40728020240202	595
68.1643835616438	70.39702898537523	596
