y	y_hat	y_index
67.3013698630137	73.93035452535992	186
73.9671232876712	71.73381654755792	187
69.6671232876712	76.68230747936052	188
