y	y_hat	y_index
75.7315068493151	73.24441252112132	573
63.8178082191781	73.56143192794498	574
70.572602739726	73.49125763584641	575
