y	y_hat	y_index
59.6616438356164	70.84602755667532	345
87.6534246575342	76.52741074755536	346
70.5123287671233	65.79640065262721	347
