y	y_hat	y_index
69.5534246575342	77.20075641887755	30
71.3808219178082	71.47837448770998	31
60.6616438356164	73.19545525649156	32
