y	y_hat	y_index
79.2452054794521	70.83346533543983	720
81.8671232876712	86.67698187282447	721
