y	y_hat	y_index
71.2506849315069	72.6955546702859	219
62.9616438356164	69.67052028947728	220
70.8780821917808	73.45744495954796	221
