y	y_hat	y_index
67.9041095890411	73.49538329965831	705
70.4397260273973	76.94179917607217	706
62.8479452054794	71.4546126430551	707
