y	y_hat	y_index
68.872602739726	70.57270214538606	270
78.2671232876712	70.49943486703064	271
71.158904109589	73.78660168858734	272
