y	y_hat	y_index
69.4808219178082	75.62689900889445	453
80.072602739726	71.70262100447523	454
61.686301369863	74.16146413370699	455
