y	y_hat	y_index
61.9780821917808	68.73117500930488	300
73.2616438356164	69.62627595861387	301
80.6506849315069	77.47676148294963	302
