y	y_hat	y_index
64.9753424657534	68.16438337157437	12
74.3616438356164	74.19343993539637	13
64.4315068493151	69.73668985696814	14
