y	y_hat	y_index
70.1616438356164	66.02363171249901	669
81.0835616438356	73.7677482895028	670
59.1671232876712	65.04907402991324	671
