y	y_hat	y_index
75.758904109589	80.07102656953798	327
61.7671232876712	71.8927879600357	328
80.8534246575342	75.58200484448102	329
