y	y_hat	y_index
66.7369863013699	71.58911469327315	663
58.772602739726	72.40511390371802	664
63.0	66.25537391218899	665
