y	y_hat	y_index
72.7835616438356	74.26896409349465	198
82.1753424657534	78.7816756946335	199
74.2671232876712	72.80103429658028	200
