y	y_hat	y_index
79.2232876712329	76.07659147884604	360
56.4287671232877	73.92622570896164	361
87.2835616438356	76.11359532972125	362
