y	y_hat	y_index
65.2561643835616	73.96642064718729	456
75.6808219178082	72.38274459861688	457
74.9835616438356	73.6229930214721	458
