y	y_hat	y_index
86.4643835616438	73.03877926920516	201
69.7808219178082	77.79484556842101	202
75.7835616438356	81.71076318946518	203
