y	y_hat	y_index
72.8506849315069	67.00029293567236	660
57.1780821917808	69.03780811550351	661
63.4232876712329	69.3675823043836	662
