y	y_hat	y_index
78.4671232876712	77.69205966503561	222
74.5424657534247	68.02989027466016	223
76.0369863013699	77.04534469618548	224
