y	y_hat	y_index
73.558904109589	73.47137290163107	369
65.086301369863	72.03792543072562	370
70.6671232876712	75.84043519214643	371
