y	y_hat	y_index
82.3917808219178	76.3850899075457	246
74.1849315068493	70.21207974897646	247
55.4164383561644	78.41599999493556	248
