y	y_hat	y_index
85.4698630136986	74.19310416085122	724
78.7397260273973	77.15017166152685	725
