y	y_hat	y_index
73.6780821917808	73.94345258203597	255
72.5534246575342	77.97736006040557	256
72.3643835616438	71.72463325176413	257
