y	y_hat	y_index
71.2369863013699	73.60043798949359	324
63.8479452054794	67.92456444438766	325
79.6890410958904	75.82843331774168	326
