y	y_hat	y_index
56.3027397260274	73.32876452943913	483
64.5808219178082	65.15010043250768	484
79.1671232876712	76.3223680632731	485
