y	y_hat	y_index
67.9671232876712	69.95421949742219	48
84.1506849315069	76.35116422986533	49
67.5671232876712	68.10168106691606	50
