y	y_hat	y_index
69.6178082191781	68.03240214391359	558
82.9027397260274	80.72508325049799	559
72.3260273972603	72.33584802959535	560
