y	y_hat	y_index
72.3616438356164	78.64920723594713	147
73.5780821917808	71.35885327856548	148
84.4452054794521	75.16487221693944	149
