y	y_hat	y_index
83.3780821917808	75.42310927677856	138
60.6835616438356	66.787753490645	139
84.7506849315069	76.19668364342262	140
