y	y_hat	y_index
90.272602739726	77.31144736618387	666
66.4561643835616	66.08874694550883	667
71.5643835616438	76.66599762150575	668
