y	y_hat	y_index
78.2671232876712	75.23388283892137	459
84.3452054794521	75.72992434557861	460
81.8397260273973	75.617960498979	461
