y	y_hat	y_index
69.9479452054795	71.06513792411107	162
75.9671232876712	77.17974453858845	163
81.4821917808219	73.28461861842337	164
