y	y_hat	y_index
83.0164383561644	76.25873010981795	426
72.8671232876712	70.22116614394787	427
74.9616438356164	75.32363815944585	428
