y	y_hat	y_index
73.9808219178082	72.8133907201256	96
84.0424657534247	72.40300085312253	97
75.572602739726	75.87235356325795	98
