y	y_hat	y_index
86.3917808219178	86.42146692102997	654
72.5780821917808	67.34611248438557	655
78.9753424657534	69.7413731109221	656
