y	y_hat	y_index
89.2780821917808	77.6235888889879	438
77.0643835616438	73.6403776527713	439
77.1397260273973	74.85711181726091	440
