y	y_hat	y_index
84.3616438356164	76.60859931357481	168
85.5369863013699	80.76996638125678	169
75.0671232876712	76.91663220878365	170
