y	y_hat	y_index
73.8643835616438	75.35995109040124	207
75.0397260273973	80.11019544935651	208
91.3068493150685	74.7876795612943	209
