y	y_hat	y_index
74.8452054794521	72.46591759636723	27
57.6315068493151	69.11435049648406	28
71.5794520547945	73.2730765067118	29
