y	y_hat	y_index
65.8205479452055	67.93916533955715	498
80.8698630136986	80.13872418924487	499
70.5616438356164	66.65622408507889	500
