y	y_hat	y_index
68.0479452054795	71.71923433201593	75
81.6397260273973	73.90754890983962	76
68.2753424657534	77.68230104886884	77
