y	y_hat	y_index
84.2205479452055	75.11388479251583	210
72.3534246575342	68.78236176387816	211
79.672602739726	80.52293816872734	212
