y	y_hat	y_index
76.1506849315069	75.72020964565759	540
64.5643835616438	71.80798357315847	541
87.1643835616438	79.14090008065929	542
