y	y_hat	y_index
84.2808219178082	72.88834680096197	465
60.0534246575343	67.54696228955156	466
78.058904109589	77.53682590844001	467
