y	y_hat	y_index
81.7643835616438	72.91933944531009	291
88.9342465753425	76.13164344209218	292
68.7479452054795	70.99069519461722	293
