y	y_hat	y_index
71.4671232876712	67.35751585761652	588
78.1986301369863	84.16588926380908	589
62.5698630136986	74.90769659414458	590
