y	y_hat	y_index
80.3753424657534	74.2180995920604	258
74.3452054794521	73.76623650399783	259
75.058904109589	77.15319284719297	260
