y	y_hat	y_index
79.1986301369863	73.06626466863314	135
74.7835616438356	72.12518700646868	136
71.8890410958904	73.46902253210072	137
