y	y_hat	y_index
72.63989854950165	75.17708956041128	90
82.0780821917808	73.9290990546428	91
78.1698630136986	75.12183044050929	92
