y	y_hat	y_index
75.5616438356164	75.71598797847844	387
79.1671232876712	72.66593569635488	388
79.2534246575342	77.68711261278897	389
