y	y_hat	y_index
67.6643835616438	70.45990371029205	231
78.3698630136986	70.6827630784785	232
71.958904109589	76.22565756766878	233
