y	y_hat	y_index
89.5835616438356	79.52067794080503	63
67.7328767123288	70.40029892548144	64
61.5369863013699	71.03231505514367	65
