y	y_hat	y_index
62.2616438356164	68.85277910723846	375
82.627397260274	75.36055192643364	376
78.9479452054795	75.79130672957429	377
