y	y_hat	y_index
76.0424657534247	78.88565346795079	630
61.5917808219178	69.23794349454529	631
75.7424657534247	70.28016768287543	632
