y	y_hat	y_index
76.3561643835616	72.21657948000438	537
69.1780821917808	63.310724005277144	538
82.6424657534247	78.3886510607903	539
