y	y_hat	y_index
72.1712328767123	76.85131205578466	393
73.1013698630137	74.08505886848579	394
75.7835616438356	81.03501351830373	395
