y	y_hat	y_index
83.8205479452055	75.44873904934109	93
75.0342465753425	74.76579399870032	94
77.4808219178082	78.85108995196705	95
