y	y_hat	y_index
88.2561643835616	79.44083572249643	99
72.158904109589	76.78248594669543	100
75.7808219178082	74.97297781838755	101
