y	y_hat	y_index
69.3534246575342	75.41478488404906	315
81.0150684931507	75.67285909795595	316
60.6232876712329	72.45460974438843	317
