y	y_hat	y_index
82.2808219178082	72.85264351689527	597
81.1958904109589	74.71580658451502	598
61.0643835616438	67.53755333942078	599
