y	y_hat	y_index
65.286301369863	68.38055353838823	681
73.8438356164384	67.4499669009209	682
73.4260273972603	75.00967027180664	683
