y	y_hat	y_index
86.3630136986301	81.59830821828052	51
82.672602739726	71.17071319149093	52
71.6808219178082	74.6248780844497	53
