y	y_hat	y_index
68.2205479452055	66.19352227218711	726
70.8342465753425	73.36177136310172	727
