y	y_hat	y_index
79.5698630136986	70.78687694102204	441
77.7753424657534	76.42361775167578	442
72.4849315068493	76.75606540339416	443
