y	y_hat	y_index
83.1506849315069	73.03429467222037	546
71.7506849315069	74.6760368121213	547
71.5260273972603	73.94293878916835	548
