y	y_hat	y_index
61.0178082191781	70.90228042321533	507
78.4780821917808	74.59151277314147	508
77.2479452054795	78.4978997483351	509
