y	y_hat	y_index
70.9232876712329	71.95167429240897	174
61.7808219178082	66.39563334304528	175
74.0095890410959	71.84692529675175	176
