y	y_hat	y_index
88.5698630136986	76.87290036792376	261
76.8657534246575	70.44422453933899	262
87.7698630136986	70.23245364079818	263
