y	y_hat	y_index
63.6616438356164	73.05830437436892	462
73.0424657534247	73.05147717029418	463
63.5506849315069	68.29342034523562	464
