y	y_hat	y_index
72.1630136986301	73.98359024402082	615
83.8506849315069	80.76509255522168	616
72.4424657534247	73.4078474375884	617
