y	y_hat	y_index
73.5849315068493	72.0362334921625	297
63.0780821917808	68.67436242817384	298
61.8246575342466	72.87463462334361	299
