y	y_hat	y_index
66.7328767123288	77.03787892569659	189
80.5041095890411	78.89163366599257	190
59.9506849315068	65.4602465103457	191
