y	y_hat	y_index
70.1068493150685	68.55724575711348	24
85.2808219178082	85.56231171965561	25
77.3808219178082	77.66508673559755	26
