y	y_hat	y_index
61.8616438356164	80.09831998352264	474
68.1561643835616	69.33156710856886	475
76.2698630136986	76.17222952177967	476
