y	y_hat	y_index
67.9342465753425	71.06077540530302	693
78.5287671232877	75.12815149703775	694
88.3315068493151	72.84683481016793	695
