y	y_hat	y_index
69.9835616438356	69.64921246237459	0
72.5561643835616	72.3874794525767	1
71.3616438356164	69.726214946582	2
