y	y_hat	y_index
55.1616438356164	72.05226983721785	354
83.2534246575342	79.6249840955613	355
78.4397260273973	81.78073477217683	356
