y	y_hat	y_index
73.6616438356164	74.74817139329922	336
73.6465753424658	74.7523850868713	337
75.0671232876712	71.82178699448603	338
