y	y_hat	y_index
80.2794520547945	71.3651484865984	396
77.6616438356164	74.90824367915683	397
61.0	69.29046778503329	398
