y	y_hat	y_index
81.8835616438356	79.62004614409314	501
73.558904109589	73.18102961210953	502
63.3452054794521	71.45266200712018	503
