y	y_hat	y_index
75.8260273972603	70.26913165782453	237
75.1342465753425	69.57415359985656	238
66.7178082191781	70.58928979521455	239
