y	y_hat	y_index
69.2013698630137	70.1282497553138	648
72.2397260273973	67.36077437806982	649
70.4753424657534	69.05032509049072	650
