y	y_hat	y_index
83.1890410958904	82.57524442092026	495
59.6452054794521	72.00458067361895	496
70.7876712328767	76.91809216626135	497
