y	y_hat	y_index
75.8890410958904	76.19890146229588	33
85.7260273972603	70.55329280974382	34
75.7424657534247	74.59498785310859	35
