y	y_hat	y_index
67.0835616438356	73.81447204045719	114
80.8643835616438	79.07130254183116	115
56.9643835616438	68.63387083273525	116
