y	y_hat	y_index
56.4835616438356	70.66270608582913	15
79.4849315068493	72.8775040930568	16
73.6328767123288	77.43640451288005	17
