y	y_hat	y_index
79.5657534246575	79.60782086137492	372
75.2452054794521	69.9805572320895	373
80.9849315068493	65.38043055279007	374
