y	y_hat	y_index
68.2808219178082	72.5677165884604	627
80.5767123287671	79.73879864349661	628
74.2643835616438	74.24339371646576	629
