y	y_hat	y_index
75.2835616438356	69.93183384555019	84
75.2424657534247	67.80050273565398	85
74.1780821917808	74.71819721995604	86
