y	y_hat	y_index
66.3630136986301	73.99187950937767	267
68.9452054794521	66.22677348845905	268
58.2931506849315	70.81547645310276	269
