y	y_hat	y_index
75.8616438356164	75.16569713716447	165
70.7643835616438	67.68915345856745	166
73.372602739726	67.87344969995199	167
