y	y_hat	y_index
73.1616438356164	70.81185874079377	567
56.3643835616438	69.83138632008153	568
74.6534246575342	71.6673825999376	569
