y	y_hat	y_index
61.2780821917808	71.70985070842318	714
87.6616438356164	78.23725043420487	715
