y	y_hat	y_index
67.7616438356164	72.48348332104752	492
79.2890410958904	76.66437879659259	493
69.8643835616438	72.17279682860286	494
