y	y_hat	y_index
70.8616438356164	75.34466899802457	330
84.7424657534247	73.94322100114319	331
62.7643835616438	71.96881152330636	332
