y	y_hat	y_index
60.1671232876712	70.69272928897344	489
76.5342465753425	80.90795437812407	490
69.172602739726	74.53176973691757	491
