y	y_hat	y_index
65.8616438356164	70.42132755400215	69
73.2753424657534	75.57656157536071	70
79.3780821917808	72.72954342832459	71
