y	y_hat	y_index
59.4616438356164	66.15684483713069	624
70.8178082191781	68.47357865732076	625
67.7397260273973	69.04866617308161	626
