y	y_hat	y_index
66.6753424657534	77.09779483871438	225
73.5808219178082	74.62634501339929	226
78.8835616438356	74.04120804541701	227
