y	y_hat	y_index
73.8342465753425	70.82300833412613	321
74.3890410958904	72.82404837757632	322
70.8041095890411	71.3566215400542	323
