y	y_hat	y_index
73.258904109589	67.93581425438785	339
84.1643835616438	72.37890953884748	340
84.4616438356164	86.40362010345466	341
