y	y_hat	y_index
71.8424657534247	73.76089080400052	684
75.9369863013699	69.41920309497817	685
72.9849315068493	72.1385531838965	686
