y	y_hat	y_index
69.4178082191781	77.2108007027406	618
65.9890410958904	67.56171843071189	619
83.1808219178082	75.7124633751004	620
