y	y_hat	y_index
78.1698630136986	75.42173264805615	690
79.0479452054795	76.73115136983921	691
77.3452054794521	75.1404726044455	692
