y	y_hat	y_index
55.8479452054794	72.78101139282842	510
77.0383561643836	78.76125827231559	511
72.3232876712329	71.61900737524232	512
