y	y_hat	y_index
77.1260273972603	72.87291885009186	195
70.1260273972603	68.13508902075829	196
81.5424657534247	75.53879144287299	197
