y	y_hat	y_index
80.3013698630137	81.39181368301507	531
73.0534246575342	75.23587948731489	532
69.1986301369863	67.7761926166552	533
