y	y_hat	y_index
84.5356164383562	71.9325557247757	18
69.3849315068493	72.6532636880641	19
71.1561643835616	73.07598804432916	20
