y	y_hat	y_index
71.8698630136986	70.39491352241443	204
62.7616438356164	66.5624863239037	205
85.8753424657534	75.86548239075846	206
