y	y_hat	y_index
73.9561643835616	72.0700175070851	728
79.9397260273973	73.6585238974641	729
