y	y_hat	y_index
83.9643835616438	80.47725461233351	312
84.8671232876712	77.79844818020176	313
70.9643835616438	64.84554649568325	314
