y	y_hat	y_index
64.0534246575342	75.05758940461884	357
73.0602739726027	69.47995427288612	358
65.3561643835616	71.51299450165475	359
