y	y_hat	y_index
79.6849315068493	74.16292149192937	651
68.8616438356164	74.41935583836857	652
64.9712328767123	71.61770652467709	653
