y	y_hat	y_index
72.986301369863	70.38295134290622	309
72.7424657534247	72.36754710477068	310
61.9534246575342	73.49685041904499	311
