y	y_hat	y_index
65.086301369863	69.30463309515767	183
69.1657534246575	73.06270789886055	184
71.6835616438356	69.38119667082027	185
