y	y_hat	y_index
72.8643835616438	73.76032941484017	722
73.8041095890411	71.16254352806446	723
