y	y_hat	y_index
65.4931506849315	70.91688923215285	228
73.3301369863014	70.72504595848893	229
68.2506849315069	68.52819856209089	230
