y	y_hat	y_index
73.5479452054795	76.7278385612597	564
87.5506849315069	80.64054348451289	565
72.8506849315069	74.19764311110524	566
