y	y_hat	y_index
82.3958904109589	81.6329157260155	273
74.7342465753425	72.98753093143887	274
72.158904109589	77.19684126705205	275
