y	y_hat	y_index
70.3246575342466	85.5643004197711	342
79.1698630136986	73.1260025714416	343
78.8383561643836	72.39350889882313	344
