y	y_hat	y_index
74.2698630136986	74.6860446810668	150
66.9780821917808	67.18333893952193	151
82.0616438356164	77.05054789004106	152
