y	y_hat	y_index
72.1260273972603	82.85671752842174	78
82.5109589041096	75.42506889031182	79
60.6205479452055	69.40624664476455	80
