y	y_hat	y_index
78.0616438356164	75.09663535850129	417
69.9986301369863	74.76241001902231	418
80.2712328767123	71.7633842922485	419
