y	y_hat	y_index
70.4219178082192	72.98996237636118	603
65.9424657534247	71.73574231122741	604
68.1698630136986	71.8391446135088	605
