y	y_hat	y_index
60.672602739726	70.43012255604253	576
75.5	76.06140198449269	577
57.6835616438356	77.10381634704642	578
