y	y_hat	y_index
76.4410958904109	73.82688475324288	282
66.9931506849315	71.79000602471135	283
79.5643835616438	73.9127984049061	284
