y	y_hat	y_index
80.9534246575342	76.538918644859	561
79.9452054794521	77.77727530673597	562
72.3808219178082	71.21649853823786	563
