y	y_hat	y_index
71.2808219178082	69.47419396916928	730
76.0232876712329	73.7732538821857	731
