y	y_hat	y_index
71.8452054794521	73.32955829762189	402
80.1986301369863	79.82293944318262	403
78.3561643835616	69.85103839263708	404
