y	y_hat	y_index
84.2698630136986	82.09811146151301	129
71.172602739726	73.48546348836646	130
82.9561643835616	69.2774966840313	131
