y	y_hat	y_index
64.7698630136986	68.64263673229163	45
77.7643835616438	75.7613016203504	46
60.7616438356164	64.55356762247504	47
