y	y_hat	y_index
71.5671232876712	68.6991786317278	123
70.7616438356164	75.04415326379221	124
81.4342465753425	71.67601472211126	125
