y	y_hat	y_index
75.8780821917808	73.39983481265507	3
71.2671232876712	72.49649552715059	4
61.0808219178082	67.58360481415451	5
