y	y_hat	y_index
76.6808219178082	72.84421057888281	363
86.5808219178082	78.5825318097005	364
77.4479452054795	74.66384946570443	365
