y	y_hat	y_index
75.1452054794521	73.9346739988804	621
67.7561643835616	73.04195623146167	622
61.972602739726	71.35752844605254	623
