y	y_hat	y_index
77.9849315068493	72.35959658355925	414
70.7671232876712	72.6708660971665	415
71.4780821917808	75.00795544065792	416
