y	y_hat	y_index
74.9643835616438	73.58356063765575	696
73.8616438356164	67.11628372997525	697
75.1808219178082	74.4120593462895	698
