y	y_hat	y_index
76.7041095890411	67.8235262569836	348
73.2479452054795	79.79837834220271	349
67.3205479452055	73.06892519296267	350
