y	y_hat	y_index
76.3397260273973	76.28931076949273	543
83.2342465753425	79.46660418161035	544
64.7561643835616	73.65789767976055	545
