y	y_hat	y_index
73.958904109589	73.43402745046544	486
83.258904109589	73.78218650971871	487
68.2780821917808	72.93046677415137	488
