mae_mean	mae_single
4.886263042995945	5.184829518115836
