mae_mean	mae_single
5.7709346751749635	5.780086791302713
