mae_mean	mae_single
5.507255458966548	5.726085749749245
