mae_mean	mae_single
5.591218947046562	5.650117750026921
