mae_mean	mae_single
6.066488994826104	6.0583708624683625
