mae_mean	mae_single
4.599320902590961	4.623117559699543
