mae_mean	mae_single
5.52615392000492	5.511346087619091
