mae_mean	mae_single
5.16042638429627	5.223894761402951
