mae_mean	mae_single
5.351409866399883	5.409891903324053
