mae_mean	mae_single
4.7869349367684855	4.749773693321837
