mae_mean	mae_single
4.874310800226686	4.875421135014639
