mae_mean	mae_single
5.674403332177961	5.694963466445994
