mae_mean	mae_single
5.388721249478347	5.4812846605359065
