mae_mean	mae_single
5.234575968124877	5.330483949536094
