mae_mean	mae_single
4.654294191685714	4.66575956461584
