mae_mean	mae_single
4.930688774358875	5.772004606140826
