mae_mean	mae_single
4.312790747376672	4.417648003402448
