mae_mean	mae_single
4.141403405828905	4.1479206674919835
