mae_mean	mae_single
5.6667223517291605	5.6574279445523725
