mae_mean	mae_single
5.902564432925833	5.896401900007254
