mae_mean	mae_single
5.876505039326398	5.984732368986669
