{"c_mean": 2.4299648977032295, "c_single": 0.31622776601683794, "mae_mean": 5.457995977539713, "mae_single": 3.791978235312646}