mae_mean	mae_single
4.034400122156844	4.153521073669158
