mae_mean	mae_single
5.170640151946589	5.234923736805613
