mae_mean	mae_single
4.994483684027841	5.015795345284695
