mae_mean	mae_single
5.658255573490953	5.685834516059526
