mae_mean	mae_single
5.388530750522901	5.572673227797166
