mae_mean	mae_single
6.500116450423813	6.499530097035211
