mae_mean	mae_single
5.562546104673023	5.584643955515653
