mae_mean	mae_single
5.154736328108573	5.1920252434837115
