mae_mean	mae_single
5.422789682313155	5.414060880135039
