mae_mean	mae_single
5.302449142643601	5.412156958135107
