mae_mean	mae_single
6.078024794242689	6.078575436571788
