mae_mean	mae_single
5.685679097520864	5.685679097520864
