mae_mean	mae_single
5.8404108157417625	5.966877473050355
