mae_mean	mae_single
5.464290851548023	5.473186445225344
