mae_mean	mae_single
5.779155676815862	5.879352378956264
