mae_mean	mae_single
5.785605364073903	5.862911028221177
