mae_mean	mae_single
5.330609628666103	5.386435359677156
