mae_mean	mae_single
5.307889280640606	5.2895640246365465
