mae_mean	mae_single
4.870685159826396	4.888892095726989
