mae_mean	mae_single
3.8476673172101266	3.9209546711841936
