mae_mean	mae_single
5.362048113433091	5.701404703444136
