mae_mean	mae_single
4.561822547578827	4.561822547578827
