mae_mean	mae_single
5.5624572059451145	5.564799161007618
