mae_mean	mae_single
4.863143735866631	4.8826807934978165
