mae_mean	mae_single
5.446326717437871	5.23307268703587
