mae_mean	mae_single
4.641893583868219	4.633563826530679
