mae_mean	mae_single
4.412069352323558	4.4043349317751055
