mae_mean	mae_single
6.060284279202833	6.43188159469729
