mae_mean	mae_single
5.078118528010771	5.064689482203832
