mae_mean	mae_single
5.281114350476162	5.348551365939156
