mae_mean	mae_single
5.291850406538793	5.305166572355361
