mae_mean	mae_single
5.7436912510383475	5.768346494186835
