mae_mean	mae_single
5.059462551376732	5.062989710934934
