mae_mean	mae_single
5.119064948881081	5.164205904658795
