mae_mean	mae_single
5.2198893888299915	5.172134315817663
