mae_mean	mae_single
5.406168485051974	5.417819866312287
