mae_mean	mae_single
5.869964017643949	5.828090403623938
