mae_mean	mae_single
5.208984782591135	5.057552533238757
