mae_mean	mae_single
5.834517835660923	5.82837909097231
