mae_mean	mae_single
5.137660368174349	5.1956145233264515
