mae_mean	mae_single
4.439481177652563	4.380146815829823
