mae_mean	mae_single
4.436694602968453	4.547379442070804
