mae_mean	mae_single
5.504292780038935	5.74659232794904
