mae_mean	mae_single
5.495860714140618	5.3931916315411135
