mae_mean	mae_single
5.589537480569062	5.67673864755254
