mae_mean	mae_single
5.086261657223478	4.967286378671521
