mae_mean	mae_single
5.17819401707483	5.1783933594958125
