mae_mean	mae_single
5.549725990896706	5.5734053975642315
