mae_mean	mae_single
4.765504614093655	4.76010527417162
