mae_mean	mae_single
5.730602885629236	6.049008159169019
