mae_mean	mae_single
5.083715828755059	4.992640140996324
