mae_mean	mae_single
5.009244557390819	5.4063756251151975
