mae_mean	mae_single
4.170933048438711	4.240759380273885
