mae_mean	mae_single
5.894693516494444	5.90650172132053
