mae_mean	mae_single
5.227053206590314	5.210544220687099
