mae_mean	mae_single
5.542553697084182	5.535588415174903
