mae_mean	mae_single
4.32416924087579	4.260692073988543
