mae_mean	mae_single
5.723866339658876	5.7890921748996265
