mae_mean	mae_single
5.875801472770724	5.890379093907054
