{"c_mean": 0.7402867904919354, "c_single": 3.1622776601683795, "mae_mean": 5.038883873818492, "mae_single": 3.757107930033445}