mae_mean	mae_single
5.044759941737867	5.054609357540993
