mae_mean	mae_single
5.381445161287274	5.274822949503668
