mae_mean	mae_single
6.218028934663342	6.454526389907949
