mae_mean	mae_single
5.128146629286671	6.0028780126540395
