mae_mean	mae_single
5.258834926588738	5.212993679786451
