mae_mean	mae_single
5.147446845218392	5.384929209444927
