mae_mean	mae_single
5.439249773025412	5.459248083591688
