mae_mean	mae_single
5.262007998696302	5.23064135132063
