mae_mean	mae_single
5.42043556575156	5.4169615716173505
