mae_mean	mae_single
4.599168127319373	4.5418169208973005
