mae_mean	mae_single
4.871291892606004	4.880986853838061
