mae_mean	mae_single
5.842984033021711	5.821469002715796
