mae_mean	mae_single
5.995081642202537	5.995081642202537
