mae_mean	mae_single
3.904528350379417	3.9541194314517187
