mae_mean	mae_single
4.830297201583411	4.799333170312176
