mae_mean	mae_single
4.766818349069194	4.8929578507687514
