mae_mean	mae_single
5.736196320519192	5.733319920099821
