mae_mean	mae_single
4.429859770256335	4.450416295137706
