mae_mean	mae_single
5.554743924551646	5.5078734138406045
