mae_mean	mae_single
5.091233174617614	5.111122377509208
