mae_mean	mae_single
4.839275884755672	4.824778944632319
