mae_mean	mae_single
5.406168285643363	5.287400847521219
