mae_mean	mae_single
4.388060939707108	4.399847321191954
