mae_mean	mae_single
5.372276616549828	5.372276616549828
