mae_mean	mae_single
5.485848589601556	5.590542119616647
