mae_mean	mae_single
5.511614799442845	5.128755886921973
