mae_mean	mae_single
6.512033090617521	6.507506660411503
