mae_mean	mae_single
5.015880284411557	5.0355154929545565
