mae_mean	mae_single
4.938465447193839	5.103868491501467
