mae_mean	mae_single
5.252015161495829	5.38850076863999
