mae_mean	mae_single
5.706646912617222	5.711306298023503
