mae_mean	mae_single
5.192332756711564	5.1796733341920165
