mae_mean	mae_single
4.469717316138403	4.4660271840993655
