mae_mean	mae_single
5.056895807559489	5.1023732272449305
