mae_mean	mae_single
4.5788495959621205	5.752187900682309
