mae_mean	mae_single
5.922540908969646	5.919425906553905
