mae_mean	mae_single
5.663640824468504	5.641730403162409
