mae_mean	mae_single
5.459724679753165	5.429127531451533
