mae_mean	mae_single
5.687666599782637	5.570831076683755
