mae_mean	mae_single
5.942379102494047	5.9551313364031415
