mae_mean	mae_single
5.5526941982434375	5.391680211982043
