mae_mean	mae_single
5.398755846926398	5.832283653330384
