mae_mean	mae_single
5.172024735767353	5.229818498489535
