mae_mean	mae_single
5.741639427824887	5.74426168149185
