mae_mean	mae_single
5.5493303789806605	5.7444301676864855
