mae_mean	mae_single
4.938106367710056	4.938106367710056
