mae_mean	mae_single
4.6785997361529805	4.699935198509102
