mae_mean	mae_single
4.425920347082585	4.862510865105213
