mae_mean	mae_single
4.921518485860565	4.779123329802212
