mae_mean	mae_single
4.769545425687282	4.769545425687282
