mae_mean	mae_single
5.144091749191039	5.2061958105901045
