mae_mean	mae_single
5.689326387501048	5.735778355701707
