mae_mean	mae_single
4.886816372595903	4.947408359415365
