mae_mean	mae_single
5.1771652826866585	5.226512154732549
