mae_mean	mae_single
6.3069555220249045	6.325723282158719
