mae_mean	mae_single
5.85464973367438	5.822246216161719
