mae_mean	mae_single
5.054060998936374	4.931606029079311
