mae_mean	mae_single
4.30965040125461	4.243679461444717
