mae_mean	mae_single
5.568463194336347	5.561850533692133
