mae_mean	mae_single
4.499599768737778	4.558568699488972
