mae_mean	mae_single
4.993806048711567	5.623332690111175
