mae_mean	mae_single
5.370953734113567	5.374908720562703
