mae_mean	mae_single
4.87684269790256	5.129128219501928
