mae_mean	mae_single
4.796318468249089	4.844767690485758
