mae_mean	mae_single
5.110527011317638	5.1388054207178255
