mae_mean	mae_single
5.698807460362651	5.740446121595009
