mae_mean	mae_single
5.9456590173605814	5.94407443147566
