mae_mean	mae_single
4.853899408072378	4.8212485484966905
