mae_mean	mae_single
6.058015762025348	5.645101450867431
