mae_mean	mae_single
4.254143502429357	4.298852655324547
