mae_mean	mae_single
5.441868583092903	5.532843753735659
