mae_mean	mae_single
5.490419004568783	5.552292206063188
