mae_mean	mae_single
5.662138453451969	6.060273087875737
