mae_mean	mae_single
5.45116716294373	5.397212691877823
