mae_mean	mae_single
5.2158674426788805	5.22822717295034
