mae_mean	mae_single
4.763252445805131	4.88724059584369
