mae_mean	mae_single
5.536690577516725	5.56813734148552
