mae_mean	mae_single
4.769188658618536	4.773087008124698
