mae_mean	mae_single
6.073742355338763	5.879473565891301
