mae_mean	mae_single
5.314294753615973	5.348037659478191
