mae_mean	mae_single
4.6461830407567435	4.6077152295814585
