mae_mean	mae_single
5.604167240758741	5.634235778220409
