mae_mean	mae_single
5.696117594696493	5.524793830494155
