mae_mean	mae_single
6.266020473629039	6.2454068109989125
