mae_mean	mae_single
5.186777830249711	5.161359482565277
