mae_mean	mae_single
6.030123906154447	5.988547318820039
