mae_mean	mae_single
5.305886791092194	5.320652296695612
