mae_mean	mae_single
5.328014016650059	5.354791955497581
