mae_mean	mae_single
5.698658795858362	5.643552058472322
