mae_mean	mae_single
5.069664937179951	5.3154341624028
