mae_mean	mae_single
5.067078676412163	5.0737445506294865
