mae_mean	mae_single
4.780322496952692	4.918632944559734
