mae_mean	mae_single
5.210327180303403	5.1386931092924035
