mae_mean	mae_single
6.00227389282403	6.00159622278422
