mae_mean	mae_single
5.444738690636078	5.443719014708929
