mae_mean	mae_single
5.638162313449585	5.503503953495899
