mae_mean	mae_single
5.068601291002715	4.997219282296544
