mae_mean	mae_single
5.320394871673878	5.29428921589687
