mae_mean	mae_single
5.766806540760697	5.766512213654053
