mae_mean	mae_single
4.776429351998965	4.776429351998965
