mae_mean	mae_single
4.683834845565031	4.66792940910195
