mae_mean	mae_single
5.521523121910939	5.517647188886683
