mae_mean	mae_single
5.4277082510112855	5.512645236668991
