mae_mean	mae_single
5.531807698439745	5.539807200407748
