mae_mean	mae_single
5.302364132688616	5.3619303547524275
