mae_mean	mae_single
5.457153068629194	5.398976894541895
