mae_mean	mae_single
4.9854725958534	5.007462801347905
