mae_mean	mae_single
5.966873274133727	5.75640585425691
