mae_mean	mae_single
5.345205000931433	5.397930349043509
