mae_mean	mae_single
4.893721047006923	4.8482874238564095
