mae_mean	mae_single
6.317321487883394	6.500046721478062
