mae_mean	mae_single
5.901683153955159	5.915603160620648
