mae_mean	mae_single
5.31387597294532	5.31387597294532
