mae_mean	mae_single
5.5578951317203185	5.49101275784125
