mae_mean	mae_single
4.730024488002955	4.724160715513969
