mae_mean	mae_single
5.058869386705567	5.062996524900402
