mae_mean	mae_single
4.962325013833872	5.009185259564439
