mae_mean	mae_single
4.831101533104296	5.054654586495219
