mae_mean	mae_single
5.495572476169406	5.405210272557531
