mae_mean	mae_single
4.6189462907411905	4.640839662090722
