mae_mean	mae_single
4.539778286720983	4.521918793136177
