mae_mean	mae_single
4.695318753662814	4.662384390337355
