mae_mean	mae_single
5.412776683846059	5.294582598355227
