mae_mean	mae_single
5.238090180608163	5.162748523676529
