mae_mean	mae_single
5.0284480096821165	5.0741577695919915
