mae_mean	mae_single
5.776752156050626	5.866882550471782
