mae_mean	mae_single
5.891573248403692	5.964288013292393
