mae_mean	mae_single
4.292864810731784	4.347743945089521
