mae_mean	mae_single
5.1587201990101414	5.166847417141326
