mae_mean	mae_single
4.995668869836831	5.003323676013094
