mae_mean	mae_single
4.675512103404784	4.7485784145850936
