mae_mean	mae_single
5.019584123431543	5.047602509115956
