mae_mean	mae_single
5.099149513969336	5.09755659460592
