mae_mean	mae_single
5.57607755740782	5.602071042984734
