mae_mean	mae_single
5.634631738063183	5.659853588392873
