mae_mean	mae_single
5.197158984783679	5.011291791415712
