mae_mean	mae_single
5.387023797904078	5.266236174105841
