mae_mean	mae_single
5.169747084154943	5.142237497230329
