mae_mean	mae_single
5.5655981421596845	5.657581611619592
