mae_mean	mae_single
5.841301188776631	5.949209197529784
