mae_mean	mae_single
5.416868461089445	5.398265152553193
