mae_mean	mae_single
5.56205904849465	5.606131593523872
