mae_mean	mae_single
5.226523329147234	5.024333943052303
