mae_mean	mae_single
5.519703696514197	5.409483121790597
