mae_mean	mae_single
4.862510973907049	4.841371611554419
