mae_mean	mae_single
4.958982423754757	4.9723973592312705
