mae_mean	mae_single
4.7451011040618765	4.7451011040618765
