mae_mean	mae_single
5.674319016400863	5.690724109201592
