mae_mean	mae_single
5.648059839171386	5.5796477849140595
