mae_mean	mae_single
5.51017143998519	5.411063496058898
