mae_mean	mae_single
5.5550147232965195	5.558038590544104
