mae_mean	mae_single
4.767790139889158	4.685601038649057
