mae_mean	mae_single
4.465611150698801	4.430609698056276
