mae_mean	mae_single
5.627385544140262	5.619660259735588
