mae_mean	mae_single
5.863465998373332	6.033259241949173
