mae_mean	mae_single
4.962886167183864	4.951600460911616
