mae_mean	mae_single
5.853815298034061	5.908468331215675
