mae_mean	mae_single
5.664029406468689	5.773474005297894
