mae_mean	mae_single
5.057771794486519	5.10912559434629
