mae_mean	mae_single
4.951784486185071	5.056742560659801
