mae_mean	mae_single
5.649005706203609	5.639815968386011
