mae_mean	mae_single
5.397167832386492	5.355321270861221
