mae_mean	mae_single
5.0919749145802236	5.328163807304137
