mae_mean	mae_single
5.557606691723932	5.6083261882629944
