mae_mean	mae_single
5.214875266018576	5.216121603172542
