mae_mean	mae_single
5.491196709109212	5.51271233717281
