mae_mean	mae_single
5.553783119384709	5.599263431935455
