mae_mean	mae_single
5.818080409994551	5.826652940368355
