mae_mean	mae_single
4.800460889304534	5.047166711952735
