mae_mean	mae_single
5.083619916148138	5.102452348762595
