mae_mean	mae_single
5.706150167818656	5.705954897785879
