mae_mean	mae_single
5.413358446878851	5.350428992469309
