mae_mean	mae_single
5.544706733194843	5.543808256790357
