mae_mean	mae_single
4.539582050244859	4.539582050244859
