mae_mean	mae_single
4.699725846494034	4.670681274448203
