mae_mean	mae_single
5.763108471210418	5.8045832512430895
