mae_mean	mae_single
4.676877416146094	4.745635447139418
