mae_mean	mae_single
5.98915196170947	5.78580609523058
