mae_mean	mae_single
4.842377449957641	4.800449657799679
