mae_mean	mae_single
5.848904926112189	5.926893983368706
