mae_mean	mae_single
5.472730362593446	5.481648486806058
