mae_mean	mae_single
5.611483575070568	5.660911195425098
