mae_mean	mae_single
5.6269496830576875	6.105408641624765
