mae_mean	mae_single
6.121174150061658	6.135792936654167
