mae_mean	mae_single
4.850028150574985	4.782365260766877
