mae_mean	mae_single
5.9732228833186065	5.992948111592794
