mae_mean	mae_single
4.341173007621833	4.620322443389148
