mae_mean	mae_single
4.576772321783587	4.559554754452554
