mae_mean	mae_single
5.946147263521178	6.3059365056237775
