mae_mean	mae_single
4.47587410025653	4.4218487679975205
