mae_mean	mae_single
5.76150913244206	5.661856900211471
