mae_mean	mae_single
4.642403100016838	4.835648844433602
