mae_mean	mae_single
5.239885717916948	5.361899641924268
