mae_mean	mae_single
5.64476563779774	5.565243032761419
