mae_mean	mae_single
5.143894225861127	5.1680209523678835
