mae_mean	mae_single
5.198435625025474	5.360487798868957
