mae_mean	mae_single
5.574065779829809	5.573756597526718
