mae_mean	mae_single
5.590405256810242	5.618468388483454
