mae_mean	mae_single
5.365191564487502	5.294583414157576
